record_id,wall_r_value_level,wall_r_value,roof_r_value_level,roof_r_value,hvac_heating_cop_level,hvac_heating_cop,hvac_cooling_cop_level,hvac_cooling_cop,hvac_note_level,insulation_note_level,inspection_note,text_hvac_raw,text_insulation_raw,structured_hvac_raw,structured_insulation_raw,text_hvac_z,text_insulation_z,structured_hvac_z,structured_insulation_z,kappa_hvac,kappa_insulation,kappa
shc_0001,1,4.0,1,10.0,1,0.7,1,1.0,1,1,"Attic insulation is minimal, with exposed joists visible throughout, causing significant heat loss. The home has an aging central HVAC system showing substantial exterior corrosion and poor operating efficiency.",1.0,1.0,5.0,5.0,2.1974820554961125,1.8799580525781756,2.0,2.0,2.0987410277480563,1.939979026289088,2.019360027018572
shc_0002,1,4.0,1,10.0,1,0.7,2,2.0,2,1,"Attic insulation is minimal, with exposed joists visible throughout, causing significant heat loss. The HVAC system appears to be in working condition but is an older standard-efficiency model.",0.5,1.0,4.5,5.0,0.5246120376093033,1.8799580525781756,1.5,2.0,1.0123060188046518,1.939979026289088,1.4761425225468696
shc_0003,1,4.0,1,10.0,1,0.7,3,3.0,2,1,"Attic insulation is minimal, with exposed joists visible throughout, causing significant heat loss. The HVAC system appears to be in working condition but is an older standard-efficiency model.",0.5,1.0,4.0,5.0,0.5246120376093033,1.8799580525781756,1.0,2.0,0.7623060188046517,1.939979026289088,1.3511425225468696
shc_0004,1,4.0,1,10.0,1,0.7,4,3.5,3,1,"Attic insulation is minimal, with exposed joists visible throughout, causing significant heat loss. The home has a functioning central HVAC system of moderate age and efficiency, with no major defects observed but no recent high-efficiency upgrades.",0.5,1.0,3.5,5.0,0.5246120376093033,1.8799580525781756,0.5,2.0,0.5123060188046517,1.939979026289088,1.2261425225468696
shc_0005,1,4.0,1,10.0,1,0.7,5,4.0,3,1,"Attic insulation is minimal, with exposed joists visible throughout, causing significant heat loss. The home has a functioning central HVAC system of moderate age and efficiency, with no major defects observed but no recent high-efficiency upgrades.",0.5,1.0,3.0,5.0,0.5246120376093033,1.8799580525781756,0.0,2.0,0.26230601880465165,1.939979026289088,1.1011425225468696
shc_0006,1,4.0,1,10.0,2,0.8,1,1.0,2,1,"Attic insulation is minimal, with exposed joists visible throughout, causing significant heat loss. The HVAC system appears to be in working condition but is an older standard-efficiency model.",0.5,1.0,4.5,5.0,0.5246120376093033,1.8799580525781756,1.5,2.0,1.0123060188046518,1.939979026289088,1.4761425225468696
shc_0007,1,4.0,1,10.0,2,0.8,2,2.0,2,1,"Attic insulation is minimal, with exposed joists visible throughout, causing significant heat loss. The HVAC system appears to be in working condition but is an older standard-efficiency model.",0.5,1.0,4.0,5.0,0.5246120376093033,1.8799580525781756,1.0,2.0,0.7623060188046517,1.939979026289088,1.3511425225468696
shc_0008,1,4.0,1,10.0,2,0.8,3,3.0,3,1,"Attic insulation is minimal, with exposed joists visible throughout, causing significant heat loss. The home has a functioning central HVAC system of moderate age and efficiency, with no major defects observed but no recent high-efficiency upgrades.",0.5,1.0,3.5,5.0,0.5246120376093033,1.8799580525781756,0.5,2.0,0.5123060188046517,1.939979026289088,1.2261425225468696
shc_0009,1,4.0,1,10.0,2,0.8,4,3.5,3,1,"Attic insulation is minimal, with exposed joists visible throughout, causing significant heat loss. The home has a functioning central HVAC system of moderate age and efficiency, with no major defects observed but no recent high-efficiency upgrades.",0.5,1.0,3.0,5.0,0.5246120376093033,1.8799580525781756,0.0,2.0,0.26230601880465165,1.939979026289088,1.1011425225468696
shc_0010,1,4.0,1,10.0,2,0.8,5,4.0,4,1,"Attic insulation is minimal, with exposed joists visible throughout, causing significant heat loss. The HVAC system was recently replaced with a standard high-efficiency model and is expected to operate efficiently.",0.0,1.0,2.5,5.0,-1.1482579802775057,1.8799580525781756,-0.5,2.0,-0.8241289901387528,1.939979026289088,0.5579250180751675
shc_0011,1,4.0,1,10.0,3,0.9,1,1.0,2,1,"Attic insulation is minimal, with exposed joists visible throughout, causing significant heat loss. The HVAC system appears to be in working condition but is an older standard-efficiency model.",0.5,1.0,4.0,5.0,0.5246120376093033,1.8799580525781756,1.0,2.0,0.7623060188046517,1.939979026289088,1.3511425225468696
shc_0012,1,4.0,1,10.0,3,0.9,2,2.0,3,1,"Attic insulation is minimal, with exposed joists visible throughout, causing significant heat loss. The home has a functioning central HVAC system of moderate age and efficiency, with no major defects observed but no recent high-efficiency upgrades.",0.5,1.0,3.5,5.0,0.5246120376093033,1.8799580525781756,0.5,2.0,0.5123060188046517,1.939979026289088,1.2261425225468696
shc_0013,1,4.0,1,10.0,3,0.9,3,3.0,3,1,"Attic insulation is minimal, with exposed joists visible throughout, causing significant heat loss. The home has a functioning central HVAC system of moderate age and efficiency, with no major defects observed but no recent high-efficiency upgrades.",0.5,1.0,3.0,5.0,0.5246120376093033,1.8799580525781756,0.0,2.0,0.26230601880465165,1.939979026289088,1.1011425225468696
shc_0014,1,4.0,1,10.0,3,0.9,4,3.5,4,1,"Attic insulation is minimal, with exposed joists visible throughout, causing significant heat loss. The HVAC system was recently replaced with a standard high-efficiency model and is expected to operate efficiently.",0.0,1.0,2.5,5.0,-1.1482579802775057,1.8799580525781756,-0.5,2.0,-0.8241289901387528,1.939979026289088,0.5579250180751675
shc_0015,1,4.0,1,10.0,3,0.9,5,4.0,4,1,"Attic insulation is minimal, with exposed joists visible throughout, causing significant heat loss. The HVAC system was recently replaced with a standard high-efficiency model and is expected to operate efficiently.",0.0,1.0,2.0,5.0,-1.1482579802775057,1.8799580525781756,-1.0,2.0,-1.0741289901387527,1.939979026289088,0.4329250180751675
shc_0016,1,4.0,1,10.0,4,0.95,1,1.0,3,1,"Attic insulation is minimal, with exposed joists visible throughout, causing significant heat loss. The home has a functioning central HVAC system of moderate age and efficiency, with no major defects observed but no recent high-efficiency upgrades.",0.5,1.0,3.5,5.0,0.5246120376093033,1.8799580525781756,0.5,2.0,0.5123060188046517,1.939979026289088,1.2261425225468696
shc_0017,1,4.0,1,10.0,4,0.95,2,2.0,3,1,"Attic insulation is minimal, with exposed joists visible throughout, causing significant heat loss. The home has a functioning central HVAC system of moderate age and efficiency, with no major defects observed but no recent high-efficiency upgrades.",0.5,1.0,3.0,5.0,0.5246120376093033,1.8799580525781756,0.0,2.0,0.26230601880465165,1.939979026289088,1.1011425225468696
shc_0018,1,4.0,1,10.0,4,0.95,3,3.0,4,1,"Attic insulation is minimal, with exposed joists visible throughout, causing significant heat loss. The HVAC system was recently replaced with a standard high-efficiency model and is expected to operate efficiently.",0.0,1.0,2.5,5.0,-1.1482579802775057,1.8799580525781756,-0.5,2.0,-0.8241289901387528,1.939979026289088,0.5579250180751675
shc_0019,1,4.0,1,10.0,4,0.95,4,3.5,4,1,"Attic insulation is minimal, with exposed joists visible throughout, causing significant heat loss. The HVAC system was recently replaced with a standard high-efficiency model and is expected to operate efficiently.",0.0,1.0,2.0,5.0,-1.1482579802775057,1.8799580525781756,-1.0,2.0,-1.0741289901387527,1.939979026289088,0.4329250180751675
shc_0020,1,4.0,1,10.0,4,0.95,5,4.0,5,1,"Attic insulation is minimal, with exposed joists visible throughout, causing significant heat loss. A state-of-the-art HVAC system with smart thermostats and variable-speed compressors was recently installed, maximizing energy efficiency.",0.0,1.0,1.5,5.0,-1.1482579802775057,1.8799580525781756,-1.5,2.0,-1.3241289901387527,1.939979026289088,0.3079250180751675
shc_0021,1,4.0,1,10.0,5,1.0,1,1.0,3,1,"Attic insulation is minimal, with exposed joists visible throughout, causing significant heat loss. The home has a functioning central HVAC system of moderate age and efficiency, with no major defects observed but no recent high-efficiency upgrades.",0.5,1.0,3.0,5.0,0.5246120376093033,1.8799580525781756,0.0,2.0,0.26230601880465165,1.939979026289088,1.1011425225468696
shc_0022,1,4.0,1,10.0,5,1.0,2,2.0,4,1,"Attic insulation is minimal, with exposed joists visible throughout, causing significant heat loss. The HVAC system was recently replaced with a standard high-efficiency model and is expected to operate efficiently.",0.0,1.0,2.5,5.0,-1.1482579802775057,1.8799580525781756,-0.5,2.0,-0.8241289901387528,1.939979026289088,0.5579250180751675
shc_0023,1,4.0,1,10.0,5,1.0,3,3.0,4,1,"Attic insulation is minimal, with exposed joists visible throughout, causing significant heat loss. The HVAC system was recently replaced with a standard high-efficiency model and is expected to operate efficiently.",0.0,1.0,2.0,5.0,-1.1482579802775057,1.8799580525781756,-1.0,2.0,-1.0741289901387527,1.939979026289088,0.4329250180751675
shc_0024,1,4.0,1,10.0,5,1.0,4,3.5,5,1,"Attic insulation is minimal, with exposed joists visible throughout, causing significant heat loss. A state-of-the-art HVAC system with smart thermostats and variable-speed compressors was recently installed, maximizing energy efficiency.",0.0,1.0,1.5,5.0,-1.1482579802775057,1.8799580525781756,-1.5,2.0,-1.3241289901387527,1.939979026289088,0.3079250180751675
shc_0025,1,4.0,1,10.0,5,1.0,5,4.0,5,1,"Attic insulation is minimal, with exposed joists visible throughout, causing significant heat loss. A state-of-the-art HVAC system with smart thermostats and variable-speed compressors was recently installed, maximizing energy efficiency.",0.0,1.0,1.0,5.0,-1.1482579802775057,1.8799580525781756,-2.0,2.0,-1.5741289901387527,1.939979026289088,0.18292501807516748
shc_0026,1,4.0,2,20.0,1,0.7,1,1.0,1,2,"No signs of added insulation were observed in the basement ceiling, suggesting potential energy inefficiency. The home has an aging central HVAC system showing substantial exterior corrosion and poor operating efficiency.",1.0,0.7,5.0,4.5,2.1974820554961125,0.9985073527572006,2.0,1.5,2.0987410277480563,1.2492536763786002,1.6739973520633282
shc_0027,1,4.0,2,20.0,1,0.7,2,2.0,2,2,"No signs of added insulation were observed in the basement ceiling, suggesting potential energy inefficiency. The HVAC system appears to be in working condition but is an older standard-efficiency model.",0.5,0.7,4.5,4.5,0.5246120376093033,0.9985073527572006,1.5,1.5,1.0123060188046518,1.2492536763786002,1.130779847591626
shc_0028,1,4.0,2,20.0,1,0.7,3,3.0,2,2,"No signs of added insulation were observed in the basement ceiling, suggesting potential energy inefficiency. The HVAC system appears to be in working condition but is an older standard-efficiency model.",0.5,0.7,4.0,4.5,0.5246120376093033,0.9985073527572006,1.0,1.5,0.7623060188046517,1.2492536763786002,1.005779847591626
shc_0029,1,4.0,2,20.0,1,0.7,4,3.5,3,2,"No signs of added insulation were observed in the basement ceiling, suggesting potential energy inefficiency. The home has a functioning central HVAC system of moderate age and efficiency, with no major defects observed but no recent high-efficiency upgrades.",0.5,1.0,3.5,4.5,0.5246120376093033,1.8799580525781756,0.5,1.5,0.5123060188046517,1.689979026289088,1.1011425225468696
shc_0030,1,4.0,2,20.0,1,0.7,5,4.0,3,2,"No signs of added insulation were observed in the basement ceiling, suggesting potential energy inefficiency. The home has a functioning central HVAC system of moderate age and efficiency, with no major defects observed but no recent high-efficiency upgrades.",0.5,1.0,3.0,4.5,0.5246120376093033,1.8799580525781756,0.0,1.5,0.26230601880465165,1.689979026289088,0.9761425225468697
shc_0031,1,4.0,2,20.0,2,0.8,1,1.0,2,2,"No signs of added insulation were observed in the basement ceiling, suggesting potential energy inefficiency. The HVAC system appears to be in working condition but is an older standard-efficiency model.",0.5,0.7,4.5,4.5,0.5246120376093033,0.9985073527572006,1.5,1.5,1.0123060188046518,1.2492536763786002,1.130779847591626
shc_0032,1,4.0,2,20.0,2,0.8,2,2.0,2,2,"No signs of added insulation were observed in the basement ceiling, suggesting potential energy inefficiency. The HVAC system appears to be in working condition but is an older standard-efficiency model.",0.5,0.7,4.0,4.5,0.5246120376093033,0.9985073527572006,1.0,1.5,0.7623060188046517,1.2492536763786002,1.005779847591626
shc_0033,1,4.0,2,20.0,2,0.8,3,3.0,3,2,"No signs of added insulation were observed in the basement ceiling, suggesting potential energy inefficiency. The home has a functioning central HVAC system of moderate age and efficiency, with no major defects observed but no recent high-efficiency upgrades.",0.5,1.0,3.5,4.5,0.5246120376093033,1.8799580525781756,0.5,1.5,0.5123060188046517,1.689979026289088,1.1011425225468696
shc_0034,1,4.0,2,20.0,2,0.8,4,3.5,3,2,"No signs of added insulation were observed in the basement ceiling, suggesting potential energy inefficiency. The home has a functioning central HVAC system of moderate age and efficiency, with no major defects observed but no recent high-efficiency upgrades.",0.5,1.0,3.0,4.5,0.5246120376093033,1.8799580525781756,0.0,1.5,0.26230601880465165,1.689979026289088,0.9761425225468697
shc_0035,1,4.0,2,20.0,2,0.8,5,4.0,4,2,"No signs of added insulation were observed in the basement ceiling, suggesting potential energy inefficiency. The HVAC system was recently replaced with a standard high-efficiency model and is expected to operate efficiently.",0.0,1.0,2.5,4.5,-1.1482579802775057,1.8799580525781756,-0.5,1.5,-0.8241289901387528,1.689979026289088,0.4329250180751675
shc_0036,1,4.0,2,20.0,3,0.9,1,1.0,2,2,"No signs of added insulation were observed in the basement ceiling, suggesting potential energy inefficiency. The HVAC system appears to be in working condition but is an older standard-efficiency model.",0.5,0.7,4.0,4.5,0.5246120376093033,0.9985073527572006,1.0,1.5,0.7623060188046517,1.2492536763786002,1.005779847591626
shc_0037,1,4.0,2,20.0,3,0.9,2,2.0,3,2,"No signs of added insulation were observed in the basement ceiling, suggesting potential energy inefficiency. The home has a functioning central HVAC system of moderate age and efficiency, with no major defects observed but no recent high-efficiency upgrades.",0.5,1.0,3.5,4.5,0.5246120376093033,1.8799580525781756,0.5,1.5,0.5123060188046517,1.689979026289088,1.1011425225468696
shc_0038,1,4.0,2,20.0,3,0.9,3,3.0,3,2,"No signs of added insulation were observed in the basement ceiling, suggesting potential energy inefficiency. The home has a functioning central HVAC system of moderate age and efficiency, with no major defects observed but no recent high-efficiency upgrades.",0.5,1.0,3.0,4.5,0.5246120376093033,1.8799580525781756,0.0,1.5,0.26230601880465165,1.689979026289088,0.9761425225468697
shc_0039,1,4.0,2,20.0,3,0.9,4,3.5,4,2,"No signs of added insulation were observed in the basement ceiling, suggesting potential energy inefficiency. The HVAC system was recently replaced with a standard high-efficiency model and is expected to operate efficiently.",0.0,1.0,2.5,4.5,-1.1482579802775057,1.8799580525781756,-0.5,1.5,-0.8241289901387528,1.689979026289088,0.4329250180751675
shc_0040,1,4.0,2,20.0,3,0.9,5,4.0,4,2,"No signs of added insulation were observed in the basement ceiling, suggesting potential energy inefficiency. The HVAC system was recently replaced with a standard high-efficiency model and is expected to operate efficiently.",0.0,1.0,2.0,4.5,-1.1482579802775057,1.8799580525781756,-1.0,1.5,-1.0741289901387527,1.689979026289088,0.3079250180751675
shc_0041,1,4.0,2,20.0,4,0.95,1,1.0,3,2,"No signs of added insulation were observed in the basement ceiling, suggesting potential energy inefficiency. The home has a functioning central HVAC system of moderate age and efficiency, with no major defects observed but no recent high-efficiency upgrades.",0.5,1.0,3.5,4.5,0.5246120376093033,1.8799580525781756,0.5,1.5,0.5123060188046517,1.689979026289088,1.1011425225468696
shc_0042,1,4.0,2,20.0,4,0.95,2,2.0,3,2,"No signs of added insulation were observed in the basement ceiling, suggesting potential energy inefficiency. The home has a functioning central HVAC system of moderate age and efficiency, with no major defects observed but no recent high-efficiency upgrades.",0.5,1.0,3.0,4.5,0.5246120376093033,1.8799580525781756,0.0,1.5,0.26230601880465165,1.689979026289088,0.9761425225468697
shc_0043,1,4.0,2,20.0,4,0.95,3,3.0,4,2,"No signs of added insulation were observed in the basement ceiling, suggesting potential energy inefficiency. The HVAC system was recently replaced with a standard high-efficiency model and is expected to operate efficiently.",0.0,1.0,2.5,4.5,-1.1482579802775057,1.8799580525781756,-0.5,1.5,-0.8241289901387528,1.689979026289088,0.4329250180751675
shc_0044,1,4.0,2,20.0,4,0.95,4,3.5,4,2,"No signs of added insulation were observed in the basement ceiling, suggesting potential energy inefficiency. The HVAC system was recently replaced with a standard high-efficiency model and is expected to operate efficiently.",0.0,1.0,2.0,4.5,-1.1482579802775057,1.8799580525781756,-1.0,1.5,-1.0741289901387527,1.689979026289088,0.3079250180751675
shc_0045,1,4.0,2,20.0,4,0.95,5,4.0,5,2,"No signs of added insulation were observed in the basement ceiling, suggesting potential energy inefficiency. A state-of-the-art HVAC system with smart thermostats and variable-speed compressors was recently installed, maximizing energy efficiency.",0.0,0.8,1.5,4.5,-1.1482579802775057,1.2923242526975258,-1.5,1.5,-1.3241289901387527,1.396162126348763,0.03601656810500503
shc_0046,1,4.0,2,20.0,5,1.0,1,1.0,3,2,"No signs of added insulation were observed in the basement ceiling, suggesting potential energy inefficiency. The home has a functioning central HVAC system of moderate age and efficiency, with no major defects observed but no recent high-efficiency upgrades.",0.5,1.0,3.0,4.5,0.5246120376093033,1.8799580525781756,0.0,1.5,0.26230601880465165,1.689979026289088,0.9761425225468697
shc_0047,1,4.0,2,20.0,5,1.0,2,2.0,4,2,"No signs of added insulation were observed in the basement ceiling, suggesting potential energy inefficiency. The HVAC system was recently replaced with a standard high-efficiency model and is expected to operate efficiently.",0.0,1.0,2.5,4.5,-1.1482579802775057,1.8799580525781756,-0.5,1.5,-0.8241289901387528,1.689979026289088,0.4329250180751675
shc_0048,1,4.0,2,20.0,5,1.0,3,3.0,4,2,"No signs of added insulation were observed in the basement ceiling, suggesting potential energy inefficiency. The HVAC system was recently replaced with a standard high-efficiency model and is expected to operate efficiently.",0.0,1.0,2.0,4.5,-1.1482579802775057,1.8799580525781756,-1.0,1.5,-1.0741289901387527,1.689979026289088,0.3079250180751675
shc_0049,1,4.0,2,20.0,5,1.0,4,3.5,5,2,"No signs of added insulation were observed in the basement ceiling, suggesting potential energy inefficiency. A state-of-the-art HVAC system with smart thermostats and variable-speed compressors was recently installed, maximizing energy efficiency.",0.0,0.8,1.5,4.5,-1.1482579802775057,1.2923242526975258,-1.5,1.5,-1.3241289901387527,1.396162126348763,0.03601656810500503
shc_0050,1,4.0,2,20.0,5,1.0,5,4.0,5,2,"No signs of added insulation were observed in the basement ceiling, suggesting potential energy inefficiency. A state-of-the-art HVAC system with smart thermostats and variable-speed compressors was recently installed, maximizing energy efficiency.",0.0,0.8,1.0,4.5,-1.1482579802775057,1.2923242526975258,-2.0,1.5,-1.5741289901387527,1.396162126348763,-0.08898343189499497
shc_0051,1,4.0,3,30.0,1,0.7,1,1.0,1,2,"No signs of added insulation were observed in the basement ceiling, suggesting potential energy inefficiency. The home has an aging central HVAC system showing substantial exterior corrosion and poor operating efficiency.",1.0,0.7,5.0,4.0,2.1974820554961125,0.9985073527572006,2.0,1.0,2.0987410277480563,0.9992536763786003,1.5489973520633282
shc_0052,1,4.0,3,30.0,1,0.7,2,2.0,2,2,"No signs of added insulation were observed in the basement ceiling, suggesting potential energy inefficiency. The HVAC system appears to be in working condition but is an older standard-efficiency model.",0.5,0.7,4.5,4.0,0.5246120376093033,0.9985073527572006,1.5,1.0,1.0123060188046518,0.9992536763786003,1.005779847591626
shc_0053,1,4.0,3,30.0,1,0.7,3,3.0,2,2,"No signs of added insulation were observed in the basement ceiling, suggesting potential energy inefficiency. The HVAC system appears to be in working condition but is an older standard-efficiency model.",0.5,0.7,4.0,4.0,0.5246120376093033,0.9985073527572006,1.0,1.0,0.7623060188046517,0.9992536763786003,0.880779847591626
shc_0054,1,4.0,3,30.0,1,0.7,4,3.5,3,2,"No signs of added insulation were observed in the basement ceiling, suggesting potential energy inefficiency. The home has a functioning central HVAC system of moderate age and efficiency, with no major defects observed but no recent high-efficiency upgrades.",0.5,1.0,3.5,4.0,0.5246120376093033,1.8799580525781756,0.5,1.0,0.5123060188046517,1.439979026289088,0.9761425225468697
shc_0055,1,4.0,3,30.0,1,0.7,5,4.0,3,2,"No signs of added insulation were observed in the basement ceiling, suggesting potential energy inefficiency. The home has a functioning central HVAC system of moderate age and efficiency, with no major defects observed but no recent high-efficiency upgrades.",0.5,1.0,3.0,4.0,0.5246120376093033,1.8799580525781756,0.0,1.0,0.26230601880465165,1.439979026289088,0.8511425225468697
shc_0056,1,4.0,3,30.0,2,0.8,1,1.0,2,2,"No signs of added insulation were observed in the basement ceiling, suggesting potential energy inefficiency. The HVAC system appears to be in working condition but is an older standard-efficiency model.",0.5,0.7,4.5,4.0,0.5246120376093033,0.9985073527572006,1.5,1.0,1.0123060188046518,0.9992536763786003,1.005779847591626
shc_0057,1,4.0,3,30.0,2,0.8,2,2.0,2,2,"No signs of added insulation were observed in the basement ceiling, suggesting potential energy inefficiency. The HVAC system appears to be in working condition but is an older standard-efficiency model.",0.5,0.7,4.0,4.0,0.5246120376093033,0.9985073527572006,1.0,1.0,0.7623060188046517,0.9992536763786003,0.880779847591626
shc_0058,1,4.0,3,30.0,2,0.8,3,3.0,3,2,"No signs of added insulation were observed in the basement ceiling, suggesting potential energy inefficiency. The home has a functioning central HVAC system of moderate age and efficiency, with no major defects observed but no recent high-efficiency upgrades.",0.5,1.0,3.5,4.0,0.5246120376093033,1.8799580525781756,0.5,1.0,0.5123060188046517,1.439979026289088,0.9761425225468697
shc_0059,1,4.0,3,30.0,2,0.8,4,3.5,3,2,"No signs of added insulation were observed in the basement ceiling, suggesting potential energy inefficiency. The home has a functioning central HVAC system of moderate age and efficiency, with no major defects observed but no recent high-efficiency upgrades.",0.5,1.0,3.0,4.0,0.5246120376093033,1.8799580525781756,0.0,1.0,0.26230601880465165,1.439979026289088,0.8511425225468697
shc_0060,1,4.0,3,30.0,2,0.8,5,4.0,4,2,"No signs of added insulation were observed in the basement ceiling, suggesting potential energy inefficiency. The HVAC system was recently replaced with a standard high-efficiency model and is expected to operate efficiently.",0.0,1.0,2.5,4.0,-1.1482579802775057,1.8799580525781756,-0.5,1.0,-0.8241289901387528,1.439979026289088,0.3079250180751675
shc_0061,1,4.0,3,30.0,3,0.9,1,1.0,2,2,"No signs of added insulation were observed in the basement ceiling, suggesting potential energy inefficiency. The HVAC system appears to be in working condition but is an older standard-efficiency model.",0.5,0.7,4.0,4.0,0.5246120376093033,0.9985073527572006,1.0,1.0,0.7623060188046517,0.9992536763786003,0.880779847591626
shc_0062,1,4.0,3,30.0,3,0.9,2,2.0,3,2,"No signs of added insulation were observed in the basement ceiling, suggesting potential energy inefficiency. The home has a functioning central HVAC system of moderate age and efficiency, with no major defects observed but no recent high-efficiency upgrades.",0.5,1.0,3.5,4.0,0.5246120376093033,1.8799580525781756,0.5,1.0,0.5123060188046517,1.439979026289088,0.9761425225468697
shc_0063,1,4.0,3,30.0,3,0.9,3,3.0,3,2,"No signs of added insulation were observed in the basement ceiling, suggesting potential energy inefficiency. The home has a functioning central HVAC system of moderate age and efficiency, with no major defects observed but no recent high-efficiency upgrades.",0.5,1.0,3.0,4.0,0.5246120376093033,1.8799580525781756,0.0,1.0,0.26230601880465165,1.439979026289088,0.8511425225468697
shc_0064,1,4.0,3,30.0,3,0.9,4,3.5,4,2,"No signs of added insulation were observed in the basement ceiling, suggesting potential energy inefficiency. The HVAC system was recently replaced with a standard high-efficiency model and is expected to operate efficiently.",0.0,1.0,2.5,4.0,-1.1482579802775057,1.8799580525781756,-0.5,1.0,-0.8241289901387528,1.439979026289088,0.3079250180751675
shc_0065,1,4.0,3,30.0,3,0.9,5,4.0,4,2,"No signs of added insulation were observed in the basement ceiling, suggesting potential energy inefficiency. The HVAC system was recently replaced with a standard high-efficiency model and is expected to operate efficiently.",0.0,1.0,2.0,4.0,-1.1482579802775057,1.8799580525781756,-1.0,1.0,-1.0741289901387527,1.439979026289088,0.18292501807516748
shc_0066,1,4.0,3,30.0,4,0.95,1,1.0,3,2,"No signs of added insulation were observed in the basement ceiling, suggesting potential energy inefficiency. The home has a functioning central HVAC system of moderate age and efficiency, with no major defects observed but no recent high-efficiency upgrades.",0.5,1.0,3.5,4.0,0.5246120376093033,1.8799580525781756,0.5,1.0,0.5123060188046517,1.439979026289088,0.9761425225468697
shc_0067,1,4.0,3,30.0,4,0.95,2,2.0,3,2,"No signs of added insulation were observed in the basement ceiling, suggesting potential energy inefficiency. The home has a functioning central HVAC system of moderate age and efficiency, with no major defects observed but no recent high-efficiency upgrades.",0.5,1.0,3.0,4.0,0.5246120376093033,1.8799580525781756,0.0,1.0,0.26230601880465165,1.439979026289088,0.8511425225468697
shc_0068,1,4.0,3,30.0,4,0.95,3,3.0,4,2,"No signs of added insulation were observed in the basement ceiling, suggesting potential energy inefficiency. The HVAC system was recently replaced with a standard high-efficiency model and is expected to operate efficiently.",0.0,1.0,2.5,4.0,-1.1482579802775057,1.8799580525781756,-0.5,1.0,-0.8241289901387528,1.439979026289088,0.3079250180751675
shc_0069,1,4.0,3,30.0,4,0.95,4,3.5,4,2,"No signs of added insulation were observed in the basement ceiling, suggesting potential energy inefficiency. The HVAC system was recently replaced with a standard high-efficiency model and is expected to operate efficiently.",0.0,1.0,2.0,4.0,-1.1482579802775057,1.8799580525781756,-1.0,1.0,-1.0741289901387527,1.439979026289088,0.18292501807516748
shc_0070,1,4.0,3,30.0,4,0.95,5,4.0,5,2,"No signs of added insulation were observed in the basement ceiling, suggesting potential energy inefficiency. A state-of-the-art HVAC system with smart thermostats and variable-speed compressors was recently installed, maximizing energy efficiency.",0.0,0.8,1.5,4.0,-1.1482579802775057,1.2923242526975258,-1.5,1.0,-1.3241289901387527,1.146162126348763,-0.08898343189499497
shc_0071,1,4.0,3,30.0,5,1.0,1,1.0,3,2,"No signs of added insulation were observed in the basement ceiling, suggesting potential energy inefficiency. The home has a functioning central HVAC system of moderate age and efficiency, with no major defects observed but no recent high-efficiency upgrades.",0.5,1.0,3.0,4.0,0.5246120376093033,1.8799580525781756,0.0,1.0,0.26230601880465165,1.439979026289088,0.8511425225468697
shc_0072,1,4.0,3,30.0,5,1.0,2,2.0,4,2,"No signs of added insulation were observed in the basement ceiling, suggesting potential energy inefficiency. The HVAC system was recently replaced with a standard high-efficiency model and is expected to operate efficiently.",0.0,1.0,2.5,4.0,-1.1482579802775057,1.8799580525781756,-0.5,1.0,-0.8241289901387528,1.439979026289088,0.3079250180751675
shc_0073,1,4.0,3,30.0,5,1.0,3,3.0,4,2,"No signs of added insulation were observed in the basement ceiling, suggesting potential energy inefficiency. The HVAC system was recently replaced with a standard high-efficiency model and is expected to operate efficiently.",0.0,1.0,2.0,4.0,-1.1482579802775057,1.8799580525781756,-1.0,1.0,-1.0741289901387527,1.439979026289088,0.18292501807516748
shc_0074,1,4.0,3,30.0,5,1.0,4,3.5,5,2,"No signs of added insulation were observed in the basement ceiling, suggesting potential energy inefficiency. A state-of-the-art HVAC system with smart thermostats and variable-speed compressors was recently installed, maximizing energy efficiency.",0.0,0.8,1.5,4.0,-1.1482579802775057,1.2923242526975258,-1.5,1.0,-1.3241289901387527,1.146162126348763,-0.08898343189499497
shc_0075,1,4.0,3,30.0,5,1.0,5,4.0,5,2,"No signs of added insulation were observed in the basement ceiling, suggesting potential energy inefficiency. A state-of-the-art HVAC system with smart thermostats and variable-speed compressors was recently installed, maximizing energy efficiency.",0.0,0.8,1.0,4.0,-1.1482579802775057,1.2923242526975258,-2.0,1.0,-1.5741289901387527,1.146162126348763,-0.21398343189499497
shc_0076,1,4.0,4,40.0,1,0.7,1,1.0,1,3,"Walls appear to be adequately insulated based on construction year, though no upgrades were observed. The home has an aging central HVAC system showing substantial exterior corrosion and poor operating efficiency.",1.0,0.3,5.0,3.5,2.1974820554961125,-0.17676024700409954,2.0,0.5,2.0987410277480563,0.16161987649795023,1.1301804521230032
shc_0077,1,4.0,4,40.0,1,0.7,2,2.0,2,3,"Walls appear to be adequately insulated based on construction year, though no upgrades were observed. The HVAC system appears to be in working condition but is an older standard-efficiency model.",0.6,0.3,4.5,3.5,0.859186041186665,-0.17676024700409954,1.5,0.5,1.1795930205933325,0.16161987649795023,0.6706064485456413
shc_0078,1,4.0,4,40.0,1,0.7,3,3.0,2,3,"Walls appear to be adequately insulated based on construction year, though no upgrades were observed. The HVAC system appears to be in working condition but is an older standard-efficiency model.",0.6,0.3,4.0,3.5,0.859186041186665,-0.17676024700409954,1.0,0.5,0.9295930205933325,0.16161987649795023,0.5456064485456413
shc_0079,1,4.0,4,40.0,1,0.7,4,3.5,3,3,"Walls appear to be adequately insulated based on construction year, though no upgrades were observed. The home has a functioning central HVAC system of moderate age and efficiency, with no major defects observed but no recent high-efficiency upgrades.",0.5,0.3,3.5,3.5,0.5246120376093033,-0.17676024700409954,0.5,0.5,0.5123060188046517,0.16161987649795023,0.33696294765130097
shc_0080,1,4.0,4,40.0,1,0.7,5,4.0,3,3,"Walls appear to be adequately insulated based on construction year, though no upgrades were observed. The home has a functioning central HVAC system of moderate age and efficiency, with no major defects observed but no recent high-efficiency upgrades.",0.5,0.3,3.0,3.5,0.5246120376093033,-0.17676024700409954,0.0,0.5,0.26230601880465165,0.16161987649795023,0.21196294765130094
shc_0081,1,4.0,4,40.0,2,0.8,1,1.0,2,3,"Walls appear to be adequately insulated based on construction year, though no upgrades were observed. The HVAC system appears to be in working condition but is an older standard-efficiency model.",0.6,0.3,4.5,3.5,0.859186041186665,-0.17676024700409954,1.5,0.5,1.1795930205933325,0.16161987649795023,0.6706064485456413
shc_0082,1,4.0,4,40.0,2,0.8,2,2.0,2,3,"Walls appear to be adequately insulated based on construction year, though no upgrades were observed. The HVAC system appears to be in working condition but is an older standard-efficiency model.",0.6,0.3,4.0,3.5,0.859186041186665,-0.17676024700409954,1.0,0.5,0.9295930205933325,0.16161987649795023,0.5456064485456413
shc_0083,1,4.0,4,40.0,2,0.8,3,3.0,3,3,"Walls appear to be adequately insulated based on construction year, though no upgrades were observed. The home has a functioning central HVAC system of moderate age and efficiency, with no major defects observed but no recent high-efficiency upgrades.",0.5,0.3,3.5,3.5,0.5246120376093033,-0.17676024700409954,0.5,0.5,0.5123060188046517,0.16161987649795023,0.33696294765130097
shc_0084,1,4.0,4,40.0,2,0.8,4,3.5,3,3,"Walls appear to be adequately insulated based on construction year, though no upgrades were observed. The home has a functioning central HVAC system of moderate age and efficiency, with no major defects observed but no recent high-efficiency upgrades.",0.5,0.3,3.0,3.5,0.5246120376093033,-0.17676024700409954,0.0,0.5,0.26230601880465165,0.16161987649795023,0.21196294765130094
shc_0085,1,4.0,4,40.0,2,0.8,5,4.0,4,3,"Walls appear to be adequately insulated based on construction year, though no upgrades were observed. The HVAC system was recently replaced with a standard high-efficiency model and is expected to operate efficiently.",0.0,0.3,2.5,3.5,-1.1482579802775057,-0.17676024700409954,-0.5,0.5,-0.8241289901387528,0.16161987649795023,-0.3312545568204013
shc_0086,1,4.0,4,40.0,3,0.9,1,1.0,2,3,"Walls appear to be adequately insulated based on construction year, though no upgrades were observed. The HVAC system appears to be in working condition but is an older standard-efficiency model.",0.6,0.3,4.0,3.5,0.859186041186665,-0.17676024700409954,1.0,0.5,0.9295930205933325,0.16161987649795023,0.5456064485456413
shc_0087,1,4.0,4,40.0,3,0.9,2,2.0,3,3,"Walls appear to be adequately insulated based on construction year, though no upgrades were observed. The home has a functioning central HVAC system of moderate age and efficiency, with no major defects observed but no recent high-efficiency upgrades.",0.5,0.3,3.5,3.5,0.5246120376093033,-0.17676024700409954,0.5,0.5,0.5123060188046517,0.16161987649795023,0.33696294765130097
shc_0088,1,4.0,4,40.0,3,0.9,3,3.0,3,3,"Walls appear to be adequately insulated based on construction year, though no upgrades were observed. The home has a functioning central HVAC system of moderate age and efficiency, with no major defects observed but no recent high-efficiency upgrades.",0.5,0.3,3.0,3.5,0.5246120376093033,-0.17676024700409954,0.0,0.5,0.26230601880465165,0.16161987649795023,0.21196294765130094
shc_0089,1,4.0,4,40.0,3,0.9,4,3.5,4,3,"Walls appear to be adequately insulated based on construction year, though no upgrades were observed. The HVAC system was recently replaced with a standard high-efficiency model and is expected to operate efficiently.",0.0,0.3,2.5,3.5,-1.1482579802775057,-0.17676024700409954,-0.5,0.5,-0.8241289901387528,0.16161987649795023,-0.3312545568204013
shc_0090,1,4.0,4,40.0,3,0.9,5,4.0,4,3,"Walls appear to be adequately insulated based on construction year, though no upgrades were observed. The HVAC system was recently replaced with a standard high-efficiency model and is expected to operate efficiently.",0.0,0.3,2.0,3.5,-1.1482579802775057,-0.17676024700409954,-1.0,0.5,-1.0741289901387527,0.16161987649795023,-0.4562545568204013
shc_0091,1,4.0,4,40.0,4,0.95,1,1.0,3,3,"Walls appear to be adequately insulated based on construction year, though no upgrades were observed. The home has a functioning central HVAC system of moderate age and efficiency, with no major defects observed but no recent high-efficiency upgrades.",0.5,0.3,3.5,3.5,0.5246120376093033,-0.17676024700409954,0.5,0.5,0.5123060188046517,0.16161987649795023,0.33696294765130097
shc_0092,1,4.0,4,40.0,4,0.95,2,2.0,3,3,"Walls appear to be adequately insulated based on construction year, though no upgrades were observed. The home has a functioning central HVAC system of moderate age and efficiency, with no major defects observed but no recent high-efficiency upgrades.",0.5,0.3,3.0,3.5,0.5246120376093033,-0.17676024700409954,0.0,0.5,0.26230601880465165,0.16161987649795023,0.21196294765130094
shc_0093,1,4.0,4,40.0,4,0.95,3,3.0,4,3,"Walls appear to be adequately insulated based on construction year, though no upgrades were observed. The HVAC system was recently replaced with a standard high-efficiency model and is expected to operate efficiently.",0.0,0.3,2.5,3.5,-1.1482579802775057,-0.17676024700409954,-0.5,0.5,-0.8241289901387528,0.16161987649795023,-0.3312545568204013
shc_0094,1,4.0,4,40.0,4,0.95,4,3.5,4,3,"Walls appear to be adequately insulated based on construction year, though no upgrades were observed. The HVAC system was recently replaced with a standard high-efficiency model and is expected to operate efficiently.",0.0,0.3,2.0,3.5,-1.1482579802775057,-0.17676024700409954,-1.0,0.5,-1.0741289901387527,0.16161987649795023,-0.4562545568204013
shc_0095,1,4.0,4,40.0,4,0.95,5,4.0,5,3,"Walls appear to be adequately insulated based on construction year, though no upgrades were observed. A state-of-the-art HVAC system with smart thermostats and variable-speed compressors was recently installed, maximizing energy efficiency.",0.0,0.3,1.5,3.5,-1.1482579802775057,-0.17676024700409954,-1.5,0.5,-1.3241289901387527,0.16161987649795023,-0.5812545568204013
shc_0096,1,4.0,4,40.0,5,1.0,1,1.0,3,3,"Walls appear to be adequately insulated based on construction year, though no upgrades were observed. The home has a functioning central HVAC system of moderate age and efficiency, with no major defects observed but no recent high-efficiency upgrades.",0.5,0.3,3.0,3.5,0.5246120376093033,-0.17676024700409954,0.0,0.5,0.26230601880465165,0.16161987649795023,0.21196294765130094
shc_0097,1,4.0,4,40.0,5,1.0,2,2.0,4,3,"Walls appear to be adequately insulated based on construction year, though no upgrades were observed. The HVAC system was recently replaced with a standard high-efficiency model and is expected to operate efficiently.",0.0,0.3,2.5,3.5,-1.1482579802775057,-0.17676024700409954,-0.5,0.5,-0.8241289901387528,0.16161987649795023,-0.3312545568204013
shc_0098,1,4.0,4,40.0,5,1.0,3,3.0,4,3,"Walls appear to be adequately insulated based on construction year, though no upgrades were observed. The HVAC system was recently replaced with a standard high-efficiency model and is expected to operate efficiently.",0.0,0.3,2.0,3.5,-1.1482579802775057,-0.17676024700409954,-1.0,0.5,-1.0741289901387527,0.16161987649795023,-0.4562545568204013
shc_0099,1,4.0,4,40.0,5,1.0,4,3.5,5,3,"Walls appear to be adequately insulated based on construction year, though no upgrades were observed. A state-of-the-art HVAC system with smart thermostats and variable-speed compressors was recently installed, maximizing energy efficiency.",0.0,0.3,1.5,3.5,-1.1482579802775057,-0.17676024700409954,-1.5,0.5,-1.3241289901387527,0.16161987649795023,-0.5812545568204013
shc_0100,1,4.0,4,40.0,5,1.0,5,4.0,5,3,"Walls appear to be adequately insulated based on construction year, though no upgrades were observed. A state-of-the-art HVAC system with smart thermostats and variable-speed compressors was recently installed, maximizing energy efficiency.",0.0,0.3,1.0,3.5,-1.1482579802775057,-0.17676024700409954,-2.0,0.5,-1.5741289901387527,0.16161987649795023,-0.7062545568204013
shc_0101,1,4.0,5,50.0,1,0.7,1,1.0,1,3,"Walls appear to be adequately insulated based on construction year, though no upgrades were observed. The home has an aging central HVAC system showing substantial exterior corrosion and poor operating efficiency.",1.0,0.3,5.0,3.0,2.1974820554961125,-0.17676024700409954,2.0,0.0,2.0987410277480563,-0.08838012350204977,1.0051804521230032
shc_0102,1,4.0,5,50.0,1,0.7,2,2.0,2,3,"Walls appear to be adequately insulated based on construction year, though no upgrades were observed. The HVAC system appears to be in working condition but is an older standard-efficiency model.",0.6,0.3,4.5,3.0,0.859186041186665,-0.17676024700409954,1.5,0.0,1.1795930205933325,-0.08838012350204977,0.5456064485456413
shc_0103,1,4.0,5,50.0,1,0.7,3,3.0,2,3,"Walls appear to be adequately insulated based on construction year, though no upgrades were observed. The HVAC system appears to be in working condition but is an older standard-efficiency model.",0.6,0.3,4.0,3.0,0.859186041186665,-0.17676024700409954,1.0,0.0,0.9295930205933325,-0.08838012350204977,0.42060644854564133
shc_0104,1,4.0,5,50.0,1,0.7,4,3.5,3,3,"Walls appear to be adequately insulated based on construction year, though no upgrades were observed. The home has a functioning central HVAC system of moderate age and efficiency, with no major defects observed but no recent high-efficiency upgrades.",0.5,0.3,3.5,3.0,0.5246120376093033,-0.17676024700409954,0.5,0.0,0.5123060188046517,-0.08838012350204977,0.21196294765130094
shc_0105,1,4.0,5,50.0,1,0.7,5,4.0,3,3,"Walls appear to be adequately insulated based on construction year, though no upgrades were observed. The home has a functioning central HVAC system of moderate age and efficiency, with no major defects observed but no recent high-efficiency upgrades.",0.5,0.3,3.0,3.0,0.5246120376093033,-0.17676024700409954,0.0,0.0,0.26230601880465165,-0.08838012350204977,0.08696294765130094
shc_0106,1,4.0,5,50.0,2,0.8,1,1.0,2,3,"Walls appear to be adequately insulated based on construction year, though no upgrades were observed. The HVAC system appears to be in working condition but is an older standard-efficiency model.",0.6,0.3,4.5,3.0,0.859186041186665,-0.17676024700409954,1.5,0.0,1.1795930205933325,-0.08838012350204977,0.5456064485456413
shc_0107,1,4.0,5,50.0,2,0.8,2,2.0,2,3,"Walls appear to be adequately insulated based on construction year, though no upgrades were observed. The HVAC system appears to be in working condition but is an older standard-efficiency model.",0.6,0.3,4.0,3.0,0.859186041186665,-0.17676024700409954,1.0,0.0,0.9295930205933325,-0.08838012350204977,0.42060644854564133
shc_0108,1,4.0,5,50.0,2,0.8,3,3.0,3,3,"Walls appear to be adequately insulated based on construction year, though no upgrades were observed. The home has a functioning central HVAC system of moderate age and efficiency, with no major defects observed but no recent high-efficiency upgrades.",0.5,0.3,3.5,3.0,0.5246120376093033,-0.17676024700409954,0.5,0.0,0.5123060188046517,-0.08838012350204977,0.21196294765130094
shc_0109,1,4.0,5,50.0,2,0.8,4,3.5,3,3,"Walls appear to be adequately insulated based on construction year, though no upgrades were observed. The home has a functioning central HVAC system of moderate age and efficiency, with no major defects observed but no recent high-efficiency upgrades.",0.5,0.3,3.0,3.0,0.5246120376093033,-0.17676024700409954,0.0,0.0,0.26230601880465165,-0.08838012350204977,0.08696294765130094
shc_0110,1,4.0,5,50.0,2,0.8,5,4.0,4,3,"Walls appear to be adequately insulated based on construction year, though no upgrades were observed. The HVAC system was recently replaced with a standard high-efficiency model and is expected to operate efficiently.",0.0,0.3,2.5,3.0,-1.1482579802775057,-0.17676024700409954,-0.5,0.0,-0.8241289901387528,-0.08838012350204977,-0.4562545568204013
shc_0111,1,4.0,5,50.0,3,0.9,1,1.0,2,3,"Walls appear to be adequately insulated based on construction year, though no upgrades were observed. The HVAC system appears to be in working condition but is an older standard-efficiency model.",0.6,0.3,4.0,3.0,0.859186041186665,-0.17676024700409954,1.0,0.0,0.9295930205933325,-0.08838012350204977,0.42060644854564133
shc_0112,1,4.0,5,50.0,3,0.9,2,2.0,3,3,"Walls appear to be adequately insulated based on construction year, though no upgrades were observed. The home has a functioning central HVAC system of moderate age and efficiency, with no major defects observed but no recent high-efficiency upgrades.",0.5,0.3,3.5,3.0,0.5246120376093033,-0.17676024700409954,0.5,0.0,0.5123060188046517,-0.08838012350204977,0.21196294765130094
shc_0113,1,4.0,5,50.0,3,0.9,3,3.0,3,3,"Walls appear to be adequately insulated based on construction year, though no upgrades were observed. The home has a functioning central HVAC system of moderate age and efficiency, with no major defects observed but no recent high-efficiency upgrades.",0.5,0.3,3.0,3.0,0.5246120376093033,-0.17676024700409954,0.0,0.0,0.26230601880465165,-0.08838012350204977,0.08696294765130094
shc_0114,1,4.0,5,50.0,3,0.9,4,3.5,4,3,"Walls appear to be adequately insulated based on construction year, though no upgrades were observed. The HVAC system was recently replaced with a standard high-efficiency model and is expected to operate efficiently.",0.0,0.3,2.5,3.0,-1.1482579802775057,-0.17676024700409954,-0.5,0.0,-0.8241289901387528,-0.08838012350204977,-0.4562545568204013
shc_0115,1,4.0,5,50.0,3,0.9,5,4.0,4,3,"Walls appear to be adequately insulated based on construction year, though no upgrades were observed. The HVAC system was recently replaced with a standard high-efficiency model and is expected to operate efficiently.",0.0,0.3,2.0,3.0,-1.1482579802775057,-0.17676024700409954,-1.0,0.0,-1.0741289901387527,-0.08838012350204977,-0.5812545568204013
shc_0116,1,4.0,5,50.0,4,0.95,1,1.0,3,3,"Walls appear to be adequately insulated based on construction year, though no upgrades were observed. The home has a functioning central HVAC system of moderate age and efficiency, with no major defects observed but no recent high-efficiency upgrades.",0.5,0.3,3.5,3.0,0.5246120376093033,-0.17676024700409954,0.5,0.0,0.5123060188046517,-0.08838012350204977,0.21196294765130094
shc_0117,1,4.0,5,50.0,4,0.95,2,2.0,3,3,"Walls appear to be adequately insulated based on construction year, though no upgrades were observed. The home has a functioning central HVAC system of moderate age and efficiency, with no major defects observed but no recent high-efficiency upgrades.",0.5,0.3,3.0,3.0,0.5246120376093033,-0.17676024700409954,0.0,0.0,0.26230601880465165,-0.08838012350204977,0.08696294765130094
shc_0118,1,4.0,5,50.0,4,0.95,3,3.0,4,3,"Walls appear to be adequately insulated based on construction year, though no upgrades were observed. The HVAC system was recently replaced with a standard high-efficiency model and is expected to operate efficiently.",0.0,0.3,2.5,3.0,-1.1482579802775057,-0.17676024700409954,-0.5,0.0,-0.8241289901387528,-0.08838012350204977,-0.4562545568204013
shc_0119,1,4.0,5,50.0,4,0.95,4,3.5,4,3,"Walls appear to be adequately insulated based on construction year, though no upgrades were observed. The HVAC system was recently replaced with a standard high-efficiency model and is expected to operate efficiently.",0.0,0.3,2.0,3.0,-1.1482579802775057,-0.17676024700409954,-1.0,0.0,-1.0741289901387527,-0.08838012350204977,-0.5812545568204013
shc_0120,1,4.0,5,50.0,4,0.95,5,4.0,5,3,"Walls appear to be adequately insulated based on construction year, though no upgrades were observed. A state-of-the-art HVAC system with smart thermostats and variable-speed compressors was recently installed, maximizing energy efficiency.",0.0,0.3,1.5,3.0,-1.1482579802775057,-0.17676024700409954,-1.5,0.0,-1.3241289901387527,-0.08838012350204977,-0.7062545568204013
shc_0121,1,4.0,5,50.0,5,1.0,1,1.0,3,3,"Walls appear to be adequately insulated based on construction year, though no upgrades were observed. The home has a functioning central HVAC system of moderate age and efficiency, with no major defects observed but no recent high-efficiency upgrades.",0.5,0.3,3.0,3.0,0.5246120376093033,-0.17676024700409954,0.0,0.0,0.26230601880465165,-0.08838012350204977,0.08696294765130094
shc_0122,1,4.0,5,50.0,5,1.0,2,2.0,4,3,"Walls appear to be adequately insulated based on construction year, though no upgrades were observed. The HVAC system was recently replaced with a standard high-efficiency model and is expected to operate efficiently.",0.0,0.3,2.5,3.0,-1.1482579802775057,-0.17676024700409954,-0.5,0.0,-0.8241289901387528,-0.08838012350204977,-0.4562545568204013
shc_0123,1,4.0,5,50.0,5,1.0,3,3.0,4,3,"Walls appear to be adequately insulated based on construction year, though no upgrades were observed. The HVAC system was recently replaced with a standard high-efficiency model and is expected to operate efficiently.",0.0,0.3,2.0,3.0,-1.1482579802775057,-0.17676024700409954,-1.0,0.0,-1.0741289901387527,-0.08838012350204977,-0.5812545568204013
shc_0124,1,4.0,5,50.0,5,1.0,4,3.5,5,3,"Walls appear to be adequately insulated based on construction year, though no upgrades were observed. A state-of-the-art HVAC system with smart thermostats and variable-speed compressors was recently installed, maximizing energy efficiency.",0.0,0.3,1.5,3.0,-1.1482579802775057,-0.17676024700409954,-1.5,0.0,-1.3241289901387527,-0.08838012350204977,-0.7062545568204013
shc_0125,1,4.0,5,50.0,5,1.0,5,4.0,5,3,"Walls appear to be adequately insulated based on construction year, though no upgrades were observed. A state-of-the-art HVAC system with smart thermostats and variable-speed compressors was recently installed, maximizing energy efficiency.",0.0,0.3,1.0,3.0,-1.1482579802775057,-0.17676024700409954,-2.0,0.0,-1.5741289901387527,-0.08838012350204977,-0.8312545568204013
shc_0126,2,7.0,1,10.0,1,0.7,1,1.0,1,2,"No signs of added insulation were observed in the basement ceiling, suggesting potential energy inefficiency. The home has an aging central HVAC system showing substantial exterior corrosion and poor operating efficiency.",1.0,0.7,5.0,4.5,2.1974820554961125,0.9985073527572006,2.0,1.5,2.0987410277480563,1.2492536763786002,1.6739973520633282
shc_0127,2,7.0,1,10.0,1,0.7,2,2.0,2,2,"No signs of added insulation were observed in the basement ceiling, suggesting potential energy inefficiency. The HVAC system appears to be in working condition but is an older standard-efficiency model.",0.5,0.7,4.5,4.5,0.5246120376093033,0.9985073527572006,1.5,1.5,1.0123060188046518,1.2492536763786002,1.130779847591626
shc_0128,2,7.0,1,10.0,1,0.7,3,3.0,2,2,"No signs of added insulation were observed in the basement ceiling, suggesting potential energy inefficiency. The HVAC system appears to be in working condition but is an older standard-efficiency model.",0.5,0.7,4.0,4.5,0.5246120376093033,0.9985073527572006,1.0,1.5,0.7623060188046517,1.2492536763786002,1.005779847591626
shc_0129,2,7.0,1,10.0,1,0.7,4,3.5,3,2,"No signs of added insulation were observed in the basement ceiling, suggesting potential energy inefficiency. The home has a functioning central HVAC system of moderate age and efficiency, with no major defects observed but no recent high-efficiency upgrades.",0.5,1.0,3.5,4.5,0.5246120376093033,1.8799580525781756,0.5,1.5,0.5123060188046517,1.689979026289088,1.1011425225468696
shc_0130,2,7.0,1,10.0,1,0.7,5,4.0,3,2,"No signs of added insulation were observed in the basement ceiling, suggesting potential energy inefficiency. The home has a functioning central HVAC system of moderate age and efficiency, with no major defects observed but no recent high-efficiency upgrades.",0.5,1.0,3.0,4.5,0.5246120376093033,1.8799580525781756,0.0,1.5,0.26230601880465165,1.689979026289088,0.9761425225468697
shc_0131,2,7.0,1,10.0,2,0.8,1,1.0,2,2,"No signs of added insulation were observed in the basement ceiling, suggesting potential energy inefficiency. The HVAC system appears to be in working condition but is an older standard-efficiency model.",0.5,0.7,4.5,4.5,0.5246120376093033,0.9985073527572006,1.5,1.5,1.0123060188046518,1.2492536763786002,1.130779847591626
shc_0132,2,7.0,1,10.0,2,0.8,2,2.0,2,2,"No signs of added insulation were observed in the basement ceiling, suggesting potential energy inefficiency. The HVAC system appears to be in working condition but is an older standard-efficiency model.",0.5,0.7,4.0,4.5,0.5246120376093033,0.9985073527572006,1.0,1.5,0.7623060188046517,1.2492536763786002,1.005779847591626
shc_0133,2,7.0,1,10.0,2,0.8,3,3.0,3,2,"No signs of added insulation were observed in the basement ceiling, suggesting potential energy inefficiency. The home has a functioning central HVAC system of moderate age and efficiency, with no major defects observed but no recent high-efficiency upgrades.",0.5,1.0,3.5,4.5,0.5246120376093033,1.8799580525781756,0.5,1.5,0.5123060188046517,1.689979026289088,1.1011425225468696
shc_0134,2,7.0,1,10.0,2,0.8,4,3.5,3,2,"No signs of added insulation were observed in the basement ceiling, suggesting potential energy inefficiency. The home has a functioning central HVAC system of moderate age and efficiency, with no major defects observed but no recent high-efficiency upgrades.",0.5,1.0,3.0,4.5,0.5246120376093033,1.8799580525781756,0.0,1.5,0.26230601880465165,1.689979026289088,0.9761425225468697
shc_0135,2,7.0,1,10.0,2,0.8,5,4.0,4,2,"No signs of added insulation were observed in the basement ceiling, suggesting potential energy inefficiency. The HVAC system was recently replaced with a standard high-efficiency model and is expected to operate efficiently.",0.0,1.0,2.5,4.5,-1.1482579802775057,1.8799580525781756,-0.5,1.5,-0.8241289901387528,1.689979026289088,0.4329250180751675
shc_0136,2,7.0,1,10.0,3,0.9,1,1.0,2,2,"No signs of added insulation were observed in the basement ceiling, suggesting potential energy inefficiency. The HVAC system appears to be in working condition but is an older standard-efficiency model.",0.5,0.7,4.0,4.5,0.5246120376093033,0.9985073527572006,1.0,1.5,0.7623060188046517,1.2492536763786002,1.005779847591626
shc_0137,2,7.0,1,10.0,3,0.9,2,2.0,3,2,"No signs of added insulation were observed in the basement ceiling, suggesting potential energy inefficiency. The home has a functioning central HVAC system of moderate age and efficiency, with no major defects observed but no recent high-efficiency upgrades.",0.5,1.0,3.5,4.5,0.5246120376093033,1.8799580525781756,0.5,1.5,0.5123060188046517,1.689979026289088,1.1011425225468696
shc_0138,2,7.0,1,10.0,3,0.9,3,3.0,3,2,"No signs of added insulation were observed in the basement ceiling, suggesting potential energy inefficiency. The home has a functioning central HVAC system of moderate age and efficiency, with no major defects observed but no recent high-efficiency upgrades.",0.5,1.0,3.0,4.5,0.5246120376093033,1.8799580525781756,0.0,1.5,0.26230601880465165,1.689979026289088,0.9761425225468697
shc_0139,2,7.0,1,10.0,3,0.9,4,3.5,4,2,"No signs of added insulation were observed in the basement ceiling, suggesting potential energy inefficiency. The HVAC system was recently replaced with a standard high-efficiency model and is expected to operate efficiently.",0.0,1.0,2.5,4.5,-1.1482579802775057,1.8799580525781756,-0.5,1.5,-0.8241289901387528,1.689979026289088,0.4329250180751675
shc_0140,2,7.0,1,10.0,3,0.9,5,4.0,4,2,"No signs of added insulation were observed in the basement ceiling, suggesting potential energy inefficiency. The HVAC system was recently replaced with a standard high-efficiency model and is expected to operate efficiently.",0.0,1.0,2.0,4.5,-1.1482579802775057,1.8799580525781756,-1.0,1.5,-1.0741289901387527,1.689979026289088,0.3079250180751675
shc_0141,2,7.0,1,10.0,4,0.95,1,1.0,3,2,"No signs of added insulation were observed in the basement ceiling, suggesting potential energy inefficiency. The home has a functioning central HVAC system of moderate age and efficiency, with no major defects observed but no recent high-efficiency upgrades.",0.5,1.0,3.5,4.5,0.5246120376093033,1.8799580525781756,0.5,1.5,0.5123060188046517,1.689979026289088,1.1011425225468696
shc_0142,2,7.0,1,10.0,4,0.95,2,2.0,3,2,"No signs of added insulation were observed in the basement ceiling, suggesting potential energy inefficiency. The home has a functioning central HVAC system of moderate age and efficiency, with no major defects observed but no recent high-efficiency upgrades.",0.5,1.0,3.0,4.5,0.5246120376093033,1.8799580525781756,0.0,1.5,0.26230601880465165,1.689979026289088,0.9761425225468697
shc_0143,2,7.0,1,10.0,4,0.95,3,3.0,4,2,"No signs of added insulation were observed in the basement ceiling, suggesting potential energy inefficiency. The HVAC system was recently replaced with a standard high-efficiency model and is expected to operate efficiently.",0.0,1.0,2.5,4.5,-1.1482579802775057,1.8799580525781756,-0.5,1.5,-0.8241289901387528,1.689979026289088,0.4329250180751675
shc_0144,2,7.0,1,10.0,4,0.95,4,3.5,4,2,"No signs of added insulation were observed in the basement ceiling, suggesting potential energy inefficiency. The HVAC system was recently replaced with a standard high-efficiency model and is expected to operate efficiently.",0.0,1.0,2.0,4.5,-1.1482579802775057,1.8799580525781756,-1.0,1.5,-1.0741289901387527,1.689979026289088,0.3079250180751675
shc_0145,2,7.0,1,10.0,4,0.95,5,4.0,5,2,"No signs of added insulation were observed in the basement ceiling, suggesting potential energy inefficiency. A state-of-the-art HVAC system with smart thermostats and variable-speed compressors was recently installed, maximizing energy efficiency.",0.0,0.8,1.5,4.5,-1.1482579802775057,1.2923242526975258,-1.5,1.5,-1.3241289901387527,1.396162126348763,0.03601656810500503
shc_0146,2,7.0,1,10.0,5,1.0,1,1.0,3,2,"No signs of added insulation were observed in the basement ceiling, suggesting potential energy inefficiency. The home has a functioning central HVAC system of moderate age and efficiency, with no major defects observed but no recent high-efficiency upgrades.",0.5,1.0,3.0,4.5,0.5246120376093033,1.8799580525781756,0.0,1.5,0.26230601880465165,1.689979026289088,0.9761425225468697
shc_0147,2,7.0,1,10.0,5,1.0,2,2.0,4,2,"No signs of added insulation were observed in the basement ceiling, suggesting potential energy inefficiency. The HVAC system was recently replaced with a standard high-efficiency model and is expected to operate efficiently.",0.0,1.0,2.5,4.5,-1.1482579802775057,1.8799580525781756,-0.5,1.5,-0.8241289901387528,1.689979026289088,0.4329250180751675
shc_0148,2,7.0,1,10.0,5,1.0,3,3.0,4,2,"No signs of added insulation were observed in the basement ceiling, suggesting potential energy inefficiency. The HVAC system was recently replaced with a standard high-efficiency model and is expected to operate efficiently.",0.0,1.0,2.0,4.5,-1.1482579802775057,1.8799580525781756,-1.0,1.5,-1.0741289901387527,1.689979026289088,0.3079250180751675
shc_0149,2,7.0,1,10.0,5,1.0,4,3.5,5,2,"No signs of added insulation were observed in the basement ceiling, suggesting potential energy inefficiency. A state-of-the-art HVAC system with smart thermostats and variable-speed compressors was recently installed, maximizing energy efficiency.",0.0,0.8,1.5,4.5,-1.1482579802775057,1.2923242526975258,-1.5,1.5,-1.3241289901387527,1.396162126348763,0.03601656810500503
shc_0150,2,7.0,1,10.0,5,1.0,5,4.0,5,2,"No signs of added insulation were observed in the basement ceiling, suggesting potential energy inefficiency. A state-of-the-art HVAC system with smart thermostats and variable-speed compressors was recently installed, maximizing energy efficiency.",0.0,0.8,1.0,4.5,-1.1482579802775057,1.2923242526975258,-2.0,1.5,-1.5741289901387527,1.396162126348763,-0.08898343189499497
shc_0151,2,7.0,2,20.0,1,0.7,1,1.0,1,2,"No signs of added insulation were observed in the basement ceiling, suggesting potential energy inefficiency. The home has an aging central HVAC system showing substantial exterior corrosion and poor operating efficiency.",1.0,0.7,5.0,4.0,2.1974820554961125,0.9985073527572006,2.0,1.0,2.0987410277480563,0.9992536763786003,1.5489973520633282
shc_0152,2,7.0,2,20.0,1,0.7,2,2.0,2,2,"No signs of added insulation were observed in the basement ceiling, suggesting potential energy inefficiency. The HVAC system appears to be in working condition but is an older standard-efficiency model.",0.5,0.7,4.5,4.0,0.5246120376093033,0.9985073527572006,1.5,1.0,1.0123060188046518,0.9992536763786003,1.005779847591626
shc_0153,2,7.0,2,20.0,1,0.7,3,3.0,2,2,"No signs of added insulation were observed in the basement ceiling, suggesting potential energy inefficiency. The HVAC system appears to be in working condition but is an older standard-efficiency model.",0.5,0.7,4.0,4.0,0.5246120376093033,0.9985073527572006,1.0,1.0,0.7623060188046517,0.9992536763786003,0.880779847591626
shc_0154,2,7.0,2,20.0,1,0.7,4,3.5,3,2,"No signs of added insulation were observed in the basement ceiling, suggesting potential energy inefficiency. The home has a functioning central HVAC system of moderate age and efficiency, with no major defects observed but no recent high-efficiency upgrades.",0.5,1.0,3.5,4.0,0.5246120376093033,1.8799580525781756,0.5,1.0,0.5123060188046517,1.439979026289088,0.9761425225468697
shc_0155,2,7.0,2,20.0,1,0.7,5,4.0,3,2,"No signs of added insulation were observed in the basement ceiling, suggesting potential energy inefficiency. The home has a functioning central HVAC system of moderate age and efficiency, with no major defects observed but no recent high-efficiency upgrades.",0.5,1.0,3.0,4.0,0.5246120376093033,1.8799580525781756,0.0,1.0,0.26230601880465165,1.439979026289088,0.8511425225468697
shc_0156,2,7.0,2,20.0,2,0.8,1,1.0,2,2,"No signs of added insulation were observed in the basement ceiling, suggesting potential energy inefficiency. The HVAC system appears to be in working condition but is an older standard-efficiency model.",0.5,0.7,4.5,4.0,0.5246120376093033,0.9985073527572006,1.5,1.0,1.0123060188046518,0.9992536763786003,1.005779847591626
shc_0157,2,7.0,2,20.0,2,0.8,2,2.0,2,2,"No signs of added insulation were observed in the basement ceiling, suggesting potential energy inefficiency. The HVAC system appears to be in working condition but is an older standard-efficiency model.",0.5,0.7,4.0,4.0,0.5246120376093033,0.9985073527572006,1.0,1.0,0.7623060188046517,0.9992536763786003,0.880779847591626
shc_0158,2,7.0,2,20.0,2,0.8,3,3.0,3,2,"No signs of added insulation were observed in the basement ceiling, suggesting potential energy inefficiency. The home has a functioning central HVAC system of moderate age and efficiency, with no major defects observed but no recent high-efficiency upgrades.",0.5,1.0,3.5,4.0,0.5246120376093033,1.8799580525781756,0.5,1.0,0.5123060188046517,1.439979026289088,0.9761425225468697
shc_0159,2,7.0,2,20.0,2,0.8,4,3.5,3,2,"No signs of added insulation were observed in the basement ceiling, suggesting potential energy inefficiency. The home has a functioning central HVAC system of moderate age and efficiency, with no major defects observed but no recent high-efficiency upgrades.",0.5,1.0,3.0,4.0,0.5246120376093033,1.8799580525781756,0.0,1.0,0.26230601880465165,1.439979026289088,0.8511425225468697
shc_0160,2,7.0,2,20.0,2,0.8,5,4.0,4,2,"No signs of added insulation were observed in the basement ceiling, suggesting potential energy inefficiency. The HVAC system was recently replaced with a standard high-efficiency model and is expected to operate efficiently.",0.0,1.0,2.5,4.0,-1.1482579802775057,1.8799580525781756,-0.5,1.0,-0.8241289901387528,1.439979026289088,0.3079250180751675
shc_0161,2,7.0,2,20.0,3,0.9,1,1.0,2,2,"No signs of added insulation were observed in the basement ceiling, suggesting potential energy inefficiency. The HVAC system appears to be in working condition but is an older standard-efficiency model.",0.5,0.7,4.0,4.0,0.5246120376093033,0.9985073527572006,1.0,1.0,0.7623060188046517,0.9992536763786003,0.880779847591626
shc_0162,2,7.0,2,20.0,3,0.9,2,2.0,3,2,"No signs of added insulation were observed in the basement ceiling, suggesting potential energy inefficiency. The home has a functioning central HVAC system of moderate age and efficiency, with no major defects observed but no recent high-efficiency upgrades.",0.5,1.0,3.5,4.0,0.5246120376093033,1.8799580525781756,0.5,1.0,0.5123060188046517,1.439979026289088,0.9761425225468697
shc_0163,2,7.0,2,20.0,3,0.9,3,3.0,3,2,"No signs of added insulation were observed in the basement ceiling, suggesting potential energy inefficiency. The home has a functioning central HVAC system of moderate age and efficiency, with no major defects observed but no recent high-efficiency upgrades.",0.5,1.0,3.0,4.0,0.5246120376093033,1.8799580525781756,0.0,1.0,0.26230601880465165,1.439979026289088,0.8511425225468697
shc_0164,2,7.0,2,20.0,3,0.9,4,3.5,4,2,"No signs of added insulation were observed in the basement ceiling, suggesting potential energy inefficiency. The HVAC system was recently replaced with a standard high-efficiency model and is expected to operate efficiently.",0.0,1.0,2.5,4.0,-1.1482579802775057,1.8799580525781756,-0.5,1.0,-0.8241289901387528,1.439979026289088,0.3079250180751675
shc_0165,2,7.0,2,20.0,3,0.9,5,4.0,4,2,"No signs of added insulation were observed in the basement ceiling, suggesting potential energy inefficiency. The HVAC system was recently replaced with a standard high-efficiency model and is expected to operate efficiently.",0.0,1.0,2.0,4.0,-1.1482579802775057,1.8799580525781756,-1.0,1.0,-1.0741289901387527,1.439979026289088,0.18292501807516748
shc_0166,2,7.0,2,20.0,4,0.95,1,1.0,3,2,"No signs of added insulation were observed in the basement ceiling, suggesting potential energy inefficiency. The home has a functioning central HVAC system of moderate age and efficiency, with no major defects observed but no recent high-efficiency upgrades.",0.5,1.0,3.5,4.0,0.5246120376093033,1.8799580525781756,0.5,1.0,0.5123060188046517,1.439979026289088,0.9761425225468697
shc_0167,2,7.0,2,20.0,4,0.95,2,2.0,3,2,"No signs of added insulation were observed in the basement ceiling, suggesting potential energy inefficiency. The home has a functioning central HVAC system of moderate age and efficiency, with no major defects observed but no recent high-efficiency upgrades.",0.5,1.0,3.0,4.0,0.5246120376093033,1.8799580525781756,0.0,1.0,0.26230601880465165,1.439979026289088,0.8511425225468697
shc_0168,2,7.0,2,20.0,4,0.95,3,3.0,4,2,"No signs of added insulation were observed in the basement ceiling, suggesting potential energy inefficiency. The HVAC system was recently replaced with a standard high-efficiency model and is expected to operate efficiently.",0.0,1.0,2.5,4.0,-1.1482579802775057,1.8799580525781756,-0.5,1.0,-0.8241289901387528,1.439979026289088,0.3079250180751675
shc_0169,2,7.0,2,20.0,4,0.95,4,3.5,4,2,"No signs of added insulation were observed in the basement ceiling, suggesting potential energy inefficiency. The HVAC system was recently replaced with a standard high-efficiency model and is expected to operate efficiently.",0.0,1.0,2.0,4.0,-1.1482579802775057,1.8799580525781756,-1.0,1.0,-1.0741289901387527,1.439979026289088,0.18292501807516748
shc_0170,2,7.0,2,20.0,4,0.95,5,4.0,5,2,"No signs of added insulation were observed in the basement ceiling, suggesting potential energy inefficiency. A state-of-the-art HVAC system with smart thermostats and variable-speed compressors was recently installed, maximizing energy efficiency.",0.0,0.8,1.5,4.0,-1.1482579802775057,1.2923242526975258,-1.5,1.0,-1.3241289901387527,1.146162126348763,-0.08898343189499497
shc_0171,2,7.0,2,20.0,5,1.0,1,1.0,3,2,"No signs of added insulation were observed in the basement ceiling, suggesting potential energy inefficiency. The home has a functioning central HVAC system of moderate age and efficiency, with no major defects observed but no recent high-efficiency upgrades.",0.5,1.0,3.0,4.0,0.5246120376093033,1.8799580525781756,0.0,1.0,0.26230601880465165,1.439979026289088,0.8511425225468697
shc_0172,2,7.0,2,20.0,5,1.0,2,2.0,4,2,"No signs of added insulation were observed in the basement ceiling, suggesting potential energy inefficiency. The HVAC system was recently replaced with a standard high-efficiency model and is expected to operate efficiently.",0.0,1.0,2.5,4.0,-1.1482579802775057,1.8799580525781756,-0.5,1.0,-0.8241289901387528,1.439979026289088,0.3079250180751675
shc_0173,2,7.0,2,20.0,5,1.0,3,3.0,4,2,"No signs of added insulation were observed in the basement ceiling, suggesting potential energy inefficiency. The HVAC system was recently replaced with a standard high-efficiency model and is expected to operate efficiently.",0.0,1.0,2.0,4.0,-1.1482579802775057,1.8799580525781756,-1.0,1.0,-1.0741289901387527,1.439979026289088,0.18292501807516748
shc_0174,2,7.0,2,20.0,5,1.0,4,3.5,5,2,"No signs of added insulation were observed in the basement ceiling, suggesting potential energy inefficiency. A state-of-the-art HVAC system with smart thermostats and variable-speed compressors was recently installed, maximizing energy efficiency.",0.0,0.8,1.5,4.0,-1.1482579802775057,1.2923242526975258,-1.5,1.0,-1.3241289901387527,1.146162126348763,-0.08898343189499497
shc_0175,2,7.0,2,20.0,5,1.0,5,4.0,5,2,"No signs of added insulation were observed in the basement ceiling, suggesting potential energy inefficiency. A state-of-the-art HVAC system with smart thermostats and variable-speed compressors was recently installed, maximizing energy efficiency.",0.0,0.8,1.0,4.0,-1.1482579802775057,1.2923242526975258,-2.0,1.0,-1.5741289901387527,1.146162126348763,-0.21398343189499497
shc_0176,2,7.0,3,30.0,1,0.7,1,1.0,1,3,"Walls appear to be adequately insulated based on construction year, though no upgrades were observed. The home has an aging central HVAC system showing substantial exterior corrosion and poor operating efficiency.",1.0,0.3,5.0,3.5,2.1974820554961125,-0.17676024700409954,2.0,0.5,2.0987410277480563,0.16161987649795023,1.1301804521230032
shc_0177,2,7.0,3,30.0,1,0.7,2,2.0,2,3,"Walls appear to be adequately insulated based on construction year, though no upgrades were observed. The HVAC system appears to be in working condition but is an older standard-efficiency model.",0.6,0.3,4.5,3.5,0.859186041186665,-0.17676024700409954,1.5,0.5,1.1795930205933325,0.16161987649795023,0.6706064485456413
shc_0178,2,7.0,3,30.0,1,0.7,3,3.0,2,3,"Walls appear to be adequately insulated based on construction year, though no upgrades were observed. The HVAC system appears to be in working condition but is an older standard-efficiency model.",0.6,0.3,4.0,3.5,0.859186041186665,-0.17676024700409954,1.0,0.5,0.9295930205933325,0.16161987649795023,0.5456064485456413
shc_0179,2,7.0,3,30.0,1,0.7,4,3.5,3,3,"Walls appear to be adequately insulated based on construction year, though no upgrades were observed. The home has a functioning central HVAC system of moderate age and efficiency, with no major defects observed but no recent high-efficiency upgrades.",0.5,0.3,3.5,3.5,0.5246120376093033,-0.17676024700409954,0.5,0.5,0.5123060188046517,0.16161987649795023,0.33696294765130097
shc_0180,2,7.0,3,30.0,1,0.7,5,4.0,3,3,"Walls appear to be adequately insulated based on construction year, though no upgrades were observed. The home has a functioning central HVAC system of moderate age and efficiency, with no major defects observed but no recent high-efficiency upgrades.",0.5,0.3,3.0,3.5,0.5246120376093033,-0.17676024700409954,0.0,0.5,0.26230601880465165,0.16161987649795023,0.21196294765130094
shc_0181,2,7.0,3,30.0,2,0.8,1,1.0,2,3,"Walls appear to be adequately insulated based on construction year, though no upgrades were observed. The HVAC system appears to be in working condition but is an older standard-efficiency model.",0.6,0.3,4.5,3.5,0.859186041186665,-0.17676024700409954,1.5,0.5,1.1795930205933325,0.16161987649795023,0.6706064485456413
shc_0182,2,7.0,3,30.0,2,0.8,2,2.0,2,3,"Walls appear to be adequately insulated based on construction year, though no upgrades were observed. The HVAC system appears to be in working condition but is an older standard-efficiency model.",0.6,0.3,4.0,3.5,0.859186041186665,-0.17676024700409954,1.0,0.5,0.9295930205933325,0.16161987649795023,0.5456064485456413
shc_0183,2,7.0,3,30.0,2,0.8,3,3.0,3,3,"Walls appear to be adequately insulated based on construction year, though no upgrades were observed. The home has a functioning central HVAC system of moderate age and efficiency, with no major defects observed but no recent high-efficiency upgrades.",0.5,0.3,3.5,3.5,0.5246120376093033,-0.17676024700409954,0.5,0.5,0.5123060188046517,0.16161987649795023,0.33696294765130097
shc_0184,2,7.0,3,30.0,2,0.8,4,3.5,3,3,"Walls appear to be adequately insulated based on construction year, though no upgrades were observed. The home has a functioning central HVAC system of moderate age and efficiency, with no major defects observed but no recent high-efficiency upgrades.",0.5,0.3,3.0,3.5,0.5246120376093033,-0.17676024700409954,0.0,0.5,0.26230601880465165,0.16161987649795023,0.21196294765130094
shc_0185,2,7.0,3,30.0,2,0.8,5,4.0,4,3,"Walls appear to be adequately insulated based on construction year, though no upgrades were observed. The HVAC system was recently replaced with a standard high-efficiency model and is expected to operate efficiently.",0.0,0.3,2.5,3.5,-1.1482579802775057,-0.17676024700409954,-0.5,0.5,-0.8241289901387528,0.16161987649795023,-0.3312545568204013
shc_0186,2,7.0,3,30.0,3,0.9,1,1.0,2,3,"Walls appear to be adequately insulated based on construction year, though no upgrades were observed. The HVAC system appears to be in working condition but is an older standard-efficiency model.",0.6,0.3,4.0,3.5,0.859186041186665,-0.17676024700409954,1.0,0.5,0.9295930205933325,0.16161987649795023,0.5456064485456413
shc_0187,2,7.0,3,30.0,3,0.9,2,2.0,3,3,"Walls appear to be adequately insulated based on construction year, though no upgrades were observed. The home has a functioning central HVAC system of moderate age and efficiency, with no major defects observed but no recent high-efficiency upgrades.",0.5,0.3,3.5,3.5,0.5246120376093033,-0.17676024700409954,0.5,0.5,0.5123060188046517,0.16161987649795023,0.33696294765130097
shc_0188,2,7.0,3,30.0,3,0.9,3,3.0,3,3,"Walls appear to be adequately insulated based on construction year, though no upgrades were observed. The home has a functioning central HVAC system of moderate age and efficiency, with no major defects observed but no recent high-efficiency upgrades.",0.5,0.3,3.0,3.5,0.5246120376093033,-0.17676024700409954,0.0,0.5,0.26230601880465165,0.16161987649795023,0.21196294765130094
shc_0189,2,7.0,3,30.0,3,0.9,4,3.5,4,3,"Walls appear to be adequately insulated based on construction year, though no upgrades were observed. The HVAC system was recently replaced with a standard high-efficiency model and is expected to operate efficiently.",0.0,0.3,2.5,3.5,-1.1482579802775057,-0.17676024700409954,-0.5,0.5,-0.8241289901387528,0.16161987649795023,-0.3312545568204013
shc_0190,2,7.0,3,30.0,3,0.9,5,4.0,4,3,"Walls appear to be adequately insulated based on construction year, though no upgrades were observed. The HVAC system was recently replaced with a standard high-efficiency model and is expected to operate efficiently.",0.0,0.3,2.0,3.5,-1.1482579802775057,-0.17676024700409954,-1.0,0.5,-1.0741289901387527,0.16161987649795023,-0.4562545568204013
shc_0191,2,7.0,3,30.0,4,0.95,1,1.0,3,3,"Walls appear to be adequately insulated based on construction year, though no upgrades were observed. The home has a functioning central HVAC system of moderate age and efficiency, with no major defects observed but no recent high-efficiency upgrades.",0.5,0.3,3.5,3.5,0.5246120376093033,-0.17676024700409954,0.5,0.5,0.5123060188046517,0.16161987649795023,0.33696294765130097
shc_0192,2,7.0,3,30.0,4,0.95,2,2.0,3,3,"Walls appear to be adequately insulated based on construction year, though no upgrades were observed. The home has a functioning central HVAC system of moderate age and efficiency, with no major defects observed but no recent high-efficiency upgrades.",0.5,0.3,3.0,3.5,0.5246120376093033,-0.17676024700409954,0.0,0.5,0.26230601880465165,0.16161987649795023,0.21196294765130094
shc_0193,2,7.0,3,30.0,4,0.95,3,3.0,4,3,"Walls appear to be adequately insulated based on construction year, though no upgrades were observed. The HVAC system was recently replaced with a standard high-efficiency model and is expected to operate efficiently.",0.0,0.3,2.5,3.5,-1.1482579802775057,-0.17676024700409954,-0.5,0.5,-0.8241289901387528,0.16161987649795023,-0.3312545568204013
shc_0194,2,7.0,3,30.0,4,0.95,4,3.5,4,3,"Walls appear to be adequately insulated based on construction year, though no upgrades were observed. The HVAC system was recently replaced with a standard high-efficiency model and is expected to operate efficiently.",0.0,0.3,2.0,3.5,-1.1482579802775057,-0.17676024700409954,-1.0,0.5,-1.0741289901387527,0.16161987649795023,-0.4562545568204013
shc_0195,2,7.0,3,30.0,4,0.95,5,4.0,5,3,"Walls appear to be adequately insulated based on construction year, though no upgrades were observed. A state-of-the-art HVAC system with smart thermostats and variable-speed compressors was recently installed, maximizing energy efficiency.",0.0,0.3,1.5,3.5,-1.1482579802775057,-0.17676024700409954,-1.5,0.5,-1.3241289901387527,0.16161987649795023,-0.5812545568204013
shc_0196,2,7.0,3,30.0,5,1.0,1,1.0,3,3,"Walls appear to be adequately insulated based on construction year, though no upgrades were observed. The home has a functioning central HVAC system of moderate age and efficiency, with no major defects observed but no recent high-efficiency upgrades.",0.5,0.3,3.0,3.5,0.5246120376093033,-0.17676024700409954,0.0,0.5,0.26230601880465165,0.16161987649795023,0.21196294765130094
shc_0197,2,7.0,3,30.0,5,1.0,2,2.0,4,3,"Walls appear to be adequately insulated based on construction year, though no upgrades were observed. The HVAC system was recently replaced with a standard high-efficiency model and is expected to operate efficiently.",0.0,0.3,2.5,3.5,-1.1482579802775057,-0.17676024700409954,-0.5,0.5,-0.8241289901387528,0.16161987649795023,-0.3312545568204013
shc_0198,2,7.0,3,30.0,5,1.0,3,3.0,4,3,"Walls appear to be adequately insulated based on construction year, though no upgrades were observed. The HVAC system was recently replaced with a standard high-efficiency model and is expected to operate efficiently.",0.0,0.3,2.0,3.5,-1.1482579802775057,-0.17676024700409954,-1.0,0.5,-1.0741289901387527,0.16161987649795023,-0.4562545568204013
shc_0199,2,7.0,3,30.0,5,1.0,4,3.5,5,3,"Walls appear to be adequately insulated based on construction year, though no upgrades were observed. A state-of-the-art HVAC system with smart thermostats and variable-speed compressors was recently installed, maximizing energy efficiency.",0.0,0.3,1.5,3.5,-1.1482579802775057,-0.17676024700409954,-1.5,0.5,-1.3241289901387527,0.16161987649795023,-0.5812545568204013
shc_0200,2,7.0,3,30.0,5,1.0,5,4.0,5,3,"Walls appear to be adequately insulated based on construction year, though no upgrades were observed. A state-of-the-art HVAC system with smart thermostats and variable-speed compressors was recently installed, maximizing energy efficiency.",0.0,0.3,1.0,3.5,-1.1482579802775057,-0.17676024700409954,-2.0,0.5,-1.5741289901387527,0.16161987649795023,-0.7062545568204013
shc_0201,2,7.0,4,40.0,1,0.7,1,1.0,1,3,"Walls appear to be adequately insulated based on construction year, though no upgrades were observed. The home has an aging central HVAC system showing substantial exterior corrosion and poor operating efficiency.",1.0,0.3,5.0,3.0,2.1974820554961125,-0.17676024700409954,2.0,0.0,2.0987410277480563,-0.08838012350204977,1.0051804521230032
shc_0202,2,7.0,4,40.0,1,0.7,2,2.0,2,3,"Walls appear to be adequately insulated based on construction year, though no upgrades were observed. The HVAC system appears to be in working condition but is an older standard-efficiency model.",0.6,0.3,4.5,3.0,0.859186041186665,-0.17676024700409954,1.5,0.0,1.1795930205933325,-0.08838012350204977,0.5456064485456413
shc_0203,2,7.0,4,40.0,1,0.7,3,3.0,2,3,"Walls appear to be adequately insulated based on construction year, though no upgrades were observed. The HVAC system appears to be in working condition but is an older standard-efficiency model.",0.6,0.3,4.0,3.0,0.859186041186665,-0.17676024700409954,1.0,0.0,0.9295930205933325,-0.08838012350204977,0.42060644854564133
shc_0204,2,7.0,4,40.0,1,0.7,4,3.5,3,3,"Walls appear to be adequately insulated based on construction year, though no upgrades were observed. The home has a functioning central HVAC system of moderate age and efficiency, with no major defects observed but no recent high-efficiency upgrades.",0.5,0.3,3.5,3.0,0.5246120376093033,-0.17676024700409954,0.5,0.0,0.5123060188046517,-0.08838012350204977,0.21196294765130094
shc_0205,2,7.0,4,40.0,1,0.7,5,4.0,3,3,"Walls appear to be adequately insulated based on construction year, though no upgrades were observed. The home has a functioning central HVAC system of moderate age and efficiency, with no major defects observed but no recent high-efficiency upgrades.",0.5,0.3,3.0,3.0,0.5246120376093033,-0.17676024700409954,0.0,0.0,0.26230601880465165,-0.08838012350204977,0.08696294765130094
shc_0206,2,7.0,4,40.0,2,0.8,1,1.0,2,3,"Walls appear to be adequately insulated based on construction year, though no upgrades were observed. The HVAC system appears to be in working condition but is an older standard-efficiency model.",0.6,0.3,4.5,3.0,0.859186041186665,-0.17676024700409954,1.5,0.0,1.1795930205933325,-0.08838012350204977,0.5456064485456413
shc_0207,2,7.0,4,40.0,2,0.8,2,2.0,2,3,"Walls appear to be adequately insulated based on construction year, though no upgrades were observed. The HVAC system appears to be in working condition but is an older standard-efficiency model.",0.6,0.3,4.0,3.0,0.859186041186665,-0.17676024700409954,1.0,0.0,0.9295930205933325,-0.08838012350204977,0.42060644854564133
shc_0208,2,7.0,4,40.0,2,0.8,3,3.0,3,3,"Walls appear to be adequately insulated based on construction year, though no upgrades were observed. The home has a functioning central HVAC system of moderate age and efficiency, with no major defects observed but no recent high-efficiency upgrades.",0.5,0.3,3.5,3.0,0.5246120376093033,-0.17676024700409954,0.5,0.0,0.5123060188046517,-0.08838012350204977,0.21196294765130094
shc_0209,2,7.0,4,40.0,2,0.8,4,3.5,3,3,"Walls appear to be adequately insulated based on construction year, though no upgrades were observed. The home has a functioning central HVAC system of moderate age and efficiency, with no major defects observed but no recent high-efficiency upgrades.",0.5,0.3,3.0,3.0,0.5246120376093033,-0.17676024700409954,0.0,0.0,0.26230601880465165,-0.08838012350204977,0.08696294765130094
shc_0210,2,7.0,4,40.0,2,0.8,5,4.0,4,3,"Walls appear to be adequately insulated based on construction year, though no upgrades were observed. The HVAC system was recently replaced with a standard high-efficiency model and is expected to operate efficiently.",0.0,0.3,2.5,3.0,-1.1482579802775057,-0.17676024700409954,-0.5,0.0,-0.8241289901387528,-0.08838012350204977,-0.4562545568204013
shc_0211,2,7.0,4,40.0,3,0.9,1,1.0,2,3,"Walls appear to be adequately insulated based on construction year, though no upgrades were observed. The HVAC system appears to be in working condition but is an older standard-efficiency model.",0.6,0.3,4.0,3.0,0.859186041186665,-0.17676024700409954,1.0,0.0,0.9295930205933325,-0.08838012350204977,0.42060644854564133
shc_0212,2,7.0,4,40.0,3,0.9,2,2.0,3,3,"Walls appear to be adequately insulated based on construction year, though no upgrades were observed. The home has a functioning central HVAC system of moderate age and efficiency, with no major defects observed but no recent high-efficiency upgrades.",0.5,0.3,3.5,3.0,0.5246120376093033,-0.17676024700409954,0.5,0.0,0.5123060188046517,-0.08838012350204977,0.21196294765130094
shc_0213,2,7.0,4,40.0,3,0.9,3,3.0,3,3,"Walls appear to be adequately insulated based on construction year, though no upgrades were observed. The home has a functioning central HVAC system of moderate age and efficiency, with no major defects observed but no recent high-efficiency upgrades.",0.5,0.3,3.0,3.0,0.5246120376093033,-0.17676024700409954,0.0,0.0,0.26230601880465165,-0.08838012350204977,0.08696294765130094
shc_0214,2,7.0,4,40.0,3,0.9,4,3.5,4,3,"Walls appear to be adequately insulated based on construction year, though no upgrades were observed. The HVAC system was recently replaced with a standard high-efficiency model and is expected to operate efficiently.",0.0,0.3,2.5,3.0,-1.1482579802775057,-0.17676024700409954,-0.5,0.0,-0.8241289901387528,-0.08838012350204977,-0.4562545568204013
shc_0215,2,7.0,4,40.0,3,0.9,5,4.0,4,3,"Walls appear to be adequately insulated based on construction year, though no upgrades were observed. The HVAC system was recently replaced with a standard high-efficiency model and is expected to operate efficiently.",0.0,0.3,2.0,3.0,-1.1482579802775057,-0.17676024700409954,-1.0,0.0,-1.0741289901387527,-0.08838012350204977,-0.5812545568204013
shc_0216,2,7.0,4,40.0,4,0.95,1,1.0,3,3,"Walls appear to be adequately insulated based on construction year, though no upgrades were observed. The home has a functioning central HVAC system of moderate age and efficiency, with no major defects observed but no recent high-efficiency upgrades.",0.5,0.3,3.5,3.0,0.5246120376093033,-0.17676024700409954,0.5,0.0,0.5123060188046517,-0.08838012350204977,0.21196294765130094
shc_0217,2,7.0,4,40.0,4,0.95,2,2.0,3,3,"Walls appear to be adequately insulated based on construction year, though no upgrades were observed. The home has a functioning central HVAC system of moderate age and efficiency, with no major defects observed but no recent high-efficiency upgrades.",0.5,0.3,3.0,3.0,0.5246120376093033,-0.17676024700409954,0.0,0.0,0.26230601880465165,-0.08838012350204977,0.08696294765130094
shc_0218,2,7.0,4,40.0,4,0.95,3,3.0,4,3,"Walls appear to be adequately insulated based on construction year, though no upgrades were observed. The HVAC system was recently replaced with a standard high-efficiency model and is expected to operate efficiently.",0.0,0.3,2.5,3.0,-1.1482579802775057,-0.17676024700409954,-0.5,0.0,-0.8241289901387528,-0.08838012350204977,-0.4562545568204013
shc_0219,2,7.0,4,40.0,4,0.95,4,3.5,4,3,"Walls appear to be adequately insulated based on construction year, though no upgrades were observed. The HVAC system was recently replaced with a standard high-efficiency model and is expected to operate efficiently.",0.0,0.3,2.0,3.0,-1.1482579802775057,-0.17676024700409954,-1.0,0.0,-1.0741289901387527,-0.08838012350204977,-0.5812545568204013
shc_0220,2,7.0,4,40.0,4,0.95,5,4.0,5,3,"Walls appear to be adequately insulated based on construction year, though no upgrades were observed. A state-of-the-art HVAC system with smart thermostats and variable-speed compressors was recently installed, maximizing energy efficiency.",0.0,0.3,1.5,3.0,-1.1482579802775057,-0.17676024700409954,-1.5,0.0,-1.3241289901387527,-0.08838012350204977,-0.7062545568204013
shc_0221,2,7.0,4,40.0,5,1.0,1,1.0,3,3,"Walls appear to be adequately insulated based on construction year, though no upgrades were observed. The home has a functioning central HVAC system of moderate age and efficiency, with no major defects observed but no recent high-efficiency upgrades.",0.5,0.3,3.0,3.0,0.5246120376093033,-0.17676024700409954,0.0,0.0,0.26230601880465165,-0.08838012350204977,0.08696294765130094
shc_0222,2,7.0,4,40.0,5,1.0,2,2.0,4,3,"Walls appear to be adequately insulated based on construction year, though no upgrades were observed. The HVAC system was recently replaced with a standard high-efficiency model and is expected to operate efficiently.",0.0,0.3,2.5,3.0,-1.1482579802775057,-0.17676024700409954,-0.5,0.0,-0.8241289901387528,-0.08838012350204977,-0.4562545568204013
shc_0223,2,7.0,4,40.0,5,1.0,3,3.0,4,3,"Walls appear to be adequately insulated based on construction year, though no upgrades were observed. The HVAC system was recently replaced with a standard high-efficiency model and is expected to operate efficiently.",0.0,0.3,2.0,3.0,-1.1482579802775057,-0.17676024700409954,-1.0,0.0,-1.0741289901387527,-0.08838012350204977,-0.5812545568204013
shc_0224,2,7.0,4,40.0,5,1.0,4,3.5,5,3,"Walls appear to be adequately insulated based on construction year, though no upgrades were observed. A state-of-the-art HVAC system with smart thermostats and variable-speed compressors was recently installed, maximizing energy efficiency.",0.0,0.3,1.5,3.0,-1.1482579802775057,-0.17676024700409954,-1.5,0.0,-1.3241289901387527,-0.08838012350204977,-0.7062545568204013
shc_0225,2,7.0,4,40.0,5,1.0,5,4.0,5,3,"Walls appear to be adequately insulated based on construction year, though no upgrades were observed. A state-of-the-art HVAC system with smart thermostats and variable-speed compressors was recently installed, maximizing energy efficiency.",0.0,0.3,1.0,3.0,-1.1482579802775057,-0.17676024700409954,-2.0,0.0,-1.5741289901387527,-0.08838012350204977,-0.8312545568204013
shc_0226,2,7.0,5,50.0,1,0.7,1,1.0,1,4,"Blown-in insulation is present in the attic to a depth of approximately 10 inches, providing good thermal resistance. The home has an aging central HVAC system showing substantial exterior corrosion and poor operating efficiency.",1.0,0.0,5.0,2.5,2.1974820554961125,-1.0582109468250747,2.0,-0.5,2.0987410277480563,-0.7791054734125373,0.6598177771677595
shc_0227,2,7.0,5,50.0,1,0.7,2,2.0,2,4,"Blown-in insulation is present in the attic to a depth of approximately 10 inches, providing good thermal resistance. The HVAC system appears to be in working condition but is an older standard-efficiency model.",0.7,0.2,4.5,2.5,1.1937600447640266,-0.4705771469444245,1.5,-0.5,1.3468800223820132,-0.4852885734722122,0.43079572445490055
shc_0228,2,7.0,5,50.0,1,0.7,3,3.0,2,4,"Blown-in insulation is present in the attic to a depth of approximately 10 inches, providing good thermal resistance. The HVAC system appears to be in working condition but is an older standard-efficiency model.",0.7,0.2,4.0,2.5,1.1937600447640266,-0.4705771469444245,1.0,-0.5,1.0968800223820132,-0.4852885734722122,0.30579572445490055
shc_0229,2,7.0,5,50.0,1,0.7,4,3.5,3,4,"Blown-in insulation is present in the attic to a depth of approximately 10 inches, providing good thermal resistance. The home has a functioning central HVAC system of moderate age and efficiency, with no major defects observed but no recent high-efficiency upgrades.",0.5,0.2,3.5,2.5,0.5246120376093033,-0.4705771469444245,0.5,-0.5,0.5123060188046517,-0.4852885734722122,0.013508722666219705
shc_0230,2,7.0,5,50.0,1,0.7,5,4.0,3,4,"Blown-in insulation is present in the attic to a depth of approximately 10 inches, providing good thermal resistance. The home has a functioning central HVAC system of moderate age and efficiency, with no major defects observed but no recent high-efficiency upgrades.",0.5,0.2,3.0,2.5,0.5246120376093033,-0.4705771469444245,0.0,-0.5,0.26230601880465165,-0.4852885734722122,-0.1114912773337803
shc_0231,2,7.0,5,50.0,2,0.8,1,1.0,2,4,"Blown-in insulation is present in the attic to a depth of approximately 10 inches, providing good thermal resistance. The HVAC system appears to be in working condition but is an older standard-efficiency model.",0.7,0.2,4.5,2.5,1.1937600447640266,-0.4705771469444245,1.5,-0.5,1.3468800223820132,-0.4852885734722122,0.43079572445490055
shc_0232,2,7.0,5,50.0,2,0.8,2,2.0,2,4,"Blown-in insulation is present in the attic to a depth of approximately 10 inches, providing good thermal resistance. The HVAC system appears to be in working condition but is an older standard-efficiency model.",0.7,0.2,4.0,2.5,1.1937600447640266,-0.4705771469444245,1.0,-0.5,1.0968800223820132,-0.4852885734722122,0.30579572445490055
shc_0233,2,7.0,5,50.0,2,0.8,3,3.0,3,4,"Blown-in insulation is present in the attic to a depth of approximately 10 inches, providing good thermal resistance. The home has a functioning central HVAC system of moderate age and efficiency, with no major defects observed but no recent high-efficiency upgrades.",0.5,0.2,3.5,2.5,0.5246120376093033,-0.4705771469444245,0.5,-0.5,0.5123060188046517,-0.4852885734722122,0.013508722666219705
shc_0234,2,7.0,5,50.0,2,0.8,4,3.5,3,4,"Blown-in insulation is present in the attic to a depth of approximately 10 inches, providing good thermal resistance. The home has a functioning central HVAC system of moderate age and efficiency, with no major defects observed but no recent high-efficiency upgrades.",0.5,0.2,3.0,2.5,0.5246120376093033,-0.4705771469444245,0.0,-0.5,0.26230601880465165,-0.4852885734722122,-0.1114912773337803
shc_0235,2,7.0,5,50.0,2,0.8,5,4.0,4,4,"Blown-in insulation is present in the attic to a depth of approximately 10 inches, providing good thermal resistance. The HVAC system was recently replaced with a standard high-efficiency model and is expected to operate efficiently.",0.0,0.0,2.5,2.5,-1.1482579802775057,-1.0582109468250747,-0.5,-0.5,-0.8241289901387528,-0.7791054734125373,-0.8016172317756451
shc_0236,2,7.0,5,50.0,3,0.9,1,1.0,2,4,"Blown-in insulation is present in the attic to a depth of approximately 10 inches, providing good thermal resistance. The HVAC system appears to be in working condition but is an older standard-efficiency model.",0.7,0.2,4.0,2.5,1.1937600447640266,-0.4705771469444245,1.0,-0.5,1.0968800223820132,-0.4852885734722122,0.30579572445490055
shc_0237,2,7.0,5,50.0,3,0.9,2,2.0,3,4,"Blown-in insulation is present in the attic to a depth of approximately 10 inches, providing good thermal resistance. The home has a functioning central HVAC system of moderate age and efficiency, with no major defects observed but no recent high-efficiency upgrades.",0.5,0.2,3.5,2.5,0.5246120376093033,-0.4705771469444245,0.5,-0.5,0.5123060188046517,-0.4852885734722122,0.013508722666219705
shc_0238,2,7.0,5,50.0,3,0.9,3,3.0,3,4,"Blown-in insulation is present in the attic to a depth of approximately 10 inches, providing good thermal resistance. The home has a functioning central HVAC system of moderate age and efficiency, with no major defects observed but no recent high-efficiency upgrades.",0.5,0.2,3.0,2.5,0.5246120376093033,-0.4705771469444245,0.0,-0.5,0.26230601880465165,-0.4852885734722122,-0.1114912773337803
shc_0239,2,7.0,5,50.0,3,0.9,4,3.5,4,4,"Blown-in insulation is present in the attic to a depth of approximately 10 inches, providing good thermal resistance. The HVAC system was recently replaced with a standard high-efficiency model and is expected to operate efficiently.",0.0,0.0,2.5,2.5,-1.1482579802775057,-1.0582109468250747,-0.5,-0.5,-0.8241289901387528,-0.7791054734125373,-0.8016172317756451
shc_0240,2,7.0,5,50.0,3,0.9,5,4.0,4,4,"Blown-in insulation is present in the attic to a depth of approximately 10 inches, providing good thermal resistance. The HVAC system was recently replaced with a standard high-efficiency model and is expected to operate efficiently.",0.0,0.0,2.0,2.5,-1.1482579802775057,-1.0582109468250747,-1.0,-0.5,-1.0741289901387527,-0.7791054734125373,-0.9266172317756451
shc_0241,2,7.0,5,50.0,4,0.95,1,1.0,3,4,"Blown-in insulation is present in the attic to a depth of approximately 10 inches, providing good thermal resistance. The home has a functioning central HVAC system of moderate age and efficiency, with no major defects observed but no recent high-efficiency upgrades.",0.5,0.2,3.5,2.5,0.5246120376093033,-0.4705771469444245,0.5,-0.5,0.5123060188046517,-0.4852885734722122,0.013508722666219705
shc_0242,2,7.0,5,50.0,4,0.95,2,2.0,3,4,"Blown-in insulation is present in the attic to a depth of approximately 10 inches, providing good thermal resistance. The home has a functioning central HVAC system of moderate age and efficiency, with no major defects observed but no recent high-efficiency upgrades.",0.5,0.2,3.0,2.5,0.5246120376093033,-0.4705771469444245,0.0,-0.5,0.26230601880465165,-0.4852885734722122,-0.1114912773337803
shc_0243,2,7.0,5,50.0,4,0.95,3,3.0,4,4,"Blown-in insulation is present in the attic to a depth of approximately 10 inches, providing good thermal resistance. The HVAC system was recently replaced with a standard high-efficiency model and is expected to operate efficiently.",0.0,0.0,2.5,2.5,-1.1482579802775057,-1.0582109468250747,-0.5,-0.5,-0.8241289901387528,-0.7791054734125373,-0.8016172317756451
shc_0244,2,7.0,5,50.0,4,0.95,4,3.5,4,4,"Blown-in insulation is present in the attic to a depth of approximately 10 inches, providing good thermal resistance. The HVAC system was recently replaced with a standard high-efficiency model and is expected to operate efficiently.",0.0,0.0,2.0,2.5,-1.1482579802775057,-1.0582109468250747,-1.0,-0.5,-1.0741289901387527,-0.7791054734125373,-0.9266172317756451
shc_0245,2,7.0,5,50.0,4,0.95,5,4.0,5,4,"Blown-in insulation is present in the attic to a depth of approximately 10 inches, providing good thermal resistance. A state-of-the-art HVAC system with smart thermostats and variable-speed compressors was recently installed, maximizing energy efficiency.",0.0,0.0,1.5,2.5,-1.1482579802775057,-1.0582109468250747,-1.5,-0.5,-1.3241289901387527,-0.7791054734125373,-1.0516172317756451
shc_0246,2,7.0,5,50.0,5,1.0,1,1.0,3,4,"Blown-in insulation is present in the attic to a depth of approximately 10 inches, providing good thermal resistance. The home has a functioning central HVAC system of moderate age and efficiency, with no major defects observed but no recent high-efficiency upgrades.",0.5,0.2,3.0,2.5,0.5246120376093033,-0.4705771469444245,0.0,-0.5,0.26230601880465165,-0.4852885734722122,-0.1114912773337803
shc_0247,2,7.0,5,50.0,5,1.0,2,2.0,4,4,"Blown-in insulation is present in the attic to a depth of approximately 10 inches, providing good thermal resistance. The HVAC system was recently replaced with a standard high-efficiency model and is expected to operate efficiently.",0.0,0.0,2.5,2.5,-1.1482579802775057,-1.0582109468250747,-0.5,-0.5,-0.8241289901387528,-0.7791054734125373,-0.8016172317756451
shc_0248,2,7.0,5,50.0,5,1.0,3,3.0,4,4,"Blown-in insulation is present in the attic to a depth of approximately 10 inches, providing good thermal resistance. The HVAC system was recently replaced with a standard high-efficiency model and is expected to operate efficiently.",0.0,0.0,2.0,2.5,-1.1482579802775057,-1.0582109468250747,-1.0,-0.5,-1.0741289901387527,-0.7791054734125373,-0.9266172317756451
shc_0249,2,7.0,5,50.0,5,1.0,4,3.5,5,4,"Blown-in insulation is present in the attic to a depth of approximately 10 inches, providing good thermal resistance. A state-of-the-art HVAC system with smart thermostats and variable-speed compressors was recently installed, maximizing energy efficiency.",0.0,0.0,1.5,2.5,-1.1482579802775057,-1.0582109468250747,-1.5,-0.5,-1.3241289901387527,-0.7791054734125373,-1.0516172317756451
shc_0250,2,7.0,5,50.0,5,1.0,5,4.0,5,4,"Blown-in insulation is present in the attic to a depth of approximately 10 inches, providing good thermal resistance. A state-of-the-art HVAC system with smart thermostats and variable-speed compressors was recently installed, maximizing energy efficiency.",0.0,0.0,1.0,2.5,-1.1482579802775057,-1.0582109468250747,-2.0,-0.5,-1.5741289901387527,-0.7791054734125373,-1.1766172317756451
shc_0251,3,13.0,1,10.0,1,0.7,1,1.0,1,2,"No signs of added insulation were observed in the basement ceiling, suggesting potential energy inefficiency. The home has an aging central HVAC system showing substantial exterior corrosion and poor operating efficiency.",1.0,0.7,5.0,4.0,2.1974820554961125,0.9985073527572006,2.0,1.0,2.0987410277480563,0.9992536763786003,1.5489973520633282
shc_0252,3,13.0,1,10.0,1,0.7,2,2.0,2,2,"No signs of added insulation were observed in the basement ceiling, suggesting potential energy inefficiency. The HVAC system appears to be in working condition but is an older standard-efficiency model.",0.5,0.7,4.5,4.0,0.5246120376093033,0.9985073527572006,1.5,1.0,1.0123060188046518,0.9992536763786003,1.005779847591626
shc_0253,3,13.0,1,10.0,1,0.7,3,3.0,2,2,"No signs of added insulation were observed in the basement ceiling, suggesting potential energy inefficiency. The HVAC system appears to be in working condition but is an older standard-efficiency model.",0.5,0.7,4.0,4.0,0.5246120376093033,0.9985073527572006,1.0,1.0,0.7623060188046517,0.9992536763786003,0.880779847591626
shc_0254,3,13.0,1,10.0,1,0.7,4,3.5,3,2,"No signs of added insulation were observed in the basement ceiling, suggesting potential energy inefficiency. The home has a functioning central HVAC system of moderate age and efficiency, with no major defects observed but no recent high-efficiency upgrades.",0.5,1.0,3.5,4.0,0.5246120376093033,1.8799580525781756,0.5,1.0,0.5123060188046517,1.439979026289088,0.9761425225468697
shc_0255,3,13.0,1,10.0,1,0.7,5,4.0,3,2,"No signs of added insulation were observed in the basement ceiling, suggesting potential energy inefficiency. The home has a functioning central HVAC system of moderate age and efficiency, with no major defects observed but no recent high-efficiency upgrades.",0.5,1.0,3.0,4.0,0.5246120376093033,1.8799580525781756,0.0,1.0,0.26230601880465165,1.439979026289088,0.8511425225468697
shc_0256,3,13.0,1,10.0,2,0.8,1,1.0,2,2,"No signs of added insulation were observed in the basement ceiling, suggesting potential energy inefficiency. The HVAC system appears to be in working condition but is an older standard-efficiency model.",0.5,0.7,4.5,4.0,0.5246120376093033,0.9985073527572006,1.5,1.0,1.0123060188046518,0.9992536763786003,1.005779847591626
shc_0257,3,13.0,1,10.0,2,0.8,2,2.0,2,2,"No signs of added insulation were observed in the basement ceiling, suggesting potential energy inefficiency. The HVAC system appears to be in working condition but is an older standard-efficiency model.",0.5,0.7,4.0,4.0,0.5246120376093033,0.9985073527572006,1.0,1.0,0.7623060188046517,0.9992536763786003,0.880779847591626
shc_0258,3,13.0,1,10.0,2,0.8,3,3.0,3,2,"No signs of added insulation were observed in the basement ceiling, suggesting potential energy inefficiency. The home has a functioning central HVAC system of moderate age and efficiency, with no major defects observed but no recent high-efficiency upgrades.",0.5,1.0,3.5,4.0,0.5246120376093033,1.8799580525781756,0.5,1.0,0.5123060188046517,1.439979026289088,0.9761425225468697
shc_0259,3,13.0,1,10.0,2,0.8,4,3.5,3,2,"No signs of added insulation were observed in the basement ceiling, suggesting potential energy inefficiency. The home has a functioning central HVAC system of moderate age and efficiency, with no major defects observed but no recent high-efficiency upgrades.",0.5,1.0,3.0,4.0,0.5246120376093033,1.8799580525781756,0.0,1.0,0.26230601880465165,1.439979026289088,0.8511425225468697
shc_0260,3,13.0,1,10.0,2,0.8,5,4.0,4,2,"No signs of added insulation were observed in the basement ceiling, suggesting potential energy inefficiency. The HVAC system was recently replaced with a standard high-efficiency model and is expected to operate efficiently.",0.0,1.0,2.5,4.0,-1.1482579802775057,1.8799580525781756,-0.5,1.0,-0.8241289901387528,1.439979026289088,0.3079250180751675
shc_0261,3,13.0,1,10.0,3,0.9,1,1.0,2,2,"No signs of added insulation were observed in the basement ceiling, suggesting potential energy inefficiency. The HVAC system appears to be in working condition but is an older standard-efficiency model.",0.5,0.7,4.0,4.0,0.5246120376093033,0.9985073527572006,1.0,1.0,0.7623060188046517,0.9992536763786003,0.880779847591626
shc_0262,3,13.0,1,10.0,3,0.9,2,2.0,3,2,"No signs of added insulation were observed in the basement ceiling, suggesting potential energy inefficiency. The home has a functioning central HVAC system of moderate age and efficiency, with no major defects observed but no recent high-efficiency upgrades.",0.5,1.0,3.5,4.0,0.5246120376093033,1.8799580525781756,0.5,1.0,0.5123060188046517,1.439979026289088,0.9761425225468697
shc_0263,3,13.0,1,10.0,3,0.9,3,3.0,3,2,"No signs of added insulation were observed in the basement ceiling, suggesting potential energy inefficiency. The home has a functioning central HVAC system of moderate age and efficiency, with no major defects observed but no recent high-efficiency upgrades.",0.5,1.0,3.0,4.0,0.5246120376093033,1.8799580525781756,0.0,1.0,0.26230601880465165,1.439979026289088,0.8511425225468697
shc_0264,3,13.0,1,10.0,3,0.9,4,3.5,4,2,"No signs of added insulation were observed in the basement ceiling, suggesting potential energy inefficiency. The HVAC system was recently replaced with a standard high-efficiency model and is expected to operate efficiently.",0.0,1.0,2.5,4.0,-1.1482579802775057,1.8799580525781756,-0.5,1.0,-0.8241289901387528,1.439979026289088,0.3079250180751675
shc_0265,3,13.0,1,10.0,3,0.9,5,4.0,4,2,"No signs of added insulation were observed in the basement ceiling, suggesting potential energy inefficiency. The HVAC system was recently replaced with a standard high-efficiency model and is expected to operate efficiently.",0.0,1.0,2.0,4.0,-1.1482579802775057,1.8799580525781756,-1.0,1.0,-1.0741289901387527,1.439979026289088,0.18292501807516748
shc_0266,3,13.0,1,10.0,4,0.95,1,1.0,3,2,"No signs of added insulation were observed in the basement ceiling, suggesting potential energy inefficiency. The home has a functioning central HVAC system of moderate age and efficiency, with no major defects observed but no recent high-efficiency upgrades.",0.5,1.0,3.5,4.0,0.5246120376093033,1.8799580525781756,0.5,1.0,0.5123060188046517,1.439979026289088,0.9761425225468697
shc_0267,3,13.0,1,10.0,4,0.95,2,2.0,3,2,"No signs of added insulation were observed in the basement ceiling, suggesting potential energy inefficiency. The home has a functioning central HVAC system of moderate age and efficiency, with no major defects observed but no recent high-efficiency upgrades.",0.5,1.0,3.0,4.0,0.5246120376093033,1.8799580525781756,0.0,1.0,0.26230601880465165,1.439979026289088,0.8511425225468697
shc_0268,3,13.0,1,10.0,4,0.95,3,3.0,4,2,"No signs of added insulation were observed in the basement ceiling, suggesting potential energy inefficiency. The HVAC system was recently replaced with a standard high-efficiency model and is expected to operate efficiently.",0.0,1.0,2.5,4.0,-1.1482579802775057,1.8799580525781756,-0.5,1.0,-0.8241289901387528,1.439979026289088,0.3079250180751675
shc_0269,3,13.0,1,10.0,4,0.95,4,3.5,4,2,"No signs of added insulation were observed in the basement ceiling, suggesting potential energy inefficiency. The HVAC system was recently replaced with a standard high-efficiency model and is expected to operate efficiently.",0.0,1.0,2.0,4.0,-1.1482579802775057,1.8799580525781756,-1.0,1.0,-1.0741289901387527,1.439979026289088,0.18292501807516748
shc_0270,3,13.0,1,10.0,4,0.95,5,4.0,5,2,"No signs of added insulation were observed in the basement ceiling, suggesting potential energy inefficiency. A state-of-the-art HVAC system with smart thermostats and variable-speed compressors was recently installed, maximizing energy efficiency.",0.0,0.8,1.5,4.0,-1.1482579802775057,1.2923242526975258,-1.5,1.0,-1.3241289901387527,1.146162126348763,-0.08898343189499497
shc_0271,3,13.0,1,10.0,5,1.0,1,1.0,3,2,"No signs of added insulation were observed in the basement ceiling, suggesting potential energy inefficiency. The home has a functioning central HVAC system of moderate age and efficiency, with no major defects observed but no recent high-efficiency upgrades.",0.5,1.0,3.0,4.0,0.5246120376093033,1.8799580525781756,0.0,1.0,0.26230601880465165,1.439979026289088,0.8511425225468697
shc_0272,3,13.0,1,10.0,5,1.0,2,2.0,4,2,"No signs of added insulation were observed in the basement ceiling, suggesting potential energy inefficiency. The HVAC system was recently replaced with a standard high-efficiency model and is expected to operate efficiently.",0.0,1.0,2.5,4.0,-1.1482579802775057,1.8799580525781756,-0.5,1.0,-0.8241289901387528,1.439979026289088,0.3079250180751675
shc_0273,3,13.0,1,10.0,5,1.0,3,3.0,4,2,"No signs of added insulation were observed in the basement ceiling, suggesting potential energy inefficiency. The HVAC system was recently replaced with a standard high-efficiency model and is expected to operate efficiently.",0.0,1.0,2.0,4.0,-1.1482579802775057,1.8799580525781756,-1.0,1.0,-1.0741289901387527,1.439979026289088,0.18292501807516748
shc_0274,3,13.0,1,10.0,5,1.0,4,3.5,5,2,"No signs of added insulation were observed in the basement ceiling, suggesting potential energy inefficiency. A state-of-the-art HVAC system with smart thermostats and variable-speed compressors was recently installed, maximizing energy efficiency.",0.0,0.8,1.5,4.0,-1.1482579802775057,1.2923242526975258,-1.5,1.0,-1.3241289901387527,1.146162126348763,-0.08898343189499497
shc_0275,3,13.0,1,10.0,5,1.0,5,4.0,5,2,"No signs of added insulation were observed in the basement ceiling, suggesting potential energy inefficiency. A state-of-the-art HVAC system with smart thermostats and variable-speed compressors was recently installed, maximizing energy efficiency.",0.0,0.8,1.0,4.0,-1.1482579802775057,1.2923242526975258,-2.0,1.0,-1.5741289901387527,1.146162126348763,-0.21398343189499497
shc_0276,3,13.0,2,20.0,1,0.7,1,1.0,1,3,"Walls appear to be adequately insulated based on construction year, though no upgrades were observed. The home has an aging central HVAC system showing substantial exterior corrosion and poor operating efficiency.",1.0,0.3,5.0,3.5,2.1974820554961125,-0.17676024700409954,2.0,0.5,2.0987410277480563,0.16161987649795023,1.1301804521230032
shc_0277,3,13.0,2,20.0,1,0.7,2,2.0,2,3,"Walls appear to be adequately insulated based on construction year, though no upgrades were observed. The HVAC system appears to be in working condition but is an older standard-efficiency model.",0.6,0.3,4.5,3.5,0.859186041186665,-0.17676024700409954,1.5,0.5,1.1795930205933325,0.16161987649795023,0.6706064485456413
shc_0278,3,13.0,2,20.0,1,0.7,3,3.0,2,3,"Walls appear to be adequately insulated based on construction year, though no upgrades were observed. The HVAC system appears to be in working condition but is an older standard-efficiency model.",0.6,0.3,4.0,3.5,0.859186041186665,-0.17676024700409954,1.0,0.5,0.9295930205933325,0.16161987649795023,0.5456064485456413
shc_0279,3,13.0,2,20.0,1,0.7,4,3.5,3,3,"Walls appear to be adequately insulated based on construction year, though no upgrades were observed. The home has a functioning central HVAC system of moderate age and efficiency, with no major defects observed but no recent high-efficiency upgrades.",0.5,0.3,3.5,3.5,0.5246120376093033,-0.17676024700409954,0.5,0.5,0.5123060188046517,0.16161987649795023,0.33696294765130097
shc_0280,3,13.0,2,20.0,1,0.7,5,4.0,3,3,"Walls appear to be adequately insulated based on construction year, though no upgrades were observed. The home has a functioning central HVAC system of moderate age and efficiency, with no major defects observed but no recent high-efficiency upgrades.",0.5,0.3,3.0,3.5,0.5246120376093033,-0.17676024700409954,0.0,0.5,0.26230601880465165,0.16161987649795023,0.21196294765130094
shc_0281,3,13.0,2,20.0,2,0.8,1,1.0,2,3,"Walls appear to be adequately insulated based on construction year, though no upgrades were observed. The HVAC system appears to be in working condition but is an older standard-efficiency model.",0.6,0.3,4.5,3.5,0.859186041186665,-0.17676024700409954,1.5,0.5,1.1795930205933325,0.16161987649795023,0.6706064485456413
shc_0282,3,13.0,2,20.0,2,0.8,2,2.0,2,3,"Walls appear to be adequately insulated based on construction year, though no upgrades were observed. The HVAC system appears to be in working condition but is an older standard-efficiency model.",0.6,0.3,4.0,3.5,0.859186041186665,-0.17676024700409954,1.0,0.5,0.9295930205933325,0.16161987649795023,0.5456064485456413
shc_0283,3,13.0,2,20.0,2,0.8,3,3.0,3,3,"Walls appear to be adequately insulated based on construction year, though no upgrades were observed. The home has a functioning central HVAC system of moderate age and efficiency, with no major defects observed but no recent high-efficiency upgrades.",0.5,0.3,3.5,3.5,0.5246120376093033,-0.17676024700409954,0.5,0.5,0.5123060188046517,0.16161987649795023,0.33696294765130097
shc_0284,3,13.0,2,20.0,2,0.8,4,3.5,3,3,"Walls appear to be adequately insulated based on construction year, though no upgrades were observed. The home has a functioning central HVAC system of moderate age and efficiency, with no major defects observed but no recent high-efficiency upgrades.",0.5,0.3,3.0,3.5,0.5246120376093033,-0.17676024700409954,0.0,0.5,0.26230601880465165,0.16161987649795023,0.21196294765130094
shc_0285,3,13.0,2,20.0,2,0.8,5,4.0,4,3,"Walls appear to be adequately insulated based on construction year, though no upgrades were observed. The HVAC system was recently replaced with a standard high-efficiency model and is expected to operate efficiently.",0.0,0.3,2.5,3.5,-1.1482579802775057,-0.17676024700409954,-0.5,0.5,-0.8241289901387528,0.16161987649795023,-0.3312545568204013
shc_0286,3,13.0,2,20.0,3,0.9,1,1.0,2,3,"Walls appear to be adequately insulated based on construction year, though no upgrades were observed. The HVAC system appears to be in working condition but is an older standard-efficiency model.",0.6,0.3,4.0,3.5,0.859186041186665,-0.17676024700409954,1.0,0.5,0.9295930205933325,0.16161987649795023,0.5456064485456413
shc_0287,3,13.0,2,20.0,3,0.9,2,2.0,3,3,"Walls appear to be adequately insulated based on construction year, though no upgrades were observed. The home has a functioning central HVAC system of moderate age and efficiency, with no major defects observed but no recent high-efficiency upgrades.",0.5,0.3,3.5,3.5,0.5246120376093033,-0.17676024700409954,0.5,0.5,0.5123060188046517,0.16161987649795023,0.33696294765130097
shc_0288,3,13.0,2,20.0,3,0.9,3,3.0,3,3,"Walls appear to be adequately insulated based on construction year, though no upgrades were observed. The home has a functioning central HVAC system of moderate age and efficiency, with no major defects observed but no recent high-efficiency upgrades.",0.5,0.3,3.0,3.5,0.5246120376093033,-0.17676024700409954,0.0,0.5,0.26230601880465165,0.16161987649795023,0.21196294765130094
shc_0289,3,13.0,2,20.0,3,0.9,4,3.5,4,3,"Walls appear to be adequately insulated based on construction year, though no upgrades were observed. The HVAC system was recently replaced with a standard high-efficiency model and is expected to operate efficiently.",0.0,0.3,2.5,3.5,-1.1482579802775057,-0.17676024700409954,-0.5,0.5,-0.8241289901387528,0.16161987649795023,-0.3312545568204013
shc_0290,3,13.0,2,20.0,3,0.9,5,4.0,4,3,"Walls appear to be adequately insulated based on construction year, though no upgrades were observed. The HVAC system was recently replaced with a standard high-efficiency model and is expected to operate efficiently.",0.0,0.3,2.0,3.5,-1.1482579802775057,-0.17676024700409954,-1.0,0.5,-1.0741289901387527,0.16161987649795023,-0.4562545568204013
shc_0291,3,13.0,2,20.0,4,0.95,1,1.0,3,3,"Walls appear to be adequately insulated based on construction year, though no upgrades were observed. The home has a functioning central HVAC system of moderate age and efficiency, with no major defects observed but no recent high-efficiency upgrades.",0.5,0.3,3.5,3.5,0.5246120376093033,-0.17676024700409954,0.5,0.5,0.5123060188046517,0.16161987649795023,0.33696294765130097
shc_0292,3,13.0,2,20.0,4,0.95,2,2.0,3,3,"Walls appear to be adequately insulated based on construction year, though no upgrades were observed. The home has a functioning central HVAC system of moderate age and efficiency, with no major defects observed but no recent high-efficiency upgrades.",0.5,0.3,3.0,3.5,0.5246120376093033,-0.17676024700409954,0.0,0.5,0.26230601880465165,0.16161987649795023,0.21196294765130094
shc_0293,3,13.0,2,20.0,4,0.95,3,3.0,4,3,"Walls appear to be adequately insulated based on construction year, though no upgrades were observed. The HVAC system was recently replaced with a standard high-efficiency model and is expected to operate efficiently.",0.0,0.3,2.5,3.5,-1.1482579802775057,-0.17676024700409954,-0.5,0.5,-0.8241289901387528,0.16161987649795023,-0.3312545568204013
shc_0294,3,13.0,2,20.0,4,0.95,4,3.5,4,3,"Walls appear to be adequately insulated based on construction year, though no upgrades were observed. The HVAC system was recently replaced with a standard high-efficiency model and is expected to operate efficiently.",0.0,0.3,2.0,3.5,-1.1482579802775057,-0.17676024700409954,-1.0,0.5,-1.0741289901387527,0.16161987649795023,-0.4562545568204013
shc_0295,3,13.0,2,20.0,4,0.95,5,4.0,5,3,"Walls appear to be adequately insulated based on construction year, though no upgrades were observed. A state-of-the-art HVAC system with smart thermostats and variable-speed compressors was recently installed, maximizing energy efficiency.",0.0,0.3,1.5,3.5,-1.1482579802775057,-0.17676024700409954,-1.5,0.5,-1.3241289901387527,0.16161987649795023,-0.5812545568204013
shc_0296,3,13.0,2,20.0,5,1.0,1,1.0,3,3,"Walls appear to be adequately insulated based on construction year, though no upgrades were observed. The home has a functioning central HVAC system of moderate age and efficiency, with no major defects observed but no recent high-efficiency upgrades.",0.5,0.3,3.0,3.5,0.5246120376093033,-0.17676024700409954,0.0,0.5,0.26230601880465165,0.16161987649795023,0.21196294765130094
shc_0297,3,13.0,2,20.0,5,1.0,2,2.0,4,3,"Walls appear to be adequately insulated based on construction year, though no upgrades were observed. The HVAC system was recently replaced with a standard high-efficiency model and is expected to operate efficiently.",0.0,0.3,2.5,3.5,-1.1482579802775057,-0.17676024700409954,-0.5,0.5,-0.8241289901387528,0.16161987649795023,-0.3312545568204013
shc_0298,3,13.0,2,20.0,5,1.0,3,3.0,4,3,"Walls appear to be adequately insulated based on construction year, though no upgrades were observed. The HVAC system was recently replaced with a standard high-efficiency model and is expected to operate efficiently.",0.0,0.3,2.0,3.5,-1.1482579802775057,-0.17676024700409954,-1.0,0.5,-1.0741289901387527,0.16161987649795023,-0.4562545568204013
shc_0299,3,13.0,2,20.0,5,1.0,4,3.5,5,3,"Walls appear to be adequately insulated based on construction year, though no upgrades were observed. A state-of-the-art HVAC system with smart thermostats and variable-speed compressors was recently installed, maximizing energy efficiency.",0.0,0.3,1.5,3.5,-1.1482579802775057,-0.17676024700409954,-1.5,0.5,-1.3241289901387527,0.16161987649795023,-0.5812545568204013
shc_0300,3,13.0,2,20.0,5,1.0,5,4.0,5,3,"Walls appear to be adequately insulated based on construction year, though no upgrades were observed. A state-of-the-art HVAC system with smart thermostats and variable-speed compressors was recently installed, maximizing energy efficiency.",0.0,0.3,1.0,3.5,-1.1482579802775057,-0.17676024700409954,-2.0,0.5,-1.5741289901387527,0.16161987649795023,-0.7062545568204013
shc_0301,3,13.0,3,30.0,1,0.7,1,1.0,1,3,"Walls appear to be adequately insulated based on construction year, though no upgrades were observed. The home has an aging central HVAC system showing substantial exterior corrosion and poor operating efficiency.",1.0,0.3,5.0,3.0,2.1974820554961125,-0.17676024700409954,2.0,0.0,2.0987410277480563,-0.08838012350204977,1.0051804521230032
shc_0302,3,13.0,3,30.0,1,0.7,2,2.0,2,3,"Walls appear to be adequately insulated based on construction year, though no upgrades were observed. The HVAC system appears to be in working condition but is an older standard-efficiency model.",0.6,0.3,4.5,3.0,0.859186041186665,-0.17676024700409954,1.5,0.0,1.1795930205933325,-0.08838012350204977,0.5456064485456413
shc_0303,3,13.0,3,30.0,1,0.7,3,3.0,2,3,"Walls appear to be adequately insulated based on construction year, though no upgrades were observed. The HVAC system appears to be in working condition but is an older standard-efficiency model.",0.6,0.3,4.0,3.0,0.859186041186665,-0.17676024700409954,1.0,0.0,0.9295930205933325,-0.08838012350204977,0.42060644854564133
shc_0304,3,13.0,3,30.0,1,0.7,4,3.5,3,3,"Walls appear to be adequately insulated based on construction year, though no upgrades were observed. The home has a functioning central HVAC system of moderate age and efficiency, with no major defects observed but no recent high-efficiency upgrades.",0.5,0.3,3.5,3.0,0.5246120376093033,-0.17676024700409954,0.5,0.0,0.5123060188046517,-0.08838012350204977,0.21196294765130094
shc_0305,3,13.0,3,30.0,1,0.7,5,4.0,3,3,"Walls appear to be adequately insulated based on construction year, though no upgrades were observed. The home has a functioning central HVAC system of moderate age and efficiency, with no major defects observed but no recent high-efficiency upgrades.",0.5,0.3,3.0,3.0,0.5246120376093033,-0.17676024700409954,0.0,0.0,0.26230601880465165,-0.08838012350204977,0.08696294765130094
shc_0306,3,13.0,3,30.0,2,0.8,1,1.0,2,3,"Walls appear to be adequately insulated based on construction year, though no upgrades were observed. The HVAC system appears to be in working condition but is an older standard-efficiency model.",0.6,0.3,4.5,3.0,0.859186041186665,-0.17676024700409954,1.5,0.0,1.1795930205933325,-0.08838012350204977,0.5456064485456413
shc_0307,3,13.0,3,30.0,2,0.8,2,2.0,2,3,"Walls appear to be adequately insulated based on construction year, though no upgrades were observed. The HVAC system appears to be in working condition but is an older standard-efficiency model.",0.6,0.3,4.0,3.0,0.859186041186665,-0.17676024700409954,1.0,0.0,0.9295930205933325,-0.08838012350204977,0.42060644854564133
shc_0308,3,13.0,3,30.0,2,0.8,3,3.0,3,3,"Walls appear to be adequately insulated based on construction year, though no upgrades were observed. The home has a functioning central HVAC system of moderate age and efficiency, with no major defects observed but no recent high-efficiency upgrades.",0.5,0.3,3.5,3.0,0.5246120376093033,-0.17676024700409954,0.5,0.0,0.5123060188046517,-0.08838012350204977,0.21196294765130094
shc_0309,3,13.0,3,30.0,2,0.8,4,3.5,3,3,"Walls appear to be adequately insulated based on construction year, though no upgrades were observed. The home has a functioning central HVAC system of moderate age and efficiency, with no major defects observed but no recent high-efficiency upgrades.",0.5,0.3,3.0,3.0,0.5246120376093033,-0.17676024700409954,0.0,0.0,0.26230601880465165,-0.08838012350204977,0.08696294765130094
shc_0310,3,13.0,3,30.0,2,0.8,5,4.0,4,3,"Walls appear to be adequately insulated based on construction year, though no upgrades were observed. The HVAC system was recently replaced with a standard high-efficiency model and is expected to operate efficiently.",0.0,0.3,2.5,3.0,-1.1482579802775057,-0.17676024700409954,-0.5,0.0,-0.8241289901387528,-0.08838012350204977,-0.4562545568204013
shc_0311,3,13.0,3,30.0,3,0.9,1,1.0,2,3,"Walls appear to be adequately insulated based on construction year, though no upgrades were observed. The HVAC system appears to be in working condition but is an older standard-efficiency model.",0.6,0.3,4.0,3.0,0.859186041186665,-0.17676024700409954,1.0,0.0,0.9295930205933325,-0.08838012350204977,0.42060644854564133
shc_0312,3,13.0,3,30.0,3,0.9,2,2.0,3,3,"Walls appear to be adequately insulated based on construction year, though no upgrades were observed. The home has a functioning central HVAC system of moderate age and efficiency, with no major defects observed but no recent high-efficiency upgrades.",0.5,0.3,3.5,3.0,0.5246120376093033,-0.17676024700409954,0.5,0.0,0.5123060188046517,-0.08838012350204977,0.21196294765130094
shc_0313,3,13.0,3,30.0,3,0.9,3,3.0,3,3,"Walls appear to be adequately insulated based on construction year, though no upgrades were observed. The home has a functioning central HVAC system of moderate age and efficiency, with no major defects observed but no recent high-efficiency upgrades.",0.5,0.3,3.0,3.0,0.5246120376093033,-0.17676024700409954,0.0,0.0,0.26230601880465165,-0.08838012350204977,0.08696294765130094
shc_0314,3,13.0,3,30.0,3,0.9,4,3.5,4,3,"Walls appear to be adequately insulated based on construction year, though no upgrades were observed. The HVAC system was recently replaced with a standard high-efficiency model and is expected to operate efficiently.",0.0,0.3,2.5,3.0,-1.1482579802775057,-0.17676024700409954,-0.5,0.0,-0.8241289901387528,-0.08838012350204977,-0.4562545568204013
shc_0315,3,13.0,3,30.0,3,0.9,5,4.0,4,3,"Walls appear to be adequately insulated based on construction year, though no upgrades were observed. The HVAC system was recently replaced with a standard high-efficiency model and is expected to operate efficiently.",0.0,0.3,2.0,3.0,-1.1482579802775057,-0.17676024700409954,-1.0,0.0,-1.0741289901387527,-0.08838012350204977,-0.5812545568204013
shc_0316,3,13.0,3,30.0,4,0.95,1,1.0,3,3,"Walls appear to be adequately insulated based on construction year, though no upgrades were observed. The home has a functioning central HVAC system of moderate age and efficiency, with no major defects observed but no recent high-efficiency upgrades.",0.5,0.3,3.5,3.0,0.5246120376093033,-0.17676024700409954,0.5,0.0,0.5123060188046517,-0.08838012350204977,0.21196294765130094
shc_0317,3,13.0,3,30.0,4,0.95,2,2.0,3,3,"Walls appear to be adequately insulated based on construction year, though no upgrades were observed. The home has a functioning central HVAC system of moderate age and efficiency, with no major defects observed but no recent high-efficiency upgrades.",0.5,0.3,3.0,3.0,0.5246120376093033,-0.17676024700409954,0.0,0.0,0.26230601880465165,-0.08838012350204977,0.08696294765130094
shc_0318,3,13.0,3,30.0,4,0.95,3,3.0,4,3,"Walls appear to be adequately insulated based on construction year, though no upgrades were observed. The HVAC system was recently replaced with a standard high-efficiency model and is expected to operate efficiently.",0.0,0.3,2.5,3.0,-1.1482579802775057,-0.17676024700409954,-0.5,0.0,-0.8241289901387528,-0.08838012350204977,-0.4562545568204013
shc_0319,3,13.0,3,30.0,4,0.95,4,3.5,4,3,"Walls appear to be adequately insulated based on construction year, though no upgrades were observed. The HVAC system was recently replaced with a standard high-efficiency model and is expected to operate efficiently.",0.0,0.3,2.0,3.0,-1.1482579802775057,-0.17676024700409954,-1.0,0.0,-1.0741289901387527,-0.08838012350204977,-0.5812545568204013
shc_0320,3,13.0,3,30.0,4,0.95,5,4.0,5,3,"Walls appear to be adequately insulated based on construction year, though no upgrades were observed. A state-of-the-art HVAC system with smart thermostats and variable-speed compressors was recently installed, maximizing energy efficiency.",0.0,0.3,1.5,3.0,-1.1482579802775057,-0.17676024700409954,-1.5,0.0,-1.3241289901387527,-0.08838012350204977,-0.7062545568204013
shc_0321,3,13.0,3,30.0,5,1.0,1,1.0,3,3,"Walls appear to be adequately insulated based on construction year, though no upgrades were observed. The home has a functioning central HVAC system of moderate age and efficiency, with no major defects observed but no recent high-efficiency upgrades.",0.5,0.3,3.0,3.0,0.5246120376093033,-0.17676024700409954,0.0,0.0,0.26230601880465165,-0.08838012350204977,0.08696294765130094
shc_0322,3,13.0,3,30.0,5,1.0,2,2.0,4,3,"Walls appear to be adequately insulated based on construction year, though no upgrades were observed. The HVAC system was recently replaced with a standard high-efficiency model and is expected to operate efficiently.",0.0,0.3,2.5,3.0,-1.1482579802775057,-0.17676024700409954,-0.5,0.0,-0.8241289901387528,-0.08838012350204977,-0.4562545568204013
shc_0323,3,13.0,3,30.0,5,1.0,3,3.0,4,3,"Walls appear to be adequately insulated based on construction year, though no upgrades were observed. The HVAC system was recently replaced with a standard high-efficiency model and is expected to operate efficiently.",0.0,0.3,2.0,3.0,-1.1482579802775057,-0.17676024700409954,-1.0,0.0,-1.0741289901387527,-0.08838012350204977,-0.5812545568204013
shc_0324,3,13.0,3,30.0,5,1.0,4,3.5,5,3,"Walls appear to be adequately insulated based on construction year, though no upgrades were observed. A state-of-the-art HVAC system with smart thermostats and variable-speed compressors was recently installed, maximizing energy efficiency.",0.0,0.3,1.5,3.0,-1.1482579802775057,-0.17676024700409954,-1.5,0.0,-1.3241289901387527,-0.08838012350204977,-0.7062545568204013
shc_0325,3,13.0,3,30.0,5,1.0,5,4.0,5,3,"Walls appear to be adequately insulated based on construction year, though no upgrades were observed. A state-of-the-art HVAC system with smart thermostats and variable-speed compressors was recently installed, maximizing energy efficiency.",0.0,0.3,1.0,3.0,-1.1482579802775057,-0.17676024700409954,-2.0,0.0,-1.5741289901387527,-0.08838012350204977,-0.8312545568204013
shc_0326,3,13.0,4,40.0,1,0.7,1,1.0,1,4,"Blown-in insulation is present in the attic to a depth of approximately 10 inches, providing good thermal resistance. The home has an aging central HVAC system showing substantial exterior corrosion and poor operating efficiency.",1.0,0.0,5.0,2.5,2.1974820554961125,-1.0582109468250747,2.0,-0.5,2.0987410277480563,-0.7791054734125373,0.6598177771677595
shc_0327,3,13.0,4,40.0,1,0.7,2,2.0,2,4,"Blown-in insulation is present in the attic to a depth of approximately 10 inches, providing good thermal resistance. The HVAC system appears to be in working condition but is an older standard-efficiency model.",0.7,0.2,4.5,2.5,1.1937600447640266,-0.4705771469444245,1.5,-0.5,1.3468800223820132,-0.4852885734722122,0.43079572445490055
shc_0328,3,13.0,4,40.0,1,0.7,3,3.0,2,4,"Blown-in insulation is present in the attic to a depth of approximately 10 inches, providing good thermal resistance. The HVAC system appears to be in working condition but is an older standard-efficiency model.",0.7,0.2,4.0,2.5,1.1937600447640266,-0.4705771469444245,1.0,-0.5,1.0968800223820132,-0.4852885734722122,0.30579572445490055
shc_0329,3,13.0,4,40.0,1,0.7,4,3.5,3,4,"Blown-in insulation is present in the attic to a depth of approximately 10 inches, providing good thermal resistance. The home has a functioning central HVAC system of moderate age and efficiency, with no major defects observed but no recent high-efficiency upgrades.",0.5,0.2,3.5,2.5,0.5246120376093033,-0.4705771469444245,0.5,-0.5,0.5123060188046517,-0.4852885734722122,0.013508722666219705
shc_0330,3,13.0,4,40.0,1,0.7,5,4.0,3,4,"Blown-in insulation is present in the attic to a depth of approximately 10 inches, providing good thermal resistance. The home has a functioning central HVAC system of moderate age and efficiency, with no major defects observed but no recent high-efficiency upgrades.",0.5,0.2,3.0,2.5,0.5246120376093033,-0.4705771469444245,0.0,-0.5,0.26230601880465165,-0.4852885734722122,-0.1114912773337803
shc_0331,3,13.0,4,40.0,2,0.8,1,1.0,2,4,"Blown-in insulation is present in the attic to a depth of approximately 10 inches, providing good thermal resistance. The HVAC system appears to be in working condition but is an older standard-efficiency model.",0.7,0.2,4.5,2.5,1.1937600447640266,-0.4705771469444245,1.5,-0.5,1.3468800223820132,-0.4852885734722122,0.43079572445490055
shc_0332,3,13.0,4,40.0,2,0.8,2,2.0,2,4,"Blown-in insulation is present in the attic to a depth of approximately 10 inches, providing good thermal resistance. The HVAC system appears to be in working condition but is an older standard-efficiency model.",0.7,0.2,4.0,2.5,1.1937600447640266,-0.4705771469444245,1.0,-0.5,1.0968800223820132,-0.4852885734722122,0.30579572445490055
shc_0333,3,13.0,4,40.0,2,0.8,3,3.0,3,4,"Blown-in insulation is present in the attic to a depth of approximately 10 inches, providing good thermal resistance. The home has a functioning central HVAC system of moderate age and efficiency, with no major defects observed but no recent high-efficiency upgrades.",0.5,0.2,3.5,2.5,0.5246120376093033,-0.4705771469444245,0.5,-0.5,0.5123060188046517,-0.4852885734722122,0.013508722666219705
shc_0334,3,13.0,4,40.0,2,0.8,4,3.5,3,4,"Blown-in insulation is present in the attic to a depth of approximately 10 inches, providing good thermal resistance. The home has a functioning central HVAC system of moderate age and efficiency, with no major defects observed but no recent high-efficiency upgrades.",0.5,0.2,3.0,2.5,0.5246120376093033,-0.4705771469444245,0.0,-0.5,0.26230601880465165,-0.4852885734722122,-0.1114912773337803
shc_0335,3,13.0,4,40.0,2,0.8,5,4.0,4,4,"Blown-in insulation is present in the attic to a depth of approximately 10 inches, providing good thermal resistance. The HVAC system was recently replaced with a standard high-efficiency model and is expected to operate efficiently.",0.0,0.0,2.5,2.5,-1.1482579802775057,-1.0582109468250747,-0.5,-0.5,-0.8241289901387528,-0.7791054734125373,-0.8016172317756451
shc_0336,3,13.0,4,40.0,3,0.9,1,1.0,2,4,"Blown-in insulation is present in the attic to a depth of approximately 10 inches, providing good thermal resistance. The HVAC system appears to be in working condition but is an older standard-efficiency model.",0.7,0.2,4.0,2.5,1.1937600447640266,-0.4705771469444245,1.0,-0.5,1.0968800223820132,-0.4852885734722122,0.30579572445490055
shc_0337,3,13.0,4,40.0,3,0.9,2,2.0,3,4,"Blown-in insulation is present in the attic to a depth of approximately 10 inches, providing good thermal resistance. The home has a functioning central HVAC system of moderate age and efficiency, with no major defects observed but no recent high-efficiency upgrades.",0.5,0.2,3.5,2.5,0.5246120376093033,-0.4705771469444245,0.5,-0.5,0.5123060188046517,-0.4852885734722122,0.013508722666219705
shc_0338,3,13.0,4,40.0,3,0.9,3,3.0,3,4,"Blown-in insulation is present in the attic to a depth of approximately 10 inches, providing good thermal resistance. The home has a functioning central HVAC system of moderate age and efficiency, with no major defects observed but no recent high-efficiency upgrades.",0.5,0.2,3.0,2.5,0.5246120376093033,-0.4705771469444245,0.0,-0.5,0.26230601880465165,-0.4852885734722122,-0.1114912773337803
shc_0339,3,13.0,4,40.0,3,0.9,4,3.5,4,4,"Blown-in insulation is present in the attic to a depth of approximately 10 inches, providing good thermal resistance. The HVAC system was recently replaced with a standard high-efficiency model and is expected to operate efficiently.",0.0,0.0,2.5,2.5,-1.1482579802775057,-1.0582109468250747,-0.5,-0.5,-0.8241289901387528,-0.7791054734125373,-0.8016172317756451
shc_0340,3,13.0,4,40.0,3,0.9,5,4.0,4,4,"Blown-in insulation is present in the attic to a depth of approximately 10 inches, providing good thermal resistance. The HVAC system was recently replaced with a standard high-efficiency model and is expected to operate efficiently.",0.0,0.0,2.0,2.5,-1.1482579802775057,-1.0582109468250747,-1.0,-0.5,-1.0741289901387527,-0.7791054734125373,-0.9266172317756451
shc_0341,3,13.0,4,40.0,4,0.95,1,1.0,3,4,"Blown-in insulation is present in the attic to a depth of approximately 10 inches, providing good thermal resistance. The home has a functioning central HVAC system of moderate age and efficiency, with no major defects observed but no recent high-efficiency upgrades.",0.5,0.2,3.5,2.5,0.5246120376093033,-0.4705771469444245,0.5,-0.5,0.5123060188046517,-0.4852885734722122,0.013508722666219705
shc_0342,3,13.0,4,40.0,4,0.95,2,2.0,3,4,"Blown-in insulation is present in the attic to a depth of approximately 10 inches, providing good thermal resistance. The home has a functioning central HVAC system of moderate age and efficiency, with no major defects observed but no recent high-efficiency upgrades.",0.5,0.2,3.0,2.5,0.5246120376093033,-0.4705771469444245,0.0,-0.5,0.26230601880465165,-0.4852885734722122,-0.1114912773337803
shc_0343,3,13.0,4,40.0,4,0.95,3,3.0,4,4,"Blown-in insulation is present in the attic to a depth of approximately 10 inches, providing good thermal resistance. The HVAC system was recently replaced with a standard high-efficiency model and is expected to operate efficiently.",0.0,0.0,2.5,2.5,-1.1482579802775057,-1.0582109468250747,-0.5,-0.5,-0.8241289901387528,-0.7791054734125373,-0.8016172317756451
shc_0344,3,13.0,4,40.0,4,0.95,4,3.5,4,4,"Blown-in insulation is present in the attic to a depth of approximately 10 inches, providing good thermal resistance. The HVAC system was recently replaced with a standard high-efficiency model and is expected to operate efficiently.",0.0,0.0,2.0,2.5,-1.1482579802775057,-1.0582109468250747,-1.0,-0.5,-1.0741289901387527,-0.7791054734125373,-0.9266172317756451
shc_0345,3,13.0,4,40.0,4,0.95,5,4.0,5,4,"Blown-in insulation is present in the attic to a depth of approximately 10 inches, providing good thermal resistance. A state-of-the-art HVAC system with smart thermostats and variable-speed compressors was recently installed, maximizing energy efficiency.",0.0,0.0,1.5,2.5,-1.1482579802775057,-1.0582109468250747,-1.5,-0.5,-1.3241289901387527,-0.7791054734125373,-1.0516172317756451
shc_0346,3,13.0,4,40.0,5,1.0,1,1.0,3,4,"Blown-in insulation is present in the attic to a depth of approximately 10 inches, providing good thermal resistance. The home has a functioning central HVAC system of moderate age and efficiency, with no major defects observed but no recent high-efficiency upgrades.",0.5,0.2,3.0,2.5,0.5246120376093033,-0.4705771469444245,0.0,-0.5,0.26230601880465165,-0.4852885734722122,-0.1114912773337803
shc_0347,3,13.0,4,40.0,5,1.0,2,2.0,4,4,"Blown-in insulation is present in the attic to a depth of approximately 10 inches, providing good thermal resistance. The HVAC system was recently replaced with a standard high-efficiency model and is expected to operate efficiently.",0.0,0.0,2.5,2.5,-1.1482579802775057,-1.0582109468250747,-0.5,-0.5,-0.8241289901387528,-0.7791054734125373,-0.8016172317756451
shc_0348,3,13.0,4,40.0,5,1.0,3,3.0,4,4,"Blown-in insulation is present in the attic to a depth of approximately 10 inches, providing good thermal resistance. The HVAC system was recently replaced with a standard high-efficiency model and is expected to operate efficiently.",0.0,0.0,2.0,2.5,-1.1482579802775057,-1.0582109468250747,-1.0,-0.5,-1.0741289901387527,-0.7791054734125373,-0.9266172317756451
shc_0349,3,13.0,4,40.0,5,1.0,4,3.5,5,4,"Blown-in insulation is present in the attic to a depth of approximately 10 inches, providing good thermal resistance. A state-of-the-art HVAC system with smart thermostats and variable-speed compressors was recently installed, maximizing energy efficiency.",0.0,0.0,1.5,2.5,-1.1482579802775057,-1.0582109468250747,-1.5,-0.5,-1.3241289901387527,-0.7791054734125373,-1.0516172317756451
shc_0350,3,13.0,4,40.0,5,1.0,5,4.0,5,4,"Blown-in insulation is present in the attic to a depth of approximately 10 inches, providing good thermal resistance. A state-of-the-art HVAC system with smart thermostats and variable-speed compressors was recently installed, maximizing energy efficiency.",0.0,0.0,1.0,2.5,-1.1482579802775057,-1.0582109468250747,-2.0,-0.5,-1.5741289901387527,-0.7791054734125373,-1.1766172317756451
shc_0351,3,13.0,5,50.0,1,0.7,1,1.0,1,4,"Blown-in insulation is present in the attic to a depth of approximately 10 inches, providing good thermal resistance. The home has an aging central HVAC system showing substantial exterior corrosion and poor operating efficiency.",1.0,0.0,5.0,2.0,2.1974820554961125,-1.0582109468250747,2.0,-1.0,2.0987410277480563,-1.0291054734125373,0.5348177771677595
shc_0352,3,13.0,5,50.0,1,0.7,2,2.0,2,4,"Blown-in insulation is present in the attic to a depth of approximately 10 inches, providing good thermal resistance. The HVAC system appears to be in working condition but is an older standard-efficiency model.",0.7,0.2,4.5,2.0,1.1937600447640266,-0.4705771469444245,1.5,-1.0,1.3468800223820132,-0.7352885734722122,0.30579572445490055
shc_0353,3,13.0,5,50.0,1,0.7,3,3.0,2,4,"Blown-in insulation is present in the attic to a depth of approximately 10 inches, providing good thermal resistance. The HVAC system appears to be in working condition but is an older standard-efficiency model.",0.7,0.2,4.0,2.0,1.1937600447640266,-0.4705771469444245,1.0,-1.0,1.0968800223820132,-0.7352885734722122,0.18079572445490055
shc_0354,3,13.0,5,50.0,1,0.7,4,3.5,3,4,"Blown-in insulation is present in the attic to a depth of approximately 10 inches, providing good thermal resistance. The home has a functioning central HVAC system of moderate age and efficiency, with no major defects observed but no recent high-efficiency upgrades.",0.5,0.2,3.5,2.0,0.5246120376093033,-0.4705771469444245,0.5,-1.0,0.5123060188046517,-0.7352885734722122,-0.1114912773337803
shc_0355,3,13.0,5,50.0,1,0.7,5,4.0,3,4,"Blown-in insulation is present in the attic to a depth of approximately 10 inches, providing good thermal resistance. The home has a functioning central HVAC system of moderate age and efficiency, with no major defects observed but no recent high-efficiency upgrades.",0.5,0.2,3.0,2.0,0.5246120376093033,-0.4705771469444245,0.0,-1.0,0.26230601880465165,-0.7352885734722122,-0.23649127733378028
shc_0356,3,13.0,5,50.0,2,0.8,1,1.0,2,4,"Blown-in insulation is present in the attic to a depth of approximately 10 inches, providing good thermal resistance. The HVAC system appears to be in working condition but is an older standard-efficiency model.",0.7,0.2,4.5,2.0,1.1937600447640266,-0.4705771469444245,1.5,-1.0,1.3468800223820132,-0.7352885734722122,0.30579572445490055
shc_0357,3,13.0,5,50.0,2,0.8,2,2.0,2,4,"Blown-in insulation is present in the attic to a depth of approximately 10 inches, providing good thermal resistance. The HVAC system appears to be in working condition but is an older standard-efficiency model.",0.7,0.2,4.0,2.0,1.1937600447640266,-0.4705771469444245,1.0,-1.0,1.0968800223820132,-0.7352885734722122,0.18079572445490055
shc_0358,3,13.0,5,50.0,2,0.8,3,3.0,3,4,"Blown-in insulation is present in the attic to a depth of approximately 10 inches, providing good thermal resistance. The home has a functioning central HVAC system of moderate age and efficiency, with no major defects observed but no recent high-efficiency upgrades.",0.5,0.2,3.5,2.0,0.5246120376093033,-0.4705771469444245,0.5,-1.0,0.5123060188046517,-0.7352885734722122,-0.1114912773337803
shc_0359,3,13.0,5,50.0,2,0.8,4,3.5,3,4,"Blown-in insulation is present in the attic to a depth of approximately 10 inches, providing good thermal resistance. The home has a functioning central HVAC system of moderate age and efficiency, with no major defects observed but no recent high-efficiency upgrades.",0.5,0.2,3.0,2.0,0.5246120376093033,-0.4705771469444245,0.0,-1.0,0.26230601880465165,-0.7352885734722122,-0.23649127733378028
shc_0360,3,13.0,5,50.0,2,0.8,5,4.0,4,4,"Blown-in insulation is present in the attic to a depth of approximately 10 inches, providing good thermal resistance. The HVAC system was recently replaced with a standard high-efficiency model and is expected to operate efficiently.",0.0,0.0,2.5,2.0,-1.1482579802775057,-1.0582109468250747,-0.5,-1.0,-0.8241289901387528,-1.0291054734125373,-0.9266172317756451
shc_0361,3,13.0,5,50.0,3,0.9,1,1.0,2,4,"Blown-in insulation is present in the attic to a depth of approximately 10 inches, providing good thermal resistance. The HVAC system appears to be in working condition but is an older standard-efficiency model.",0.7,0.2,4.0,2.0,1.1937600447640266,-0.4705771469444245,1.0,-1.0,1.0968800223820132,-0.7352885734722122,0.18079572445490055
shc_0362,3,13.0,5,50.0,3,0.9,2,2.0,3,4,"Blown-in insulation is present in the attic to a depth of approximately 10 inches, providing good thermal resistance. The home has a functioning central HVAC system of moderate age and efficiency, with no major defects observed but no recent high-efficiency upgrades.",0.5,0.2,3.5,2.0,0.5246120376093033,-0.4705771469444245,0.5,-1.0,0.5123060188046517,-0.7352885734722122,-0.1114912773337803
shc_0363,3,13.0,5,50.0,3,0.9,3,3.0,3,4,"Blown-in insulation is present in the attic to a depth of approximately 10 inches, providing good thermal resistance. The home has a functioning central HVAC system of moderate age and efficiency, with no major defects observed but no recent high-efficiency upgrades.",0.5,0.2,3.0,2.0,0.5246120376093033,-0.4705771469444245,0.0,-1.0,0.26230601880465165,-0.7352885734722122,-0.23649127733378028
shc_0364,3,13.0,5,50.0,3,0.9,4,3.5,4,4,"Blown-in insulation is present in the attic to a depth of approximately 10 inches, providing good thermal resistance. The HVAC system was recently replaced with a standard high-efficiency model and is expected to operate efficiently.",0.0,0.0,2.5,2.0,-1.1482579802775057,-1.0582109468250747,-0.5,-1.0,-0.8241289901387528,-1.0291054734125373,-0.9266172317756451
shc_0365,3,13.0,5,50.0,3,0.9,5,4.0,4,4,"Blown-in insulation is present in the attic to a depth of approximately 10 inches, providing good thermal resistance. The HVAC system was recently replaced with a standard high-efficiency model and is expected to operate efficiently.",0.0,0.0,2.0,2.0,-1.1482579802775057,-1.0582109468250747,-1.0,-1.0,-1.0741289901387527,-1.0291054734125373,-1.0516172317756451
shc_0366,3,13.0,5,50.0,4,0.95,1,1.0,3,4,"Blown-in insulation is present in the attic to a depth of approximately 10 inches, providing good thermal resistance. The home has a functioning central HVAC system of moderate age and efficiency, with no major defects observed but no recent high-efficiency upgrades.",0.5,0.2,3.5,2.0,0.5246120376093033,-0.4705771469444245,0.5,-1.0,0.5123060188046517,-0.7352885734722122,-0.1114912773337803
shc_0367,3,13.0,5,50.0,4,0.95,2,2.0,3,4,"Blown-in insulation is present in the attic to a depth of approximately 10 inches, providing good thermal resistance. The home has a functioning central HVAC system of moderate age and efficiency, with no major defects observed but no recent high-efficiency upgrades.",0.5,0.2,3.0,2.0,0.5246120376093033,-0.4705771469444245,0.0,-1.0,0.26230601880465165,-0.7352885734722122,-0.23649127733378028
shc_0368,3,13.0,5,50.0,4,0.95,3,3.0,4,4,"Blown-in insulation is present in the attic to a depth of approximately 10 inches, providing good thermal resistance. The HVAC system was recently replaced with a standard high-efficiency model and is expected to operate efficiently.",0.0,0.0,2.5,2.0,-1.1482579802775057,-1.0582109468250747,-0.5,-1.0,-0.8241289901387528,-1.0291054734125373,-0.9266172317756451
shc_0369,3,13.0,5,50.0,4,0.95,4,3.5,4,4,"Blown-in insulation is present in the attic to a depth of approximately 10 inches, providing good thermal resistance. The HVAC system was recently replaced with a standard high-efficiency model and is expected to operate efficiently.",0.0,0.0,2.0,2.0,-1.1482579802775057,-1.0582109468250747,-1.0,-1.0,-1.0741289901387527,-1.0291054734125373,-1.0516172317756451
shc_0370,3,13.0,5,50.0,4,0.95,5,4.0,5,4,"Blown-in insulation is present in the attic to a depth of approximately 10 inches, providing good thermal resistance. A state-of-the-art HVAC system with smart thermostats and variable-speed compressors was recently installed, maximizing energy efficiency.",0.0,0.0,1.5,2.0,-1.1482579802775057,-1.0582109468250747,-1.5,-1.0,-1.3241289901387527,-1.0291054734125373,-1.1766172317756451
shc_0371,3,13.0,5,50.0,5,1.0,1,1.0,3,4,"Blown-in insulation is present in the attic to a depth of approximately 10 inches, providing good thermal resistance. The home has a functioning central HVAC system of moderate age and efficiency, with no major defects observed but no recent high-efficiency upgrades.",0.5,0.2,3.0,2.0,0.5246120376093033,-0.4705771469444245,0.0,-1.0,0.26230601880465165,-0.7352885734722122,-0.23649127733378028
shc_0372,3,13.0,5,50.0,5,1.0,2,2.0,4,4,"Blown-in insulation is present in the attic to a depth of approximately 10 inches, providing good thermal resistance. The HVAC system was recently replaced with a standard high-efficiency model and is expected to operate efficiently.",0.0,0.0,2.5,2.0,-1.1482579802775057,-1.0582109468250747,-0.5,-1.0,-0.8241289901387528,-1.0291054734125373,-0.9266172317756451
shc_0373,3,13.0,5,50.0,5,1.0,3,3.0,4,4,"Blown-in insulation is present in the attic to a depth of approximately 10 inches, providing good thermal resistance. The HVAC system was recently replaced with a standard high-efficiency model and is expected to operate efficiently.",0.0,0.0,2.0,2.0,-1.1482579802775057,-1.0582109468250747,-1.0,-1.0,-1.0741289901387527,-1.0291054734125373,-1.0516172317756451
shc_0374,3,13.0,5,50.0,5,1.0,4,3.5,5,4,"Blown-in insulation is present in the attic to a depth of approximately 10 inches, providing good thermal resistance. A state-of-the-art HVAC system with smart thermostats and variable-speed compressors was recently installed, maximizing energy efficiency.",0.0,0.0,1.5,2.0,-1.1482579802775057,-1.0582109468250747,-1.5,-1.0,-1.3241289901387527,-1.0291054734125373,-1.1766172317756451
shc_0375,3,13.0,5,50.0,5,1.0,5,4.0,5,4,"Blown-in insulation is present in the attic to a depth of approximately 10 inches, providing good thermal resistance. A state-of-the-art HVAC system with smart thermostats and variable-speed compressors was recently installed, maximizing energy efficiency.",0.0,0.0,1.0,2.0,-1.1482579802775057,-1.0582109468250747,-2.0,-1.0,-1.5741289901387527,-1.0291054734125373,-1.3016172317756451
shc_0376,4,20.0,1,10.0,1,0.7,1,1.0,1,3,"Walls appear to be adequately insulated based on construction year, though no upgrades were observed. The home has an aging central HVAC system showing substantial exterior corrosion and poor operating efficiency.",1.0,0.3,5.0,3.5,2.1974820554961125,-0.17676024700409954,2.0,0.5,2.0987410277480563,0.16161987649795023,1.1301804521230032
shc_0377,4,20.0,1,10.0,1,0.7,2,2.0,2,3,"Walls appear to be adequately insulated based on construction year, though no upgrades were observed. The HVAC system appears to be in working condition but is an older standard-efficiency model.",0.6,0.3,4.5,3.5,0.859186041186665,-0.17676024700409954,1.5,0.5,1.1795930205933325,0.16161987649795023,0.6706064485456413
shc_0378,4,20.0,1,10.0,1,0.7,3,3.0,2,3,"Walls appear to be adequately insulated based on construction year, though no upgrades were observed. The HVAC system appears to be in working condition but is an older standard-efficiency model.",0.6,0.3,4.0,3.5,0.859186041186665,-0.17676024700409954,1.0,0.5,0.9295930205933325,0.16161987649795023,0.5456064485456413
shc_0379,4,20.0,1,10.0,1,0.7,4,3.5,3,3,"Walls appear to be adequately insulated based on construction year, though no upgrades were observed. The home has a functioning central HVAC system of moderate age and efficiency, with no major defects observed but no recent high-efficiency upgrades.",0.5,0.3,3.5,3.5,0.5246120376093033,-0.17676024700409954,0.5,0.5,0.5123060188046517,0.16161987649795023,0.33696294765130097
shc_0380,4,20.0,1,10.0,1,0.7,5,4.0,3,3,"Walls appear to be adequately insulated based on construction year, though no upgrades were observed. The home has a functioning central HVAC system of moderate age and efficiency, with no major defects observed but no recent high-efficiency upgrades.",0.5,0.3,3.0,3.5,0.5246120376093033,-0.17676024700409954,0.0,0.5,0.26230601880465165,0.16161987649795023,0.21196294765130094
shc_0381,4,20.0,1,10.0,2,0.8,1,1.0,2,3,"Walls appear to be adequately insulated based on construction year, though no upgrades were observed. The HVAC system appears to be in working condition but is an older standard-efficiency model.",0.6,0.3,4.5,3.5,0.859186041186665,-0.17676024700409954,1.5,0.5,1.1795930205933325,0.16161987649795023,0.6706064485456413
shc_0382,4,20.0,1,10.0,2,0.8,2,2.0,2,3,"Walls appear to be adequately insulated based on construction year, though no upgrades were observed. The HVAC system appears to be in working condition but is an older standard-efficiency model.",0.6,0.3,4.0,3.5,0.859186041186665,-0.17676024700409954,1.0,0.5,0.9295930205933325,0.16161987649795023,0.5456064485456413
shc_0383,4,20.0,1,10.0,2,0.8,3,3.0,3,3,"Walls appear to be adequately insulated based on construction year, though no upgrades were observed. The home has a functioning central HVAC system of moderate age and efficiency, with no major defects observed but no recent high-efficiency upgrades.",0.5,0.3,3.5,3.5,0.5246120376093033,-0.17676024700409954,0.5,0.5,0.5123060188046517,0.16161987649795023,0.33696294765130097
shc_0384,4,20.0,1,10.0,2,0.8,4,3.5,3,3,"Walls appear to be adequately insulated based on construction year, though no upgrades were observed. The home has a functioning central HVAC system of moderate age and efficiency, with no major defects observed but no recent high-efficiency upgrades.",0.5,0.3,3.0,3.5,0.5246120376093033,-0.17676024700409954,0.0,0.5,0.26230601880465165,0.16161987649795023,0.21196294765130094
shc_0385,4,20.0,1,10.0,2,0.8,5,4.0,4,3,"Walls appear to be adequately insulated based on construction year, though no upgrades were observed. The HVAC system was recently replaced with a standard high-efficiency model and is expected to operate efficiently.",0.0,0.3,2.5,3.5,-1.1482579802775057,-0.17676024700409954,-0.5,0.5,-0.8241289901387528,0.16161987649795023,-0.3312545568204013
shc_0386,4,20.0,1,10.0,3,0.9,1,1.0,2,3,"Walls appear to be adequately insulated based on construction year, though no upgrades were observed. The HVAC system appears to be in working condition but is an older standard-efficiency model.",0.6,0.3,4.0,3.5,0.859186041186665,-0.17676024700409954,1.0,0.5,0.9295930205933325,0.16161987649795023,0.5456064485456413
shc_0387,4,20.0,1,10.0,3,0.9,2,2.0,3,3,"Walls appear to be adequately insulated based on construction year, though no upgrades were observed. The home has a functioning central HVAC system of moderate age and efficiency, with no major defects observed but no recent high-efficiency upgrades.",0.5,0.3,3.5,3.5,0.5246120376093033,-0.17676024700409954,0.5,0.5,0.5123060188046517,0.16161987649795023,0.33696294765130097
shc_0388,4,20.0,1,10.0,3,0.9,3,3.0,3,3,"Walls appear to be adequately insulated based on construction year, though no upgrades were observed. The home has a functioning central HVAC system of moderate age and efficiency, with no major defects observed but no recent high-efficiency upgrades.",0.5,0.3,3.0,3.5,0.5246120376093033,-0.17676024700409954,0.0,0.5,0.26230601880465165,0.16161987649795023,0.21196294765130094
shc_0389,4,20.0,1,10.0,3,0.9,4,3.5,4,3,"Walls appear to be adequately insulated based on construction year, though no upgrades were observed. The HVAC system was recently replaced with a standard high-efficiency model and is expected to operate efficiently.",0.0,0.3,2.5,3.5,-1.1482579802775057,-0.17676024700409954,-0.5,0.5,-0.8241289901387528,0.16161987649795023,-0.3312545568204013
shc_0390,4,20.0,1,10.0,3,0.9,5,4.0,4,3,"Walls appear to be adequately insulated based on construction year, though no upgrades were observed. The HVAC system was recently replaced with a standard high-efficiency model and is expected to operate efficiently.",0.0,0.3,2.0,3.5,-1.1482579802775057,-0.17676024700409954,-1.0,0.5,-1.0741289901387527,0.16161987649795023,-0.4562545568204013
shc_0391,4,20.0,1,10.0,4,0.95,1,1.0,3,3,"Walls appear to be adequately insulated based on construction year, though no upgrades were observed. The home has a functioning central HVAC system of moderate age and efficiency, with no major defects observed but no recent high-efficiency upgrades.",0.5,0.3,3.5,3.5,0.5246120376093033,-0.17676024700409954,0.5,0.5,0.5123060188046517,0.16161987649795023,0.33696294765130097
shc_0392,4,20.0,1,10.0,4,0.95,2,2.0,3,3,"Walls appear to be adequately insulated based on construction year, though no upgrades were observed. The home has a functioning central HVAC system of moderate age and efficiency, with no major defects observed but no recent high-efficiency upgrades.",0.5,0.3,3.0,3.5,0.5246120376093033,-0.17676024700409954,0.0,0.5,0.26230601880465165,0.16161987649795023,0.21196294765130094
shc_0393,4,20.0,1,10.0,4,0.95,3,3.0,4,3,"Walls appear to be adequately insulated based on construction year, though no upgrades were observed. The HVAC system was recently replaced with a standard high-efficiency model and is expected to operate efficiently.",0.0,0.3,2.5,3.5,-1.1482579802775057,-0.17676024700409954,-0.5,0.5,-0.8241289901387528,0.16161987649795023,-0.3312545568204013
shc_0394,4,20.0,1,10.0,4,0.95,4,3.5,4,3,"Walls appear to be adequately insulated based on construction year, though no upgrades were observed. The HVAC system was recently replaced with a standard high-efficiency model and is expected to operate efficiently.",0.0,0.3,2.0,3.5,-1.1482579802775057,-0.17676024700409954,-1.0,0.5,-1.0741289901387527,0.16161987649795023,-0.4562545568204013
shc_0395,4,20.0,1,10.0,4,0.95,5,4.0,5,3,"Walls appear to be adequately insulated based on construction year, though no upgrades were observed. A state-of-the-art HVAC system with smart thermostats and variable-speed compressors was recently installed, maximizing energy efficiency.",0.0,0.3,1.5,3.5,-1.1482579802775057,-0.17676024700409954,-1.5,0.5,-1.3241289901387527,0.16161987649795023,-0.5812545568204013
shc_0396,4,20.0,1,10.0,5,1.0,1,1.0,3,3,"Walls appear to be adequately insulated based on construction year, though no upgrades were observed. The home has a functioning central HVAC system of moderate age and efficiency, with no major defects observed but no recent high-efficiency upgrades.",0.5,0.3,3.0,3.5,0.5246120376093033,-0.17676024700409954,0.0,0.5,0.26230601880465165,0.16161987649795023,0.21196294765130094
shc_0397,4,20.0,1,10.0,5,1.0,2,2.0,4,3,"Walls appear to be adequately insulated based on construction year, though no upgrades were observed. The HVAC system was recently replaced with a standard high-efficiency model and is expected to operate efficiently.",0.0,0.3,2.5,3.5,-1.1482579802775057,-0.17676024700409954,-0.5,0.5,-0.8241289901387528,0.16161987649795023,-0.3312545568204013
shc_0398,4,20.0,1,10.0,5,1.0,3,3.0,4,3,"Walls appear to be adequately insulated based on construction year, though no upgrades were observed. The HVAC system was recently replaced with a standard high-efficiency model and is expected to operate efficiently.",0.0,0.3,2.0,3.5,-1.1482579802775057,-0.17676024700409954,-1.0,0.5,-1.0741289901387527,0.16161987649795023,-0.4562545568204013
shc_0399,4,20.0,1,10.0,5,1.0,4,3.5,5,3,"Walls appear to be adequately insulated based on construction year, though no upgrades were observed. A state-of-the-art HVAC system with smart thermostats and variable-speed compressors was recently installed, maximizing energy efficiency.",0.0,0.3,1.5,3.5,-1.1482579802775057,-0.17676024700409954,-1.5,0.5,-1.3241289901387527,0.16161987649795023,-0.5812545568204013
shc_0400,4,20.0,1,10.0,5,1.0,5,4.0,5,3,"Walls appear to be adequately insulated based on construction year, though no upgrades were observed. A state-of-the-art HVAC system with smart thermostats and variable-speed compressors was recently installed, maximizing energy efficiency.",0.0,0.3,1.0,3.5,-1.1482579802775057,-0.17676024700409954,-2.0,0.5,-1.5741289901387527,0.16161987649795023,-0.7062545568204013
shc_0401,4,20.0,2,20.0,1,0.7,1,1.0,1,3,"Walls appear to be adequately insulated based on construction year, though no upgrades were observed. The home has an aging central HVAC system showing substantial exterior corrosion and poor operating efficiency.",1.0,0.3,5.0,3.0,2.1974820554961125,-0.17676024700409954,2.0,0.0,2.0987410277480563,-0.08838012350204977,1.0051804521230032
shc_0402,4,20.0,2,20.0,1,0.7,2,2.0,2,3,"Walls appear to be adequately insulated based on construction year, though no upgrades were observed. The HVAC system appears to be in working condition but is an older standard-efficiency model.",0.6,0.3,4.5,3.0,0.859186041186665,-0.17676024700409954,1.5,0.0,1.1795930205933325,-0.08838012350204977,0.5456064485456413
shc_0403,4,20.0,2,20.0,1,0.7,3,3.0,2,3,"Walls appear to be adequately insulated based on construction year, though no upgrades were observed. The HVAC system appears to be in working condition but is an older standard-efficiency model.",0.6,0.3,4.0,3.0,0.859186041186665,-0.17676024700409954,1.0,0.0,0.9295930205933325,-0.08838012350204977,0.42060644854564133
shc_0404,4,20.0,2,20.0,1,0.7,4,3.5,3,3,"Walls appear to be adequately insulated based on construction year, though no upgrades were observed. The home has a functioning central HVAC system of moderate age and efficiency, with no major defects observed but no recent high-efficiency upgrades.",0.5,0.3,3.5,3.0,0.5246120376093033,-0.17676024700409954,0.5,0.0,0.5123060188046517,-0.08838012350204977,0.21196294765130094
shc_0405,4,20.0,2,20.0,1,0.7,5,4.0,3,3,"Walls appear to be adequately insulated based on construction year, though no upgrades were observed. The home has a functioning central HVAC system of moderate age and efficiency, with no major defects observed but no recent high-efficiency upgrades.",0.5,0.3,3.0,3.0,0.5246120376093033,-0.17676024700409954,0.0,0.0,0.26230601880465165,-0.08838012350204977,0.08696294765130094
shc_0406,4,20.0,2,20.0,2,0.8,1,1.0,2,3,"Walls appear to be adequately insulated based on construction year, though no upgrades were observed. The HVAC system appears to be in working condition but is an older standard-efficiency model.",0.6,0.3,4.5,3.0,0.859186041186665,-0.17676024700409954,1.5,0.0,1.1795930205933325,-0.08838012350204977,0.5456064485456413
shc_0407,4,20.0,2,20.0,2,0.8,2,2.0,2,3,"Walls appear to be adequately insulated based on construction year, though no upgrades were observed. The HVAC system appears to be in working condition but is an older standard-efficiency model.",0.6,0.3,4.0,3.0,0.859186041186665,-0.17676024700409954,1.0,0.0,0.9295930205933325,-0.08838012350204977,0.42060644854564133
shc_0408,4,20.0,2,20.0,2,0.8,3,3.0,3,3,"Walls appear to be adequately insulated based on construction year, though no upgrades were observed. The home has a functioning central HVAC system of moderate age and efficiency, with no major defects observed but no recent high-efficiency upgrades.",0.5,0.3,3.5,3.0,0.5246120376093033,-0.17676024700409954,0.5,0.0,0.5123060188046517,-0.08838012350204977,0.21196294765130094
shc_0409,4,20.0,2,20.0,2,0.8,4,3.5,3,3,"Walls appear to be adequately insulated based on construction year, though no upgrades were observed. The home has a functioning central HVAC system of moderate age and efficiency, with no major defects observed but no recent high-efficiency upgrades.",0.5,0.3,3.0,3.0,0.5246120376093033,-0.17676024700409954,0.0,0.0,0.26230601880465165,-0.08838012350204977,0.08696294765130094
shc_0410,4,20.0,2,20.0,2,0.8,5,4.0,4,3,"Walls appear to be adequately insulated based on construction year, though no upgrades were observed. The HVAC system was recently replaced with a standard high-efficiency model and is expected to operate efficiently.",0.0,0.3,2.5,3.0,-1.1482579802775057,-0.17676024700409954,-0.5,0.0,-0.8241289901387528,-0.08838012350204977,-0.4562545568204013
shc_0411,4,20.0,2,20.0,3,0.9,1,1.0,2,3,"Walls appear to be adequately insulated based on construction year, though no upgrades were observed. The HVAC system appears to be in working condition but is an older standard-efficiency model.",0.6,0.3,4.0,3.0,0.859186041186665,-0.17676024700409954,1.0,0.0,0.9295930205933325,-0.08838012350204977,0.42060644854564133
shc_0412,4,20.0,2,20.0,3,0.9,2,2.0,3,3,"Walls appear to be adequately insulated based on construction year, though no upgrades were observed. The home has a functioning central HVAC system of moderate age and efficiency, with no major defects observed but no recent high-efficiency upgrades.",0.5,0.3,3.5,3.0,0.5246120376093033,-0.17676024700409954,0.5,0.0,0.5123060188046517,-0.08838012350204977,0.21196294765130094
shc_0413,4,20.0,2,20.0,3,0.9,3,3.0,3,3,"Walls appear to be adequately insulated based on construction year, though no upgrades were observed. The home has a functioning central HVAC system of moderate age and efficiency, with no major defects observed but no recent high-efficiency upgrades.",0.5,0.3,3.0,3.0,0.5246120376093033,-0.17676024700409954,0.0,0.0,0.26230601880465165,-0.08838012350204977,0.08696294765130094
shc_0414,4,20.0,2,20.0,3,0.9,4,3.5,4,3,"Walls appear to be adequately insulated based on construction year, though no upgrades were observed. The HVAC system was recently replaced with a standard high-efficiency model and is expected to operate efficiently.",0.0,0.3,2.5,3.0,-1.1482579802775057,-0.17676024700409954,-0.5,0.0,-0.8241289901387528,-0.08838012350204977,-0.4562545568204013
shc_0415,4,20.0,2,20.0,3,0.9,5,4.0,4,3,"Walls appear to be adequately insulated based on construction year, though no upgrades were observed. The HVAC system was recently replaced with a standard high-efficiency model and is expected to operate efficiently.",0.0,0.3,2.0,3.0,-1.1482579802775057,-0.17676024700409954,-1.0,0.0,-1.0741289901387527,-0.08838012350204977,-0.5812545568204013
shc_0416,4,20.0,2,20.0,4,0.95,1,1.0,3,3,"Walls appear to be adequately insulated based on construction year, though no upgrades were observed. The home has a functioning central HVAC system of moderate age and efficiency, with no major defects observed but no recent high-efficiency upgrades.",0.5,0.3,3.5,3.0,0.5246120376093033,-0.17676024700409954,0.5,0.0,0.5123060188046517,-0.08838012350204977,0.21196294765130094
shc_0417,4,20.0,2,20.0,4,0.95,2,2.0,3,3,"Walls appear to be adequately insulated based on construction year, though no upgrades were observed. The home has a functioning central HVAC system of moderate age and efficiency, with no major defects observed but no recent high-efficiency upgrades.",0.5,0.3,3.0,3.0,0.5246120376093033,-0.17676024700409954,0.0,0.0,0.26230601880465165,-0.08838012350204977,0.08696294765130094
shc_0418,4,20.0,2,20.0,4,0.95,3,3.0,4,3,"Walls appear to be adequately insulated based on construction year, though no upgrades were observed. The HVAC system was recently replaced with a standard high-efficiency model and is expected to operate efficiently.",0.0,0.3,2.5,3.0,-1.1482579802775057,-0.17676024700409954,-0.5,0.0,-0.8241289901387528,-0.08838012350204977,-0.4562545568204013
shc_0419,4,20.0,2,20.0,4,0.95,4,3.5,4,3,"Walls appear to be adequately insulated based on construction year, though no upgrades were observed. The HVAC system was recently replaced with a standard high-efficiency model and is expected to operate efficiently.",0.0,0.3,2.0,3.0,-1.1482579802775057,-0.17676024700409954,-1.0,0.0,-1.0741289901387527,-0.08838012350204977,-0.5812545568204013
shc_0420,4,20.0,2,20.0,4,0.95,5,4.0,5,3,"Walls appear to be adequately insulated based on construction year, though no upgrades were observed. A state-of-the-art HVAC system with smart thermostats and variable-speed compressors was recently installed, maximizing energy efficiency.",0.0,0.3,1.5,3.0,-1.1482579802775057,-0.17676024700409954,-1.5,0.0,-1.3241289901387527,-0.08838012350204977,-0.7062545568204013
shc_0421,4,20.0,2,20.0,5,1.0,1,1.0,3,3,"Walls appear to be adequately insulated based on construction year, though no upgrades were observed. The home has a functioning central HVAC system of moderate age and efficiency, with no major defects observed but no recent high-efficiency upgrades.",0.5,0.3,3.0,3.0,0.5246120376093033,-0.17676024700409954,0.0,0.0,0.26230601880465165,-0.08838012350204977,0.08696294765130094
shc_0422,4,20.0,2,20.0,5,1.0,2,2.0,4,3,"Walls appear to be adequately insulated based on construction year, though no upgrades were observed. The HVAC system was recently replaced with a standard high-efficiency model and is expected to operate efficiently.",0.0,0.3,2.5,3.0,-1.1482579802775057,-0.17676024700409954,-0.5,0.0,-0.8241289901387528,-0.08838012350204977,-0.4562545568204013
shc_0423,4,20.0,2,20.0,5,1.0,3,3.0,4,3,"Walls appear to be adequately insulated based on construction year, though no upgrades were observed. The HVAC system was recently replaced with a standard high-efficiency model and is expected to operate efficiently.",0.0,0.3,2.0,3.0,-1.1482579802775057,-0.17676024700409954,-1.0,0.0,-1.0741289901387527,-0.08838012350204977,-0.5812545568204013
shc_0424,4,20.0,2,20.0,5,1.0,4,3.5,5,3,"Walls appear to be adequately insulated based on construction year, though no upgrades were observed. A state-of-the-art HVAC system with smart thermostats and variable-speed compressors was recently installed, maximizing energy efficiency.",0.0,0.3,1.5,3.0,-1.1482579802775057,-0.17676024700409954,-1.5,0.0,-1.3241289901387527,-0.08838012350204977,-0.7062545568204013
shc_0425,4,20.0,2,20.0,5,1.0,5,4.0,5,3,"Walls appear to be adequately insulated based on construction year, though no upgrades were observed. A state-of-the-art HVAC system with smart thermostats and variable-speed compressors was recently installed, maximizing energy efficiency.",0.0,0.3,1.0,3.0,-1.1482579802775057,-0.17676024700409954,-2.0,0.0,-1.5741289901387527,-0.08838012350204977,-0.8312545568204013
shc_0426,4,20.0,3,30.0,1,0.7,1,1.0,1,4,"Blown-in insulation is present in the attic to a depth of approximately 10 inches, providing good thermal resistance. The home has an aging central HVAC system showing substantial exterior corrosion and poor operating efficiency.",1.0,0.0,5.0,2.5,2.1974820554961125,-1.0582109468250747,2.0,-0.5,2.0987410277480563,-0.7791054734125373,0.6598177771677595
shc_0427,4,20.0,3,30.0,1,0.7,2,2.0,2,4,"Blown-in insulation is present in the attic to a depth of approximately 10 inches, providing good thermal resistance. The HVAC system appears to be in working condition but is an older standard-efficiency model.",0.7,0.2,4.5,2.5,1.1937600447640266,-0.4705771469444245,1.5,-0.5,1.3468800223820132,-0.4852885734722122,0.43079572445490055
shc_0428,4,20.0,3,30.0,1,0.7,3,3.0,2,4,"Blown-in insulation is present in the attic to a depth of approximately 10 inches, providing good thermal resistance. The HVAC system appears to be in working condition but is an older standard-efficiency model.",0.7,0.2,4.0,2.5,1.1937600447640266,-0.4705771469444245,1.0,-0.5,1.0968800223820132,-0.4852885734722122,0.30579572445490055
shc_0429,4,20.0,3,30.0,1,0.7,4,3.5,3,4,"Blown-in insulation is present in the attic to a depth of approximately 10 inches, providing good thermal resistance. The home has a functioning central HVAC system of moderate age and efficiency, with no major defects observed but no recent high-efficiency upgrades.",0.5,0.2,3.5,2.5,0.5246120376093033,-0.4705771469444245,0.5,-0.5,0.5123060188046517,-0.4852885734722122,0.013508722666219705
shc_0430,4,20.0,3,30.0,1,0.7,5,4.0,3,4,"Blown-in insulation is present in the attic to a depth of approximately 10 inches, providing good thermal resistance. The home has a functioning central HVAC system of moderate age and efficiency, with no major defects observed but no recent high-efficiency upgrades.",0.5,0.2,3.0,2.5,0.5246120376093033,-0.4705771469444245,0.0,-0.5,0.26230601880465165,-0.4852885734722122,-0.1114912773337803
shc_0431,4,20.0,3,30.0,2,0.8,1,1.0,2,4,"Blown-in insulation is present in the attic to a depth of approximately 10 inches, providing good thermal resistance. The HVAC system appears to be in working condition but is an older standard-efficiency model.",0.7,0.2,4.5,2.5,1.1937600447640266,-0.4705771469444245,1.5,-0.5,1.3468800223820132,-0.4852885734722122,0.43079572445490055
shc_0432,4,20.0,3,30.0,2,0.8,2,2.0,2,4,"Blown-in insulation is present in the attic to a depth of approximately 10 inches, providing good thermal resistance. The HVAC system appears to be in working condition but is an older standard-efficiency model.",0.7,0.2,4.0,2.5,1.1937600447640266,-0.4705771469444245,1.0,-0.5,1.0968800223820132,-0.4852885734722122,0.30579572445490055
shc_0433,4,20.0,3,30.0,2,0.8,3,3.0,3,4,"Blown-in insulation is present in the attic to a depth of approximately 10 inches, providing good thermal resistance. The home has a functioning central HVAC system of moderate age and efficiency, with no major defects observed but no recent high-efficiency upgrades.",0.5,0.2,3.5,2.5,0.5246120376093033,-0.4705771469444245,0.5,-0.5,0.5123060188046517,-0.4852885734722122,0.013508722666219705
shc_0434,4,20.0,3,30.0,2,0.8,4,3.5,3,4,"Blown-in insulation is present in the attic to a depth of approximately 10 inches, providing good thermal resistance. The home has a functioning central HVAC system of moderate age and efficiency, with no major defects observed but no recent high-efficiency upgrades.",0.5,0.2,3.0,2.5,0.5246120376093033,-0.4705771469444245,0.0,-0.5,0.26230601880465165,-0.4852885734722122,-0.1114912773337803
shc_0435,4,20.0,3,30.0,2,0.8,5,4.0,4,4,"Blown-in insulation is present in the attic to a depth of approximately 10 inches, providing good thermal resistance. The HVAC system was recently replaced with a standard high-efficiency model and is expected to operate efficiently.",0.0,0.0,2.5,2.5,-1.1482579802775057,-1.0582109468250747,-0.5,-0.5,-0.8241289901387528,-0.7791054734125373,-0.8016172317756451
shc_0436,4,20.0,3,30.0,3,0.9,1,1.0,2,4,"Blown-in insulation is present in the attic to a depth of approximately 10 inches, providing good thermal resistance. The HVAC system appears to be in working condition but is an older standard-efficiency model.",0.7,0.2,4.0,2.5,1.1937600447640266,-0.4705771469444245,1.0,-0.5,1.0968800223820132,-0.4852885734722122,0.30579572445490055
shc_0437,4,20.0,3,30.0,3,0.9,2,2.0,3,4,"Blown-in insulation is present in the attic to a depth of approximately 10 inches, providing good thermal resistance. The home has a functioning central HVAC system of moderate age and efficiency, with no major defects observed but no recent high-efficiency upgrades.",0.5,0.2,3.5,2.5,0.5246120376093033,-0.4705771469444245,0.5,-0.5,0.5123060188046517,-0.4852885734722122,0.013508722666219705
shc_0438,4,20.0,3,30.0,3,0.9,3,3.0,3,4,"Blown-in insulation is present in the attic to a depth of approximately 10 inches, providing good thermal resistance. The home has a functioning central HVAC system of moderate age and efficiency, with no major defects observed but no recent high-efficiency upgrades.",0.5,0.2,3.0,2.5,0.5246120376093033,-0.4705771469444245,0.0,-0.5,0.26230601880465165,-0.4852885734722122,-0.1114912773337803
shc_0439,4,20.0,3,30.0,3,0.9,4,3.5,4,4,"Blown-in insulation is present in the attic to a depth of approximately 10 inches, providing good thermal resistance. The HVAC system was recently replaced with a standard high-efficiency model and is expected to operate efficiently.",0.0,0.0,2.5,2.5,-1.1482579802775057,-1.0582109468250747,-0.5,-0.5,-0.8241289901387528,-0.7791054734125373,-0.8016172317756451
shc_0440,4,20.0,3,30.0,3,0.9,5,4.0,4,4,"Blown-in insulation is present in the attic to a depth of approximately 10 inches, providing good thermal resistance. The HVAC system was recently replaced with a standard high-efficiency model and is expected to operate efficiently.",0.0,0.0,2.0,2.5,-1.1482579802775057,-1.0582109468250747,-1.0,-0.5,-1.0741289901387527,-0.7791054734125373,-0.9266172317756451
shc_0441,4,20.0,3,30.0,4,0.95,1,1.0,3,4,"Blown-in insulation is present in the attic to a depth of approximately 10 inches, providing good thermal resistance. The home has a functioning central HVAC system of moderate age and efficiency, with no major defects observed but no recent high-efficiency upgrades.",0.5,0.2,3.5,2.5,0.5246120376093033,-0.4705771469444245,0.5,-0.5,0.5123060188046517,-0.4852885734722122,0.013508722666219705
shc_0442,4,20.0,3,30.0,4,0.95,2,2.0,3,4,"Blown-in insulation is present in the attic to a depth of approximately 10 inches, providing good thermal resistance. The home has a functioning central HVAC system of moderate age and efficiency, with no major defects observed but no recent high-efficiency upgrades.",0.5,0.2,3.0,2.5,0.5246120376093033,-0.4705771469444245,0.0,-0.5,0.26230601880465165,-0.4852885734722122,-0.1114912773337803
shc_0443,4,20.0,3,30.0,4,0.95,3,3.0,4,4,"Blown-in insulation is present in the attic to a depth of approximately 10 inches, providing good thermal resistance. The HVAC system was recently replaced with a standard high-efficiency model and is expected to operate efficiently.",0.0,0.0,2.5,2.5,-1.1482579802775057,-1.0582109468250747,-0.5,-0.5,-0.8241289901387528,-0.7791054734125373,-0.8016172317756451
shc_0444,4,20.0,3,30.0,4,0.95,4,3.5,4,4,"Blown-in insulation is present in the attic to a depth of approximately 10 inches, providing good thermal resistance. The HVAC system was recently replaced with a standard high-efficiency model and is expected to operate efficiently.",0.0,0.0,2.0,2.5,-1.1482579802775057,-1.0582109468250747,-1.0,-0.5,-1.0741289901387527,-0.7791054734125373,-0.9266172317756451
shc_0445,4,20.0,3,30.0,4,0.95,5,4.0,5,4,"Blown-in insulation is present in the attic to a depth of approximately 10 inches, providing good thermal resistance. A state-of-the-art HVAC system with smart thermostats and variable-speed compressors was recently installed, maximizing energy efficiency.",0.0,0.0,1.5,2.5,-1.1482579802775057,-1.0582109468250747,-1.5,-0.5,-1.3241289901387527,-0.7791054734125373,-1.0516172317756451
shc_0446,4,20.0,3,30.0,5,1.0,1,1.0,3,4,"Blown-in insulation is present in the attic to a depth of approximately 10 inches, providing good thermal resistance. The home has a functioning central HVAC system of moderate age and efficiency, with no major defects observed but no recent high-efficiency upgrades.",0.5,0.2,3.0,2.5,0.5246120376093033,-0.4705771469444245,0.0,-0.5,0.26230601880465165,-0.4852885734722122,-0.1114912773337803
shc_0447,4,20.0,3,30.0,5,1.0,2,2.0,4,4,"Blown-in insulation is present in the attic to a depth of approximately 10 inches, providing good thermal resistance. The HVAC system was recently replaced with a standard high-efficiency model and is expected to operate efficiently.",0.0,0.0,2.5,2.5,-1.1482579802775057,-1.0582109468250747,-0.5,-0.5,-0.8241289901387528,-0.7791054734125373,-0.8016172317756451
shc_0448,4,20.0,3,30.0,5,1.0,3,3.0,4,4,"Blown-in insulation is present in the attic to a depth of approximately 10 inches, providing good thermal resistance. The HVAC system was recently replaced with a standard high-efficiency model and is expected to operate efficiently.",0.0,0.0,2.0,2.5,-1.1482579802775057,-1.0582109468250747,-1.0,-0.5,-1.0741289901387527,-0.7791054734125373,-0.9266172317756451
shc_0449,4,20.0,3,30.0,5,1.0,4,3.5,5,4,"Blown-in insulation is present in the attic to a depth of approximately 10 inches, providing good thermal resistance. A state-of-the-art HVAC system with smart thermostats and variable-speed compressors was recently installed, maximizing energy efficiency.",0.0,0.0,1.5,2.5,-1.1482579802775057,-1.0582109468250747,-1.5,-0.5,-1.3241289901387527,-0.7791054734125373,-1.0516172317756451
shc_0450,4,20.0,3,30.0,5,1.0,5,4.0,5,4,"Blown-in insulation is present in the attic to a depth of approximately 10 inches, providing good thermal resistance. A state-of-the-art HVAC system with smart thermostats and variable-speed compressors was recently installed, maximizing energy efficiency.",0.0,0.0,1.0,2.5,-1.1482579802775057,-1.0582109468250747,-2.0,-0.5,-1.5741289901387527,-0.7791054734125373,-1.1766172317756451
shc_0451,4,20.0,4,40.0,1,0.7,1,1.0,1,4,"Blown-in insulation is present in the attic to a depth of approximately 10 inches, providing good thermal resistance. The home has an aging central HVAC system showing substantial exterior corrosion and poor operating efficiency.",1.0,0.0,5.0,2.0,2.1974820554961125,-1.0582109468250747,2.0,-1.0,2.0987410277480563,-1.0291054734125373,0.5348177771677595
shc_0452,4,20.0,4,40.0,1,0.7,2,2.0,2,4,"Blown-in insulation is present in the attic to a depth of approximately 10 inches, providing good thermal resistance. The HVAC system appears to be in working condition but is an older standard-efficiency model.",0.7,0.2,4.5,2.0,1.1937600447640266,-0.4705771469444245,1.5,-1.0,1.3468800223820132,-0.7352885734722122,0.30579572445490055
shc_0453,4,20.0,4,40.0,1,0.7,3,3.0,2,4,"Blown-in insulation is present in the attic to a depth of approximately 10 inches, providing good thermal resistance. The HVAC system appears to be in working condition but is an older standard-efficiency model.",0.7,0.2,4.0,2.0,1.1937600447640266,-0.4705771469444245,1.0,-1.0,1.0968800223820132,-0.7352885734722122,0.18079572445490055
shc_0454,4,20.0,4,40.0,1,0.7,4,3.5,3,4,"Blown-in insulation is present in the attic to a depth of approximately 10 inches, providing good thermal resistance. The home has a functioning central HVAC system of moderate age and efficiency, with no major defects observed but no recent high-efficiency upgrades.",0.5,0.2,3.5,2.0,0.5246120376093033,-0.4705771469444245,0.5,-1.0,0.5123060188046517,-0.7352885734722122,-0.1114912773337803
shc_0455,4,20.0,4,40.0,1,0.7,5,4.0,3,4,"Blown-in insulation is present in the attic to a depth of approximately 10 inches, providing good thermal resistance. The home has a functioning central HVAC system of moderate age and efficiency, with no major defects observed but no recent high-efficiency upgrades.",0.5,0.2,3.0,2.0,0.5246120376093033,-0.4705771469444245,0.0,-1.0,0.26230601880465165,-0.7352885734722122,-0.23649127733378028
shc_0456,4,20.0,4,40.0,2,0.8,1,1.0,2,4,"Blown-in insulation is present in the attic to a depth of approximately 10 inches, providing good thermal resistance. The HVAC system appears to be in working condition but is an older standard-efficiency model.",0.7,0.2,4.5,2.0,1.1937600447640266,-0.4705771469444245,1.5,-1.0,1.3468800223820132,-0.7352885734722122,0.30579572445490055
shc_0457,4,20.0,4,40.0,2,0.8,2,2.0,2,4,"Blown-in insulation is present in the attic to a depth of approximately 10 inches, providing good thermal resistance. The HVAC system appears to be in working condition but is an older standard-efficiency model.",0.7,0.2,4.0,2.0,1.1937600447640266,-0.4705771469444245,1.0,-1.0,1.0968800223820132,-0.7352885734722122,0.18079572445490055
shc_0458,4,20.0,4,40.0,2,0.8,3,3.0,3,4,"Blown-in insulation is present in the attic to a depth of approximately 10 inches, providing good thermal resistance. The home has a functioning central HVAC system of moderate age and efficiency, with no major defects observed but no recent high-efficiency upgrades.",0.5,0.2,3.5,2.0,0.5246120376093033,-0.4705771469444245,0.5,-1.0,0.5123060188046517,-0.7352885734722122,-0.1114912773337803
shc_0459,4,20.0,4,40.0,2,0.8,4,3.5,3,4,"Blown-in insulation is present in the attic to a depth of approximately 10 inches, providing good thermal resistance. The home has a functioning central HVAC system of moderate age and efficiency, with no major defects observed but no recent high-efficiency upgrades.",0.5,0.2,3.0,2.0,0.5246120376093033,-0.4705771469444245,0.0,-1.0,0.26230601880465165,-0.7352885734722122,-0.23649127733378028
shc_0460,4,20.0,4,40.0,2,0.8,5,4.0,4,4,"Blown-in insulation is present in the attic to a depth of approximately 10 inches, providing good thermal resistance. The HVAC system was recently replaced with a standard high-efficiency model and is expected to operate efficiently.",0.0,0.0,2.5,2.0,-1.1482579802775057,-1.0582109468250747,-0.5,-1.0,-0.8241289901387528,-1.0291054734125373,-0.9266172317756451
shc_0461,4,20.0,4,40.0,3,0.9,1,1.0,2,4,"Blown-in insulation is present in the attic to a depth of approximately 10 inches, providing good thermal resistance. The HVAC system appears to be in working condition but is an older standard-efficiency model.",0.7,0.2,4.0,2.0,1.1937600447640266,-0.4705771469444245,1.0,-1.0,1.0968800223820132,-0.7352885734722122,0.18079572445490055
shc_0462,4,20.0,4,40.0,3,0.9,2,2.0,3,4,"Blown-in insulation is present in the attic to a depth of approximately 10 inches, providing good thermal resistance. The home has a functioning central HVAC system of moderate age and efficiency, with no major defects observed but no recent high-efficiency upgrades.",0.5,0.2,3.5,2.0,0.5246120376093033,-0.4705771469444245,0.5,-1.0,0.5123060188046517,-0.7352885734722122,-0.1114912773337803
shc_0463,4,20.0,4,40.0,3,0.9,3,3.0,3,4,"Blown-in insulation is present in the attic to a depth of approximately 10 inches, providing good thermal resistance. The home has a functioning central HVAC system of moderate age and efficiency, with no major defects observed but no recent high-efficiency upgrades.",0.5,0.2,3.0,2.0,0.5246120376093033,-0.4705771469444245,0.0,-1.0,0.26230601880465165,-0.7352885734722122,-0.23649127733378028
shc_0464,4,20.0,4,40.0,3,0.9,4,3.5,4,4,"Blown-in insulation is present in the attic to a depth of approximately 10 inches, providing good thermal resistance. The HVAC system was recently replaced with a standard high-efficiency model and is expected to operate efficiently.",0.0,0.0,2.5,2.0,-1.1482579802775057,-1.0582109468250747,-0.5,-1.0,-0.8241289901387528,-1.0291054734125373,-0.9266172317756451
shc_0465,4,20.0,4,40.0,3,0.9,5,4.0,4,4,"Blown-in insulation is present in the attic to a depth of approximately 10 inches, providing good thermal resistance. The HVAC system was recently replaced with a standard high-efficiency model and is expected to operate efficiently.",0.0,0.0,2.0,2.0,-1.1482579802775057,-1.0582109468250747,-1.0,-1.0,-1.0741289901387527,-1.0291054734125373,-1.0516172317756451
shc_0466,4,20.0,4,40.0,4,0.95,1,1.0,3,4,"Blown-in insulation is present in the attic to a depth of approximately 10 inches, providing good thermal resistance. The home has a functioning central HVAC system of moderate age and efficiency, with no major defects observed but no recent high-efficiency upgrades.",0.5,0.2,3.5,2.0,0.5246120376093033,-0.4705771469444245,0.5,-1.0,0.5123060188046517,-0.7352885734722122,-0.1114912773337803
shc_0467,4,20.0,4,40.0,4,0.95,2,2.0,3,4,"Blown-in insulation is present in the attic to a depth of approximately 10 inches, providing good thermal resistance. The home has a functioning central HVAC system of moderate age and efficiency, with no major defects observed but no recent high-efficiency upgrades.",0.5,0.2,3.0,2.0,0.5246120376093033,-0.4705771469444245,0.0,-1.0,0.26230601880465165,-0.7352885734722122,-0.23649127733378028
shc_0468,4,20.0,4,40.0,4,0.95,3,3.0,4,4,"Blown-in insulation is present in the attic to a depth of approximately 10 inches, providing good thermal resistance. The HVAC system was recently replaced with a standard high-efficiency model and is expected to operate efficiently.",0.0,0.0,2.5,2.0,-1.1482579802775057,-1.0582109468250747,-0.5,-1.0,-0.8241289901387528,-1.0291054734125373,-0.9266172317756451
shc_0469,4,20.0,4,40.0,4,0.95,4,3.5,4,4,"Blown-in insulation is present in the attic to a depth of approximately 10 inches, providing good thermal resistance. The HVAC system was recently replaced with a standard high-efficiency model and is expected to operate efficiently.",0.0,0.0,2.0,2.0,-1.1482579802775057,-1.0582109468250747,-1.0,-1.0,-1.0741289901387527,-1.0291054734125373,-1.0516172317756451
shc_0470,4,20.0,4,40.0,4,0.95,5,4.0,5,4,"Blown-in insulation is present in the attic to a depth of approximately 10 inches, providing good thermal resistance. A state-of-the-art HVAC system with smart thermostats and variable-speed compressors was recently installed, maximizing energy efficiency.",0.0,0.0,1.5,2.0,-1.1482579802775057,-1.0582109468250747,-1.5,-1.0,-1.3241289901387527,-1.0291054734125373,-1.1766172317756451
shc_0471,4,20.0,4,40.0,5,1.0,1,1.0,3,4,"Blown-in insulation is present in the attic to a depth of approximately 10 inches, providing good thermal resistance. The home has a functioning central HVAC system of moderate age and efficiency, with no major defects observed but no recent high-efficiency upgrades.",0.5,0.2,3.0,2.0,0.5246120376093033,-0.4705771469444245,0.0,-1.0,0.26230601880465165,-0.7352885734722122,-0.23649127733378028
shc_0472,4,20.0,4,40.0,5,1.0,2,2.0,4,4,"Blown-in insulation is present in the attic to a depth of approximately 10 inches, providing good thermal resistance. The HVAC system was recently replaced with a standard high-efficiency model and is expected to operate efficiently.",0.0,0.0,2.5,2.0,-1.1482579802775057,-1.0582109468250747,-0.5,-1.0,-0.8241289901387528,-1.0291054734125373,-0.9266172317756451
shc_0473,4,20.0,4,40.0,5,1.0,3,3.0,4,4,"Blown-in insulation is present in the attic to a depth of approximately 10 inches, providing good thermal resistance. The HVAC system was recently replaced with a standard high-efficiency model and is expected to operate efficiently.",0.0,0.0,2.0,2.0,-1.1482579802775057,-1.0582109468250747,-1.0,-1.0,-1.0741289901387527,-1.0291054734125373,-1.0516172317756451
shc_0474,4,20.0,4,40.0,5,1.0,4,3.5,5,4,"Blown-in insulation is present in the attic to a depth of approximately 10 inches, providing good thermal resistance. A state-of-the-art HVAC system with smart thermostats and variable-speed compressors was recently installed, maximizing energy efficiency.",0.0,0.0,1.5,2.0,-1.1482579802775057,-1.0582109468250747,-1.5,-1.0,-1.3241289901387527,-1.0291054734125373,-1.1766172317756451
shc_0475,4,20.0,4,40.0,5,1.0,5,4.0,5,4,"Blown-in insulation is present in the attic to a depth of approximately 10 inches, providing good thermal resistance. A state-of-the-art HVAC system with smart thermostats and variable-speed compressors was recently installed, maximizing energy efficiency.",0.0,0.0,1.0,2.0,-1.1482579802775057,-1.0582109468250747,-2.0,-1.0,-1.5741289901387527,-1.0291054734125373,-1.3016172317756451
shc_0476,4,20.0,5,50.0,1,0.7,1,1.0,1,5,"High-performance spray foam insulation was installed throughout the walls, attic, and basement, providing maximum energy efficiency. The home has an aging central HVAC system showing substantial exterior corrosion and poor operating efficiency.",1.0,0.0,5.0,1.5,2.1974820554961125,-1.0582109468250747,2.0,-1.5,2.0987410277480563,-1.2791054734125373,0.40981777716775947
shc_0477,4,20.0,5,50.0,1,0.7,2,2.0,2,5,"High-performance spray foam insulation was installed throughout the walls, attic, and basement, providing maximum energy efficiency. The HVAC system appears to be in working condition but is an older standard-efficiency model.",0.7,0.0,4.5,1.5,1.1937600447640266,-1.0582109468250747,1.5,-1.5,1.3468800223820132,-1.2791054734125373,0.033887274484737995
shc_0478,4,20.0,5,50.0,1,0.7,3,3.0,2,5,"High-performance spray foam insulation was installed throughout the walls, attic, and basement, providing maximum energy efficiency. The HVAC system appears to be in working condition but is an older standard-efficiency model.",0.7,0.0,4.0,1.5,1.1937600447640266,-1.0582109468250747,1.0,-1.5,1.0968800223820132,-1.2791054734125373,-0.091112725515262
shc_0479,4,20.0,5,50.0,1,0.7,4,3.5,3,5,"High-performance spray foam insulation was installed throughout the walls, attic, and basement, providing maximum energy efficiency. The home has a functioning central HVAC system of moderate age and efficiency, with no major defects observed but no recent high-efficiency upgrades.",0.5,0.0,3.5,1.5,0.5246120376093033,-1.0582109468250747,0.5,-1.5,0.5123060188046517,-1.2791054734125373,-0.38339972730394284
shc_0480,4,20.0,5,50.0,1,0.7,5,4.0,3,5,"High-performance spray foam insulation was installed throughout the walls, attic, and basement, providing maximum energy efficiency. The home has a functioning central HVAC system of moderate age and efficiency, with no major defects observed but no recent high-efficiency upgrades.",0.5,0.0,3.0,1.5,0.5246120376093033,-1.0582109468250747,0.0,-1.5,0.26230601880465165,-1.2791054734125373,-0.5083997273039429
shc_0481,4,20.0,5,50.0,2,0.8,1,1.0,2,5,"High-performance spray foam insulation was installed throughout the walls, attic, and basement, providing maximum energy efficiency. The HVAC system appears to be in working condition but is an older standard-efficiency model.",0.7,0.0,4.5,1.5,1.1937600447640266,-1.0582109468250747,1.5,-1.5,1.3468800223820132,-1.2791054734125373,0.033887274484737995
shc_0482,4,20.0,5,50.0,2,0.8,2,2.0,2,5,"High-performance spray foam insulation was installed throughout the walls, attic, and basement, providing maximum energy efficiency. The HVAC system appears to be in working condition but is an older standard-efficiency model.",0.7,0.0,4.0,1.5,1.1937600447640266,-1.0582109468250747,1.0,-1.5,1.0968800223820132,-1.2791054734125373,-0.091112725515262
shc_0483,4,20.0,5,50.0,2,0.8,3,3.0,3,5,"High-performance spray foam insulation was installed throughout the walls, attic, and basement, providing maximum energy efficiency. The home has a functioning central HVAC system of moderate age and efficiency, with no major defects observed but no recent high-efficiency upgrades.",0.5,0.0,3.5,1.5,0.5246120376093033,-1.0582109468250747,0.5,-1.5,0.5123060188046517,-1.2791054734125373,-0.38339972730394284
shc_0484,4,20.0,5,50.0,2,0.8,4,3.5,3,5,"High-performance spray foam insulation was installed throughout the walls, attic, and basement, providing maximum energy efficiency. The home has a functioning central HVAC system of moderate age and efficiency, with no major defects observed but no recent high-efficiency upgrades.",0.5,0.0,3.0,1.5,0.5246120376093033,-1.0582109468250747,0.0,-1.5,0.26230601880465165,-1.2791054734125373,-0.5083997273039429
shc_0485,4,20.0,5,50.0,2,0.8,5,4.0,4,5,"High-performance spray foam insulation was installed throughout the walls, attic, and basement, providing maximum energy efficiency. The HVAC system was recently replaced with a standard high-efficiency model and is expected to operate efficiently.",0.0,0.0,2.5,1.5,-1.1482579802775057,-1.0582109468250747,-0.5,-1.5,-0.8241289901387528,-1.2791054734125373,-1.0516172317756451
shc_0486,4,20.0,5,50.0,3,0.9,1,1.0,2,5,"High-performance spray foam insulation was installed throughout the walls, attic, and basement, providing maximum energy efficiency. The HVAC system appears to be in working condition but is an older standard-efficiency model.",0.7,0.0,4.0,1.5,1.1937600447640266,-1.0582109468250747,1.0,-1.5,1.0968800223820132,-1.2791054734125373,-0.091112725515262
shc_0487,4,20.0,5,50.0,3,0.9,2,2.0,3,5,"High-performance spray foam insulation was installed throughout the walls, attic, and basement, providing maximum energy efficiency. The home has a functioning central HVAC system of moderate age and efficiency, with no major defects observed but no recent high-efficiency upgrades.",0.5,0.0,3.5,1.5,0.5246120376093033,-1.0582109468250747,0.5,-1.5,0.5123060188046517,-1.2791054734125373,-0.38339972730394284
shc_0488,4,20.0,5,50.0,3,0.9,3,3.0,3,5,"High-performance spray foam insulation was installed throughout the walls, attic, and basement, providing maximum energy efficiency. The home has a functioning central HVAC system of moderate age and efficiency, with no major defects observed but no recent high-efficiency upgrades.",0.5,0.0,3.0,1.5,0.5246120376093033,-1.0582109468250747,0.0,-1.5,0.26230601880465165,-1.2791054734125373,-0.5083997273039429
shc_0489,4,20.0,5,50.0,3,0.9,4,3.5,4,5,"High-performance spray foam insulation was installed throughout the walls, attic, and basement, providing maximum energy efficiency. The HVAC system was recently replaced with a standard high-efficiency model and is expected to operate efficiently.",0.0,0.0,2.5,1.5,-1.1482579802775057,-1.0582109468250747,-0.5,-1.5,-0.8241289901387528,-1.2791054734125373,-1.0516172317756451
shc_0490,4,20.0,5,50.0,3,0.9,5,4.0,4,5,"High-performance spray foam insulation was installed throughout the walls, attic, and basement, providing maximum energy efficiency. The HVAC system was recently replaced with a standard high-efficiency model and is expected to operate efficiently.",0.0,0.0,2.0,1.5,-1.1482579802775057,-1.0582109468250747,-1.0,-1.5,-1.0741289901387527,-1.2791054734125373,-1.1766172317756451
shc_0491,4,20.0,5,50.0,4,0.95,1,1.0,3,5,"High-performance spray foam insulation was installed throughout the walls, attic, and basement, providing maximum energy efficiency. The home has a functioning central HVAC system of moderate age and efficiency, with no major defects observed but no recent high-efficiency upgrades.",0.5,0.0,3.5,1.5,0.5246120376093033,-1.0582109468250747,0.5,-1.5,0.5123060188046517,-1.2791054734125373,-0.38339972730394284
shc_0492,4,20.0,5,50.0,4,0.95,2,2.0,3,5,"High-performance spray foam insulation was installed throughout the walls, attic, and basement, providing maximum energy efficiency. The home has a functioning central HVAC system of moderate age and efficiency, with no major defects observed but no recent high-efficiency upgrades.",0.5,0.0,3.0,1.5,0.5246120376093033,-1.0582109468250747,0.0,-1.5,0.26230601880465165,-1.2791054734125373,-0.5083997273039429
shc_0493,4,20.0,5,50.0,4,0.95,3,3.0,4,5,"High-performance spray foam insulation was installed throughout the walls, attic, and basement, providing maximum energy efficiency. The HVAC system was recently replaced with a standard high-efficiency model and is expected to operate efficiently.",0.0,0.0,2.5,1.5,-1.1482579802775057,-1.0582109468250747,-0.5,-1.5,-0.8241289901387528,-1.2791054734125373,-1.0516172317756451
shc_0494,4,20.0,5,50.0,4,0.95,4,3.5,4,5,"High-performance spray foam insulation was installed throughout the walls, attic, and basement, providing maximum energy efficiency. The HVAC system was recently replaced with a standard high-efficiency model and is expected to operate efficiently.",0.0,0.0,2.0,1.5,-1.1482579802775057,-1.0582109468250747,-1.0,-1.5,-1.0741289901387527,-1.2791054734125373,-1.1766172317756451
shc_0495,4,20.0,5,50.0,4,0.95,5,4.0,5,5,"High-performance spray foam insulation was installed throughout the walls, attic, and basement, providing maximum energy efficiency. A state-of-the-art HVAC system with smart thermostats and variable-speed compressors was recently installed, maximizing energy efficiency.",0.0,0.0,1.5,1.5,-1.1482579802775057,-1.0582109468250747,-1.5,-1.5,-1.3241289901387527,-1.2791054734125373,-1.3016172317756451
shc_0496,4,20.0,5,50.0,5,1.0,1,1.0,3,5,"High-performance spray foam insulation was installed throughout the walls, attic, and basement, providing maximum energy efficiency. The home has a functioning central HVAC system of moderate age and efficiency, with no major defects observed but no recent high-efficiency upgrades.",0.5,0.0,3.0,1.5,0.5246120376093033,-1.0582109468250747,0.0,-1.5,0.26230601880465165,-1.2791054734125373,-0.5083997273039429
shc_0497,4,20.0,5,50.0,5,1.0,2,2.0,4,5,"High-performance spray foam insulation was installed throughout the walls, attic, and basement, providing maximum energy efficiency. The HVAC system was recently replaced with a standard high-efficiency model and is expected to operate efficiently.",0.0,0.0,2.5,1.5,-1.1482579802775057,-1.0582109468250747,-0.5,-1.5,-0.8241289901387528,-1.2791054734125373,-1.0516172317756451
shc_0498,4,20.0,5,50.0,5,1.0,3,3.0,4,5,"High-performance spray foam insulation was installed throughout the walls, attic, and basement, providing maximum energy efficiency. The HVAC system was recently replaced with a standard high-efficiency model and is expected to operate efficiently.",0.0,0.0,2.0,1.5,-1.1482579802775057,-1.0582109468250747,-1.0,-1.5,-1.0741289901387527,-1.2791054734125373,-1.1766172317756451
shc_0499,4,20.0,5,50.0,5,1.0,4,3.5,5,5,"High-performance spray foam insulation was installed throughout the walls, attic, and basement, providing maximum energy efficiency. A state-of-the-art HVAC system with smart thermostats and variable-speed compressors was recently installed, maximizing energy efficiency.",0.0,0.0,1.5,1.5,-1.1482579802775057,-1.0582109468250747,-1.5,-1.5,-1.3241289901387527,-1.2791054734125373,-1.3016172317756451
shc_0500,4,20.0,5,50.0,5,1.0,5,4.0,5,5,"High-performance spray foam insulation was installed throughout the walls, attic, and basement, providing maximum energy efficiency. A state-of-the-art HVAC system with smart thermostats and variable-speed compressors was recently installed, maximizing energy efficiency.",0.0,0.0,1.0,1.5,-1.1482579802775057,-1.0582109468250747,-2.0,-1.5,-1.5741289901387527,-1.2791054734125373,-1.4266172317756451
shc_0501,5,30.0,1,10.0,1,0.7,1,1.0,1,3,"Walls appear to be adequately insulated based on construction year, though no upgrades were observed. The home has an aging central HVAC system showing substantial exterior corrosion and poor operating efficiency.",1.0,0.3,5.0,3.0,2.1974820554961125,-0.17676024700409954,2.0,0.0,2.0987410277480563,-0.08838012350204977,1.0051804521230032
shc_0502,5,30.0,1,10.0,1,0.7,2,2.0,2,3,"Walls appear to be adequately insulated based on construction year, though no upgrades were observed. The HVAC system appears to be in working condition but is an older standard-efficiency model.",0.6,0.3,4.5,3.0,0.859186041186665,-0.17676024700409954,1.5,0.0,1.1795930205933325,-0.08838012350204977,0.5456064485456413
shc_0503,5,30.0,1,10.0,1,0.7,3,3.0,2,3,"Walls appear to be adequately insulated based on construction year, though no upgrades were observed. The HVAC system appears to be in working condition but is an older standard-efficiency model.",0.6,0.3,4.0,3.0,0.859186041186665,-0.17676024700409954,1.0,0.0,0.9295930205933325,-0.08838012350204977,0.42060644854564133
shc_0504,5,30.0,1,10.0,1,0.7,4,3.5,3,3,"Walls appear to be adequately insulated based on construction year, though no upgrades were observed. The home has a functioning central HVAC system of moderate age and efficiency, with no major defects observed but no recent high-efficiency upgrades.",0.5,0.3,3.5,3.0,0.5246120376093033,-0.17676024700409954,0.5,0.0,0.5123060188046517,-0.08838012350204977,0.21196294765130094
shc_0505,5,30.0,1,10.0,1,0.7,5,4.0,3,3,"Walls appear to be adequately insulated based on construction year, though no upgrades were observed. The home has a functioning central HVAC system of moderate age and efficiency, with no major defects observed but no recent high-efficiency upgrades.",0.5,0.3,3.0,3.0,0.5246120376093033,-0.17676024700409954,0.0,0.0,0.26230601880465165,-0.08838012350204977,0.08696294765130094
shc_0506,5,30.0,1,10.0,2,0.8,1,1.0,2,3,"Walls appear to be adequately insulated based on construction year, though no upgrades were observed. The HVAC system appears to be in working condition but is an older standard-efficiency model.",0.6,0.3,4.5,3.0,0.859186041186665,-0.17676024700409954,1.5,0.0,1.1795930205933325,-0.08838012350204977,0.5456064485456413
shc_0507,5,30.0,1,10.0,2,0.8,2,2.0,2,3,"Walls appear to be adequately insulated based on construction year, though no upgrades were observed. The HVAC system appears to be in working condition but is an older standard-efficiency model.",0.6,0.3,4.0,3.0,0.859186041186665,-0.17676024700409954,1.0,0.0,0.9295930205933325,-0.08838012350204977,0.42060644854564133
shc_0508,5,30.0,1,10.0,2,0.8,3,3.0,3,3,"Walls appear to be adequately insulated based on construction year, though no upgrades were observed. The home has a functioning central HVAC system of moderate age and efficiency, with no major defects observed but no recent high-efficiency upgrades.",0.5,0.3,3.5,3.0,0.5246120376093033,-0.17676024700409954,0.5,0.0,0.5123060188046517,-0.08838012350204977,0.21196294765130094
shc_0509,5,30.0,1,10.0,2,0.8,4,3.5,3,3,"Walls appear to be adequately insulated based on construction year, though no upgrades were observed. The home has a functioning central HVAC system of moderate age and efficiency, with no major defects observed but no recent high-efficiency upgrades.",0.5,0.3,3.0,3.0,0.5246120376093033,-0.17676024700409954,0.0,0.0,0.26230601880465165,-0.08838012350204977,0.08696294765130094
shc_0510,5,30.0,1,10.0,2,0.8,5,4.0,4,3,"Walls appear to be adequately insulated based on construction year, though no upgrades were observed. The HVAC system was recently replaced with a standard high-efficiency model and is expected to operate efficiently.",0.0,0.3,2.5,3.0,-1.1482579802775057,-0.17676024700409954,-0.5,0.0,-0.8241289901387528,-0.08838012350204977,-0.4562545568204013
shc_0511,5,30.0,1,10.0,3,0.9,1,1.0,2,3,"Walls appear to be adequately insulated based on construction year, though no upgrades were observed. The HVAC system appears to be in working condition but is an older standard-efficiency model.",0.6,0.3,4.0,3.0,0.859186041186665,-0.17676024700409954,1.0,0.0,0.9295930205933325,-0.08838012350204977,0.42060644854564133
shc_0512,5,30.0,1,10.0,3,0.9,2,2.0,3,3,"Walls appear to be adequately insulated based on construction year, though no upgrades were observed. The home has a functioning central HVAC system of moderate age and efficiency, with no major defects observed but no recent high-efficiency upgrades.",0.5,0.3,3.5,3.0,0.5246120376093033,-0.17676024700409954,0.5,0.0,0.5123060188046517,-0.08838012350204977,0.21196294765130094
shc_0513,5,30.0,1,10.0,3,0.9,3,3.0,3,3,"Walls appear to be adequately insulated based on construction year, though no upgrades were observed. The home has a functioning central HVAC system of moderate age and efficiency, with no major defects observed but no recent high-efficiency upgrades.",0.5,0.3,3.0,3.0,0.5246120376093033,-0.17676024700409954,0.0,0.0,0.26230601880465165,-0.08838012350204977,0.08696294765130094
shc_0514,5,30.0,1,10.0,3,0.9,4,3.5,4,3,"Walls appear to be adequately insulated based on construction year, though no upgrades were observed. The HVAC system was recently replaced with a standard high-efficiency model and is expected to operate efficiently.",0.0,0.3,2.5,3.0,-1.1482579802775057,-0.17676024700409954,-0.5,0.0,-0.8241289901387528,-0.08838012350204977,-0.4562545568204013
shc_0515,5,30.0,1,10.0,3,0.9,5,4.0,4,3,"Walls appear to be adequately insulated based on construction year, though no upgrades were observed. The HVAC system was recently replaced with a standard high-efficiency model and is expected to operate efficiently.",0.0,0.3,2.0,3.0,-1.1482579802775057,-0.17676024700409954,-1.0,0.0,-1.0741289901387527,-0.08838012350204977,-0.5812545568204013
shc_0516,5,30.0,1,10.0,4,0.95,1,1.0,3,3,"Walls appear to be adequately insulated based on construction year, though no upgrades were observed. The home has a functioning central HVAC system of moderate age and efficiency, with no major defects observed but no recent high-efficiency upgrades.",0.5,0.3,3.5,3.0,0.5246120376093033,-0.17676024700409954,0.5,0.0,0.5123060188046517,-0.08838012350204977,0.21196294765130094
shc_0517,5,30.0,1,10.0,4,0.95,2,2.0,3,3,"Walls appear to be adequately insulated based on construction year, though no upgrades were observed. The home has a functioning central HVAC system of moderate age and efficiency, with no major defects observed but no recent high-efficiency upgrades.",0.5,0.3,3.0,3.0,0.5246120376093033,-0.17676024700409954,0.0,0.0,0.26230601880465165,-0.08838012350204977,0.08696294765130094
shc_0518,5,30.0,1,10.0,4,0.95,3,3.0,4,3,"Walls appear to be adequately insulated based on construction year, though no upgrades were observed. The HVAC system was recently replaced with a standard high-efficiency model and is expected to operate efficiently.",0.0,0.3,2.5,3.0,-1.1482579802775057,-0.17676024700409954,-0.5,0.0,-0.8241289901387528,-0.08838012350204977,-0.4562545568204013
shc_0519,5,30.0,1,10.0,4,0.95,4,3.5,4,3,"Walls appear to be adequately insulated based on construction year, though no upgrades were observed. The HVAC system was recently replaced with a standard high-efficiency model and is expected to operate efficiently.",0.0,0.3,2.0,3.0,-1.1482579802775057,-0.17676024700409954,-1.0,0.0,-1.0741289901387527,-0.08838012350204977,-0.5812545568204013
shc_0520,5,30.0,1,10.0,4,0.95,5,4.0,5,3,"Walls appear to be adequately insulated based on construction year, though no upgrades were observed. A state-of-the-art HVAC system with smart thermostats and variable-speed compressors was recently installed, maximizing energy efficiency.",0.0,0.3,1.5,3.0,-1.1482579802775057,-0.17676024700409954,-1.5,0.0,-1.3241289901387527,-0.08838012350204977,-0.7062545568204013
shc_0521,5,30.0,1,10.0,5,1.0,1,1.0,3,3,"Walls appear to be adequately insulated based on construction year, though no upgrades were observed. The home has a functioning central HVAC system of moderate age and efficiency, with no major defects observed but no recent high-efficiency upgrades.",0.5,0.3,3.0,3.0,0.5246120376093033,-0.17676024700409954,0.0,0.0,0.26230601880465165,-0.08838012350204977,0.08696294765130094
shc_0522,5,30.0,1,10.0,5,1.0,2,2.0,4,3,"Walls appear to be adequately insulated based on construction year, though no upgrades were observed. The HVAC system was recently replaced with a standard high-efficiency model and is expected to operate efficiently.",0.0,0.3,2.5,3.0,-1.1482579802775057,-0.17676024700409954,-0.5,0.0,-0.8241289901387528,-0.08838012350204977,-0.4562545568204013
shc_0523,5,30.0,1,10.0,5,1.0,3,3.0,4,3,"Walls appear to be adequately insulated based on construction year, though no upgrades were observed. The HVAC system was recently replaced with a standard high-efficiency model and is expected to operate efficiently.",0.0,0.3,2.0,3.0,-1.1482579802775057,-0.17676024700409954,-1.0,0.0,-1.0741289901387527,-0.08838012350204977,-0.5812545568204013
shc_0524,5,30.0,1,10.0,5,1.0,4,3.5,5,3,"Walls appear to be adequately insulated based on construction year, though no upgrades were observed. A state-of-the-art HVAC system with smart thermostats and variable-speed compressors was recently installed, maximizing energy efficiency.",0.0,0.3,1.5,3.0,-1.1482579802775057,-0.17676024700409954,-1.5,0.0,-1.3241289901387527,-0.08838012350204977,-0.7062545568204013
shc_0525,5,30.0,1,10.0,5,1.0,5,4.0,5,3,"Walls appear to be adequately insulated based on construction year, though no upgrades were observed. A state-of-the-art HVAC system with smart thermostats and variable-speed compressors was recently installed, maximizing energy efficiency.",0.0,0.3,1.0,3.0,-1.1482579802775057,-0.17676024700409954,-2.0,0.0,-1.5741289901387527,-0.08838012350204977,-0.8312545568204013
shc_0526,5,30.0,2,20.0,1,0.7,1,1.0,1,4,"Blown-in insulation is present in the attic to a depth of approximately 10 inches, providing good thermal resistance. The home has an aging central HVAC system showing substantial exterior corrosion and poor operating efficiency.",1.0,0.0,5.0,2.5,2.1974820554961125,-1.0582109468250747,2.0,-0.5,2.0987410277480563,-0.7791054734125373,0.6598177771677595
shc_0527,5,30.0,2,20.0,1,0.7,2,2.0,2,4,"Blown-in insulation is present in the attic to a depth of approximately 10 inches, providing good thermal resistance. The HVAC system appears to be in working condition but is an older standard-efficiency model.",0.7,0.2,4.5,2.5,1.1937600447640266,-0.4705771469444245,1.5,-0.5,1.3468800223820132,-0.4852885734722122,0.43079572445490055
shc_0528,5,30.0,2,20.0,1,0.7,3,3.0,2,4,"Blown-in insulation is present in the attic to a depth of approximately 10 inches, providing good thermal resistance. The HVAC system appears to be in working condition but is an older standard-efficiency model.",0.7,0.2,4.0,2.5,1.1937600447640266,-0.4705771469444245,1.0,-0.5,1.0968800223820132,-0.4852885734722122,0.30579572445490055
shc_0529,5,30.0,2,20.0,1,0.7,4,3.5,3,4,"Blown-in insulation is present in the attic to a depth of approximately 10 inches, providing good thermal resistance. The home has a functioning central HVAC system of moderate age and efficiency, with no major defects observed but no recent high-efficiency upgrades.",0.5,0.2,3.5,2.5,0.5246120376093033,-0.4705771469444245,0.5,-0.5,0.5123060188046517,-0.4852885734722122,0.013508722666219705
shc_0530,5,30.0,2,20.0,1,0.7,5,4.0,3,4,"Blown-in insulation is present in the attic to a depth of approximately 10 inches, providing good thermal resistance. The home has a functioning central HVAC system of moderate age and efficiency, with no major defects observed but no recent high-efficiency upgrades.",0.5,0.2,3.0,2.5,0.5246120376093033,-0.4705771469444245,0.0,-0.5,0.26230601880465165,-0.4852885734722122,-0.1114912773337803
shc_0531,5,30.0,2,20.0,2,0.8,1,1.0,2,4,"Blown-in insulation is present in the attic to a depth of approximately 10 inches, providing good thermal resistance. The HVAC system appears to be in working condition but is an older standard-efficiency model.",0.7,0.2,4.5,2.5,1.1937600447640266,-0.4705771469444245,1.5,-0.5,1.3468800223820132,-0.4852885734722122,0.43079572445490055
shc_0532,5,30.0,2,20.0,2,0.8,2,2.0,2,4,"Blown-in insulation is present in the attic to a depth of approximately 10 inches, providing good thermal resistance. The HVAC system appears to be in working condition but is an older standard-efficiency model.",0.7,0.2,4.0,2.5,1.1937600447640266,-0.4705771469444245,1.0,-0.5,1.0968800223820132,-0.4852885734722122,0.30579572445490055
shc_0533,5,30.0,2,20.0,2,0.8,3,3.0,3,4,"Blown-in insulation is present in the attic to a depth of approximately 10 inches, providing good thermal resistance. The home has a functioning central HVAC system of moderate age and efficiency, with no major defects observed but no recent high-efficiency upgrades.",0.5,0.2,3.5,2.5,0.5246120376093033,-0.4705771469444245,0.5,-0.5,0.5123060188046517,-0.4852885734722122,0.013508722666219705
shc_0534,5,30.0,2,20.0,2,0.8,4,3.5,3,4,"Blown-in insulation is present in the attic to a depth of approximately 10 inches, providing good thermal resistance. The home has a functioning central HVAC system of moderate age and efficiency, with no major defects observed but no recent high-efficiency upgrades.",0.5,0.2,3.0,2.5,0.5246120376093033,-0.4705771469444245,0.0,-0.5,0.26230601880465165,-0.4852885734722122,-0.1114912773337803
shc_0535,5,30.0,2,20.0,2,0.8,5,4.0,4,4,"Blown-in insulation is present in the attic to a depth of approximately 10 inches, providing good thermal resistance. The HVAC system was recently replaced with a standard high-efficiency model and is expected to operate efficiently.",0.0,0.0,2.5,2.5,-1.1482579802775057,-1.0582109468250747,-0.5,-0.5,-0.8241289901387528,-0.7791054734125373,-0.8016172317756451
shc_0536,5,30.0,2,20.0,3,0.9,1,1.0,2,4,"Blown-in insulation is present in the attic to a depth of approximately 10 inches, providing good thermal resistance. The HVAC system appears to be in working condition but is an older standard-efficiency model.",0.7,0.2,4.0,2.5,1.1937600447640266,-0.4705771469444245,1.0,-0.5,1.0968800223820132,-0.4852885734722122,0.30579572445490055
shc_0537,5,30.0,2,20.0,3,0.9,2,2.0,3,4,"Blown-in insulation is present in the attic to a depth of approximately 10 inches, providing good thermal resistance. The home has a functioning central HVAC system of moderate age and efficiency, with no major defects observed but no recent high-efficiency upgrades.",0.5,0.2,3.5,2.5,0.5246120376093033,-0.4705771469444245,0.5,-0.5,0.5123060188046517,-0.4852885734722122,0.013508722666219705
shc_0538,5,30.0,2,20.0,3,0.9,3,3.0,3,4,"Blown-in insulation is present in the attic to a depth of approximately 10 inches, providing good thermal resistance. The home has a functioning central HVAC system of moderate age and efficiency, with no major defects observed but no recent high-efficiency upgrades.",0.5,0.2,3.0,2.5,0.5246120376093033,-0.4705771469444245,0.0,-0.5,0.26230601880465165,-0.4852885734722122,-0.1114912773337803
shc_0539,5,30.0,2,20.0,3,0.9,4,3.5,4,4,"Blown-in insulation is present in the attic to a depth of approximately 10 inches, providing good thermal resistance. The HVAC system was recently replaced with a standard high-efficiency model and is expected to operate efficiently.",0.0,0.0,2.5,2.5,-1.1482579802775057,-1.0582109468250747,-0.5,-0.5,-0.8241289901387528,-0.7791054734125373,-0.8016172317756451
shc_0540,5,30.0,2,20.0,3,0.9,5,4.0,4,4,"Blown-in insulation is present in the attic to a depth of approximately 10 inches, providing good thermal resistance. The HVAC system was recently replaced with a standard high-efficiency model and is expected to operate efficiently.",0.0,0.0,2.0,2.5,-1.1482579802775057,-1.0582109468250747,-1.0,-0.5,-1.0741289901387527,-0.7791054734125373,-0.9266172317756451
shc_0541,5,30.0,2,20.0,4,0.95,1,1.0,3,4,"Blown-in insulation is present in the attic to a depth of approximately 10 inches, providing good thermal resistance. The home has a functioning central HVAC system of moderate age and efficiency, with no major defects observed but no recent high-efficiency upgrades.",0.5,0.2,3.5,2.5,0.5246120376093033,-0.4705771469444245,0.5,-0.5,0.5123060188046517,-0.4852885734722122,0.013508722666219705
shc_0542,5,30.0,2,20.0,4,0.95,2,2.0,3,4,"Blown-in insulation is present in the attic to a depth of approximately 10 inches, providing good thermal resistance. The home has a functioning central HVAC system of moderate age and efficiency, with no major defects observed but no recent high-efficiency upgrades.",0.5,0.2,3.0,2.5,0.5246120376093033,-0.4705771469444245,0.0,-0.5,0.26230601880465165,-0.4852885734722122,-0.1114912773337803
shc_0543,5,30.0,2,20.0,4,0.95,3,3.0,4,4,"Blown-in insulation is present in the attic to a depth of approximately 10 inches, providing good thermal resistance. The HVAC system was recently replaced with a standard high-efficiency model and is expected to operate efficiently.",0.0,0.0,2.5,2.5,-1.1482579802775057,-1.0582109468250747,-0.5,-0.5,-0.8241289901387528,-0.7791054734125373,-0.8016172317756451
shc_0544,5,30.0,2,20.0,4,0.95,4,3.5,4,4,"Blown-in insulation is present in the attic to a depth of approximately 10 inches, providing good thermal resistance. The HVAC system was recently replaced with a standard high-efficiency model and is expected to operate efficiently.",0.0,0.0,2.0,2.5,-1.1482579802775057,-1.0582109468250747,-1.0,-0.5,-1.0741289901387527,-0.7791054734125373,-0.9266172317756451
shc_0545,5,30.0,2,20.0,4,0.95,5,4.0,5,4,"Blown-in insulation is present in the attic to a depth of approximately 10 inches, providing good thermal resistance. A state-of-the-art HVAC system with smart thermostats and variable-speed compressors was recently installed, maximizing energy efficiency.",0.0,0.0,1.5,2.5,-1.1482579802775057,-1.0582109468250747,-1.5,-0.5,-1.3241289901387527,-0.7791054734125373,-1.0516172317756451
shc_0546,5,30.0,2,20.0,5,1.0,1,1.0,3,4,"Blown-in insulation is present in the attic to a depth of approximately 10 inches, providing good thermal resistance. The home has a functioning central HVAC system of moderate age and efficiency, with no major defects observed but no recent high-efficiency upgrades.",0.5,0.2,3.0,2.5,0.5246120376093033,-0.4705771469444245,0.0,-0.5,0.26230601880465165,-0.4852885734722122,-0.1114912773337803
shc_0547,5,30.0,2,20.0,5,1.0,2,2.0,4,4,"Blown-in insulation is present in the attic to a depth of approximately 10 inches, providing good thermal resistance. The HVAC system was recently replaced with a standard high-efficiency model and is expected to operate efficiently.",0.0,0.0,2.5,2.5,-1.1482579802775057,-1.0582109468250747,-0.5,-0.5,-0.8241289901387528,-0.7791054734125373,-0.8016172317756451
shc_0548,5,30.0,2,20.0,5,1.0,3,3.0,4,4,"Blown-in insulation is present in the attic to a depth of approximately 10 inches, providing good thermal resistance. The HVAC system was recently replaced with a standard high-efficiency model and is expected to operate efficiently.",0.0,0.0,2.0,2.5,-1.1482579802775057,-1.0582109468250747,-1.0,-0.5,-1.0741289901387527,-0.7791054734125373,-0.9266172317756451
shc_0549,5,30.0,2,20.0,5,1.0,4,3.5,5,4,"Blown-in insulation is present in the attic to a depth of approximately 10 inches, providing good thermal resistance. A state-of-the-art HVAC system with smart thermostats and variable-speed compressors was recently installed, maximizing energy efficiency.",0.0,0.0,1.5,2.5,-1.1482579802775057,-1.0582109468250747,-1.5,-0.5,-1.3241289901387527,-0.7791054734125373,-1.0516172317756451
shc_0550,5,30.0,2,20.0,5,1.0,5,4.0,5,4,"Blown-in insulation is present in the attic to a depth of approximately 10 inches, providing good thermal resistance. A state-of-the-art HVAC system with smart thermostats and variable-speed compressors was recently installed, maximizing energy efficiency.",0.0,0.0,1.0,2.5,-1.1482579802775057,-1.0582109468250747,-2.0,-0.5,-1.5741289901387527,-0.7791054734125373,-1.1766172317756451
shc_0551,5,30.0,3,30.0,1,0.7,1,1.0,1,4,"Blown-in insulation is present in the attic to a depth of approximately 10 inches, providing good thermal resistance. The home has an aging central HVAC system showing substantial exterior corrosion and poor operating efficiency.",1.0,0.0,5.0,2.0,2.1974820554961125,-1.0582109468250747,2.0,-1.0,2.0987410277480563,-1.0291054734125373,0.5348177771677595
shc_0552,5,30.0,3,30.0,1,0.7,2,2.0,2,4,"Blown-in insulation is present in the attic to a depth of approximately 10 inches, providing good thermal resistance. The HVAC system appears to be in working condition but is an older standard-efficiency model.",0.7,0.2,4.5,2.0,1.1937600447640266,-0.4705771469444245,1.5,-1.0,1.3468800223820132,-0.7352885734722122,0.30579572445490055
shc_0553,5,30.0,3,30.0,1,0.7,3,3.0,2,4,"Blown-in insulation is present in the attic to a depth of approximately 10 inches, providing good thermal resistance. The HVAC system appears to be in working condition but is an older standard-efficiency model.",0.7,0.2,4.0,2.0,1.1937600447640266,-0.4705771469444245,1.0,-1.0,1.0968800223820132,-0.7352885734722122,0.18079572445490055
shc_0554,5,30.0,3,30.0,1,0.7,4,3.5,3,4,"Blown-in insulation is present in the attic to a depth of approximately 10 inches, providing good thermal resistance. The home has a functioning central HVAC system of moderate age and efficiency, with no major defects observed but no recent high-efficiency upgrades.",0.5,0.2,3.5,2.0,0.5246120376093033,-0.4705771469444245,0.5,-1.0,0.5123060188046517,-0.7352885734722122,-0.1114912773337803
shc_0555,5,30.0,3,30.0,1,0.7,5,4.0,3,4,"Blown-in insulation is present in the attic to a depth of approximately 10 inches, providing good thermal resistance. The home has a functioning central HVAC system of moderate age and efficiency, with no major defects observed but no recent high-efficiency upgrades.",0.5,0.2,3.0,2.0,0.5246120376093033,-0.4705771469444245,0.0,-1.0,0.26230601880465165,-0.7352885734722122,-0.23649127733378028
shc_0556,5,30.0,3,30.0,2,0.8,1,1.0,2,4,"Blown-in insulation is present in the attic to a depth of approximately 10 inches, providing good thermal resistance. The HVAC system appears to be in working condition but is an older standard-efficiency model.",0.7,0.2,4.5,2.0,1.1937600447640266,-0.4705771469444245,1.5,-1.0,1.3468800223820132,-0.7352885734722122,0.30579572445490055
shc_0557,5,30.0,3,30.0,2,0.8,2,2.0,2,4,"Blown-in insulation is present in the attic to a depth of approximately 10 inches, providing good thermal resistance. The HVAC system appears to be in working condition but is an older standard-efficiency model.",0.7,0.2,4.0,2.0,1.1937600447640266,-0.4705771469444245,1.0,-1.0,1.0968800223820132,-0.7352885734722122,0.18079572445490055
shc_0558,5,30.0,3,30.0,2,0.8,3,3.0,3,4,"Blown-in insulation is present in the attic to a depth of approximately 10 inches, providing good thermal resistance. The home has a functioning central HVAC system of moderate age and efficiency, with no major defects observed but no recent high-efficiency upgrades.",0.5,0.2,3.5,2.0,0.5246120376093033,-0.4705771469444245,0.5,-1.0,0.5123060188046517,-0.7352885734722122,-0.1114912773337803
shc_0559,5,30.0,3,30.0,2,0.8,4,3.5,3,4,"Blown-in insulation is present in the attic to a depth of approximately 10 inches, providing good thermal resistance. The home has a functioning central HVAC system of moderate age and efficiency, with no major defects observed but no recent high-efficiency upgrades.",0.5,0.2,3.0,2.0,0.5246120376093033,-0.4705771469444245,0.0,-1.0,0.26230601880465165,-0.7352885734722122,-0.23649127733378028
shc_0560,5,30.0,3,30.0,2,0.8,5,4.0,4,4,"Blown-in insulation is present in the attic to a depth of approximately 10 inches, providing good thermal resistance. The HVAC system was recently replaced with a standard high-efficiency model and is expected to operate efficiently.",0.0,0.0,2.5,2.0,-1.1482579802775057,-1.0582109468250747,-0.5,-1.0,-0.8241289901387528,-1.0291054734125373,-0.9266172317756451
shc_0561,5,30.0,3,30.0,3,0.9,1,1.0,2,4,"Blown-in insulation is present in the attic to a depth of approximately 10 inches, providing good thermal resistance. The HVAC system appears to be in working condition but is an older standard-efficiency model.",0.7,0.2,4.0,2.0,1.1937600447640266,-0.4705771469444245,1.0,-1.0,1.0968800223820132,-0.7352885734722122,0.18079572445490055
shc_0562,5,30.0,3,30.0,3,0.9,2,2.0,3,4,"Blown-in insulation is present in the attic to a depth of approximately 10 inches, providing good thermal resistance. The home has a functioning central HVAC system of moderate age and efficiency, with no major defects observed but no recent high-efficiency upgrades.",0.5,0.2,3.5,2.0,0.5246120376093033,-0.4705771469444245,0.5,-1.0,0.5123060188046517,-0.7352885734722122,-0.1114912773337803
shc_0563,5,30.0,3,30.0,3,0.9,3,3.0,3,4,"Blown-in insulation is present in the attic to a depth of approximately 10 inches, providing good thermal resistance. The home has a functioning central HVAC system of moderate age and efficiency, with no major defects observed but no recent high-efficiency upgrades.",0.5,0.2,3.0,2.0,0.5246120376093033,-0.4705771469444245,0.0,-1.0,0.26230601880465165,-0.7352885734722122,-0.23649127733378028
shc_0564,5,30.0,3,30.0,3,0.9,4,3.5,4,4,"Blown-in insulation is present in the attic to a depth of approximately 10 inches, providing good thermal resistance. The HVAC system was recently replaced with a standard high-efficiency model and is expected to operate efficiently.",0.0,0.0,2.5,2.0,-1.1482579802775057,-1.0582109468250747,-0.5,-1.0,-0.8241289901387528,-1.0291054734125373,-0.9266172317756451
shc_0565,5,30.0,3,30.0,3,0.9,5,4.0,4,4,"Blown-in insulation is present in the attic to a depth of approximately 10 inches, providing good thermal resistance. The HVAC system was recently replaced with a standard high-efficiency model and is expected to operate efficiently.",0.0,0.0,2.0,2.0,-1.1482579802775057,-1.0582109468250747,-1.0,-1.0,-1.0741289901387527,-1.0291054734125373,-1.0516172317756451
shc_0566,5,30.0,3,30.0,4,0.95,1,1.0,3,4,"Blown-in insulation is present in the attic to a depth of approximately 10 inches, providing good thermal resistance. The home has a functioning central HVAC system of moderate age and efficiency, with no major defects observed but no recent high-efficiency upgrades.",0.5,0.2,3.5,2.0,0.5246120376093033,-0.4705771469444245,0.5,-1.0,0.5123060188046517,-0.7352885734722122,-0.1114912773337803
shc_0567,5,30.0,3,30.0,4,0.95,2,2.0,3,4,"Blown-in insulation is present in the attic to a depth of approximately 10 inches, providing good thermal resistance. The home has a functioning central HVAC system of moderate age and efficiency, with no major defects observed but no recent high-efficiency upgrades.",0.5,0.2,3.0,2.0,0.5246120376093033,-0.4705771469444245,0.0,-1.0,0.26230601880465165,-0.7352885734722122,-0.23649127733378028
shc_0568,5,30.0,3,30.0,4,0.95,3,3.0,4,4,"Blown-in insulation is present in the attic to a depth of approximately 10 inches, providing good thermal resistance. The HVAC system was recently replaced with a standard high-efficiency model and is expected to operate efficiently.",0.0,0.0,2.5,2.0,-1.1482579802775057,-1.0582109468250747,-0.5,-1.0,-0.8241289901387528,-1.0291054734125373,-0.9266172317756451
shc_0569,5,30.0,3,30.0,4,0.95,4,3.5,4,4,"Blown-in insulation is present in the attic to a depth of approximately 10 inches, providing good thermal resistance. The HVAC system was recently replaced with a standard high-efficiency model and is expected to operate efficiently.",0.0,0.0,2.0,2.0,-1.1482579802775057,-1.0582109468250747,-1.0,-1.0,-1.0741289901387527,-1.0291054734125373,-1.0516172317756451
shc_0570,5,30.0,3,30.0,4,0.95,5,4.0,5,4,"Blown-in insulation is present in the attic to a depth of approximately 10 inches, providing good thermal resistance. A state-of-the-art HVAC system with smart thermostats and variable-speed compressors was recently installed, maximizing energy efficiency.",0.0,0.0,1.5,2.0,-1.1482579802775057,-1.0582109468250747,-1.5,-1.0,-1.3241289901387527,-1.0291054734125373,-1.1766172317756451
shc_0571,5,30.0,3,30.0,5,1.0,1,1.0,3,4,"Blown-in insulation is present in the attic to a depth of approximately 10 inches, providing good thermal resistance. The home has a functioning central HVAC system of moderate age and efficiency, with no major defects observed but no recent high-efficiency upgrades.",0.5,0.2,3.0,2.0,0.5246120376093033,-0.4705771469444245,0.0,-1.0,0.26230601880465165,-0.7352885734722122,-0.23649127733378028
shc_0572,5,30.0,3,30.0,5,1.0,2,2.0,4,4,"Blown-in insulation is present in the attic to a depth of approximately 10 inches, providing good thermal resistance. The HVAC system was recently replaced with a standard high-efficiency model and is expected to operate efficiently.",0.0,0.0,2.5,2.0,-1.1482579802775057,-1.0582109468250747,-0.5,-1.0,-0.8241289901387528,-1.0291054734125373,-0.9266172317756451
shc_0573,5,30.0,3,30.0,5,1.0,3,3.0,4,4,"Blown-in insulation is present in the attic to a depth of approximately 10 inches, providing good thermal resistance. The HVAC system was recently replaced with a standard high-efficiency model and is expected to operate efficiently.",0.0,0.0,2.0,2.0,-1.1482579802775057,-1.0582109468250747,-1.0,-1.0,-1.0741289901387527,-1.0291054734125373,-1.0516172317756451
shc_0574,5,30.0,3,30.0,5,1.0,4,3.5,5,4,"Blown-in insulation is present in the attic to a depth of approximately 10 inches, providing good thermal resistance. A state-of-the-art HVAC system with smart thermostats and variable-speed compressors was recently installed, maximizing energy efficiency.",0.0,0.0,1.5,2.0,-1.1482579802775057,-1.0582109468250747,-1.5,-1.0,-1.3241289901387527,-1.0291054734125373,-1.1766172317756451
shc_0575,5,30.0,3,30.0,5,1.0,5,4.0,5,4,"Blown-in insulation is present in the attic to a depth of approximately 10 inches, providing good thermal resistance. A state-of-the-art HVAC system with smart thermostats and variable-speed compressors was recently installed, maximizing energy efficiency.",0.0,0.0,1.0,2.0,-1.1482579802775057,-1.0582109468250747,-2.0,-1.0,-1.5741289901387527,-1.0291054734125373,-1.3016172317756451
shc_0576,5,30.0,4,40.0,1,0.7,1,1.0,1,5,"High-performance spray foam insulation was installed throughout the walls, attic, and basement, providing maximum energy efficiency. The home has an aging central HVAC system showing substantial exterior corrosion and poor operating efficiency.",1.0,0.0,5.0,1.5,2.1974820554961125,-1.0582109468250747,2.0,-1.5,2.0987410277480563,-1.2791054734125373,0.40981777716775947
shc_0577,5,30.0,4,40.0,1,0.7,2,2.0,2,5,"High-performance spray foam insulation was installed throughout the walls, attic, and basement, providing maximum energy efficiency. The HVAC system appears to be in working condition but is an older standard-efficiency model.",0.7,0.0,4.5,1.5,1.1937600447640266,-1.0582109468250747,1.5,-1.5,1.3468800223820132,-1.2791054734125373,0.033887274484737995
shc_0578,5,30.0,4,40.0,1,0.7,3,3.0,2,5,"High-performance spray foam insulation was installed throughout the walls, attic, and basement, providing maximum energy efficiency. The HVAC system appears to be in working condition but is an older standard-efficiency model.",0.7,0.0,4.0,1.5,1.1937600447640266,-1.0582109468250747,1.0,-1.5,1.0968800223820132,-1.2791054734125373,-0.091112725515262
shc_0579,5,30.0,4,40.0,1,0.7,4,3.5,3,5,"High-performance spray foam insulation was installed throughout the walls, attic, and basement, providing maximum energy efficiency. The home has a functioning central HVAC system of moderate age and efficiency, with no major defects observed but no recent high-efficiency upgrades.",0.5,0.0,3.5,1.5,0.5246120376093033,-1.0582109468250747,0.5,-1.5,0.5123060188046517,-1.2791054734125373,-0.38339972730394284
shc_0580,5,30.0,4,40.0,1,0.7,5,4.0,3,5,"High-performance spray foam insulation was installed throughout the walls, attic, and basement, providing maximum energy efficiency. The home has a functioning central HVAC system of moderate age and efficiency, with no major defects observed but no recent high-efficiency upgrades.",0.5,0.0,3.0,1.5,0.5246120376093033,-1.0582109468250747,0.0,-1.5,0.26230601880465165,-1.2791054734125373,-0.5083997273039429
shc_0581,5,30.0,4,40.0,2,0.8,1,1.0,2,5,"High-performance spray foam insulation was installed throughout the walls, attic, and basement, providing maximum energy efficiency. The HVAC system appears to be in working condition but is an older standard-efficiency model.",0.7,0.0,4.5,1.5,1.1937600447640266,-1.0582109468250747,1.5,-1.5,1.3468800223820132,-1.2791054734125373,0.033887274484737995
shc_0582,5,30.0,4,40.0,2,0.8,2,2.0,2,5,"High-performance spray foam insulation was installed throughout the walls, attic, and basement, providing maximum energy efficiency. The HVAC system appears to be in working condition but is an older standard-efficiency model.",0.7,0.0,4.0,1.5,1.1937600447640266,-1.0582109468250747,1.0,-1.5,1.0968800223820132,-1.2791054734125373,-0.091112725515262
shc_0583,5,30.0,4,40.0,2,0.8,3,3.0,3,5,"High-performance spray foam insulation was installed throughout the walls, attic, and basement, providing maximum energy efficiency. The home has a functioning central HVAC system of moderate age and efficiency, with no major defects observed but no recent high-efficiency upgrades.",0.5,0.0,3.5,1.5,0.5246120376093033,-1.0582109468250747,0.5,-1.5,0.5123060188046517,-1.2791054734125373,-0.38339972730394284
shc_0584,5,30.0,4,40.0,2,0.8,4,3.5,3,5,"High-performance spray foam insulation was installed throughout the walls, attic, and basement, providing maximum energy efficiency. The home has a functioning central HVAC system of moderate age and efficiency, with no major defects observed but no recent high-efficiency upgrades.",0.5,0.0,3.0,1.5,0.5246120376093033,-1.0582109468250747,0.0,-1.5,0.26230601880465165,-1.2791054734125373,-0.5083997273039429
shc_0585,5,30.0,4,40.0,2,0.8,5,4.0,4,5,"High-performance spray foam insulation was installed throughout the walls, attic, and basement, providing maximum energy efficiency. The HVAC system was recently replaced with a standard high-efficiency model and is expected to operate efficiently.",0.0,0.0,2.5,1.5,-1.1482579802775057,-1.0582109468250747,-0.5,-1.5,-0.8241289901387528,-1.2791054734125373,-1.0516172317756451
shc_0586,5,30.0,4,40.0,3,0.9,1,1.0,2,5,"High-performance spray foam insulation was installed throughout the walls, attic, and basement, providing maximum energy efficiency. The HVAC system appears to be in working condition but is an older standard-efficiency model.",0.7,0.0,4.0,1.5,1.1937600447640266,-1.0582109468250747,1.0,-1.5,1.0968800223820132,-1.2791054734125373,-0.091112725515262
shc_0587,5,30.0,4,40.0,3,0.9,2,2.0,3,5,"High-performance spray foam insulation was installed throughout the walls, attic, and basement, providing maximum energy efficiency. The home has a functioning central HVAC system of moderate age and efficiency, with no major defects observed but no recent high-efficiency upgrades.",0.5,0.0,3.5,1.5,0.5246120376093033,-1.0582109468250747,0.5,-1.5,0.5123060188046517,-1.2791054734125373,-0.38339972730394284
shc_0588,5,30.0,4,40.0,3,0.9,3,3.0,3,5,"High-performance spray foam insulation was installed throughout the walls, attic, and basement, providing maximum energy efficiency. The home has a functioning central HVAC system of moderate age and efficiency, with no major defects observed but no recent high-efficiency upgrades.",0.5,0.0,3.0,1.5,0.5246120376093033,-1.0582109468250747,0.0,-1.5,0.26230601880465165,-1.2791054734125373,-0.5083997273039429
shc_0589,5,30.0,4,40.0,3,0.9,4,3.5,4,5,"High-performance spray foam insulation was installed throughout the walls, attic, and basement, providing maximum energy efficiency. The HVAC system was recently replaced with a standard high-efficiency model and is expected to operate efficiently.",0.0,0.0,2.5,1.5,-1.1482579802775057,-1.0582109468250747,-0.5,-1.5,-0.8241289901387528,-1.2791054734125373,-1.0516172317756451
shc_0590,5,30.0,4,40.0,3,0.9,5,4.0,4,5,"High-performance spray foam insulation was installed throughout the walls, attic, and basement, providing maximum energy efficiency. The HVAC system was recently replaced with a standard high-efficiency model and is expected to operate efficiently.",0.0,0.0,2.0,1.5,-1.1482579802775057,-1.0582109468250747,-1.0,-1.5,-1.0741289901387527,-1.2791054734125373,-1.1766172317756451
shc_0591,5,30.0,4,40.0,4,0.95,1,1.0,3,5,"High-performance spray foam insulation was installed throughout the walls, attic, and basement, providing maximum energy efficiency. The home has a functioning central HVAC system of moderate age and efficiency, with no major defects observed but no recent high-efficiency upgrades.",0.5,0.0,3.5,1.5,0.5246120376093033,-1.0582109468250747,0.5,-1.5,0.5123060188046517,-1.2791054734125373,-0.38339972730394284
shc_0592,5,30.0,4,40.0,4,0.95,2,2.0,3,5,"High-performance spray foam insulation was installed throughout the walls, attic, and basement, providing maximum energy efficiency. The home has a functioning central HVAC system of moderate age and efficiency, with no major defects observed but no recent high-efficiency upgrades.",0.5,0.0,3.0,1.5,0.5246120376093033,-1.0582109468250747,0.0,-1.5,0.26230601880465165,-1.2791054734125373,-0.5083997273039429
shc_0593,5,30.0,4,40.0,4,0.95,3,3.0,4,5,"High-performance spray foam insulation was installed throughout the walls, attic, and basement, providing maximum energy efficiency. The HVAC system was recently replaced with a standard high-efficiency model and is expected to operate efficiently.",0.0,0.0,2.5,1.5,-1.1482579802775057,-1.0582109468250747,-0.5,-1.5,-0.8241289901387528,-1.2791054734125373,-1.0516172317756451
shc_0594,5,30.0,4,40.0,4,0.95,4,3.5,4,5,"High-performance spray foam insulation was installed throughout the walls, attic, and basement, providing maximum energy efficiency. The HVAC system was recently replaced with a standard high-efficiency model and is expected to operate efficiently.",0.0,0.0,2.0,1.5,-1.1482579802775057,-1.0582109468250747,-1.0,-1.5,-1.0741289901387527,-1.2791054734125373,-1.1766172317756451
shc_0595,5,30.0,4,40.0,4,0.95,5,4.0,5,5,"High-performance spray foam insulation was installed throughout the walls, attic, and basement, providing maximum energy efficiency. A state-of-the-art HVAC system with smart thermostats and variable-speed compressors was recently installed, maximizing energy efficiency.",0.0,0.0,1.5,1.5,-1.1482579802775057,-1.0582109468250747,-1.5,-1.5,-1.3241289901387527,-1.2791054734125373,-1.3016172317756451
shc_0596,5,30.0,4,40.0,5,1.0,1,1.0,3,5,"High-performance spray foam insulation was installed throughout the walls, attic, and basement, providing maximum energy efficiency. The home has a functioning central HVAC system of moderate age and efficiency, with no major defects observed but no recent high-efficiency upgrades.",0.5,0.0,3.0,1.5,0.5246120376093033,-1.0582109468250747,0.0,-1.5,0.26230601880465165,-1.2791054734125373,-0.5083997273039429
shc_0597,5,30.0,4,40.0,5,1.0,2,2.0,4,5,"High-performance spray foam insulation was installed throughout the walls, attic, and basement, providing maximum energy efficiency. The HVAC system was recently replaced with a standard high-efficiency model and is expected to operate efficiently.",0.0,0.0,2.5,1.5,-1.1482579802775057,-1.0582109468250747,-0.5,-1.5,-0.8241289901387528,-1.2791054734125373,-1.0516172317756451
shc_0598,5,30.0,4,40.0,5,1.0,3,3.0,4,5,"High-performance spray foam insulation was installed throughout the walls, attic, and basement, providing maximum energy efficiency. The HVAC system was recently replaced with a standard high-efficiency model and is expected to operate efficiently.",0.0,0.0,2.0,1.5,-1.1482579802775057,-1.0582109468250747,-1.0,-1.5,-1.0741289901387527,-1.2791054734125373,-1.1766172317756451
shc_0599,5,30.0,4,40.0,5,1.0,4,3.5,5,5,"High-performance spray foam insulation was installed throughout the walls, attic, and basement, providing maximum energy efficiency. A state-of-the-art HVAC system with smart thermostats and variable-speed compressors was recently installed, maximizing energy efficiency.",0.0,0.0,1.5,1.5,-1.1482579802775057,-1.0582109468250747,-1.5,-1.5,-1.3241289901387527,-1.2791054734125373,-1.3016172317756451
shc_0600,5,30.0,4,40.0,5,1.0,5,4.0,5,5,"High-performance spray foam insulation was installed throughout the walls, attic, and basement, providing maximum energy efficiency. A state-of-the-art HVAC system with smart thermostats and variable-speed compressors was recently installed, maximizing energy efficiency.",0.0,0.0,1.0,1.5,-1.1482579802775057,-1.0582109468250747,-2.0,-1.5,-1.5741289901387527,-1.2791054734125373,-1.4266172317756451
shc_0601,5,30.0,5,50.0,1,0.7,1,1.0,1,5,"High-performance spray foam insulation was installed throughout the walls, attic, and basement, providing maximum energy efficiency. The home has an aging central HVAC system showing substantial exterior corrosion and poor operating efficiency.",1.0,0.0,5.0,1.0,2.1974820554961125,-1.0582109468250747,2.0,-2.0,2.0987410277480563,-1.5291054734125373,0.28481777716775947
shc_0602,5,30.0,5,50.0,1,0.7,2,2.0,2,5,"High-performance spray foam insulation was installed throughout the walls, attic, and basement, providing maximum energy efficiency. The HVAC system appears to be in working condition but is an older standard-efficiency model.",0.7,0.0,4.5,1.0,1.1937600447640266,-1.0582109468250747,1.5,-2.0,1.3468800223820132,-1.5291054734125373,-0.091112725515262
shc_0603,5,30.0,5,50.0,1,0.7,3,3.0,2,5,"High-performance spray foam insulation was installed throughout the walls, attic, and basement, providing maximum energy efficiency. The HVAC system appears to be in working condition but is an older standard-efficiency model.",0.7,0.0,4.0,1.0,1.1937600447640266,-1.0582109468250747,1.0,-2.0,1.0968800223820132,-1.5291054734125373,-0.216112725515262
shc_0604,5,30.0,5,50.0,1,0.7,4,3.5,3,5,"High-performance spray foam insulation was installed throughout the walls, attic, and basement, providing maximum energy efficiency. The home has a functioning central HVAC system of moderate age and efficiency, with no major defects observed but no recent high-efficiency upgrades.",0.5,0.0,3.5,1.0,0.5246120376093033,-1.0582109468250747,0.5,-2.0,0.5123060188046517,-1.5291054734125373,-0.5083997273039429
shc_0605,5,30.0,5,50.0,1,0.7,5,4.0,3,5,"High-performance spray foam insulation was installed throughout the walls, attic, and basement, providing maximum energy efficiency. The home has a functioning central HVAC system of moderate age and efficiency, with no major defects observed but no recent high-efficiency upgrades.",0.5,0.0,3.0,1.0,0.5246120376093033,-1.0582109468250747,0.0,-2.0,0.26230601880465165,-1.5291054734125373,-0.6333997273039429
shc_0606,5,30.0,5,50.0,2,0.8,1,1.0,2,5,"High-performance spray foam insulation was installed throughout the walls, attic, and basement, providing maximum energy efficiency. The HVAC system appears to be in working condition but is an older standard-efficiency model.",0.7,0.0,4.5,1.0,1.1937600447640266,-1.0582109468250747,1.5,-2.0,1.3468800223820132,-1.5291054734125373,-0.091112725515262
shc_0607,5,30.0,5,50.0,2,0.8,2,2.0,2,5,"High-performance spray foam insulation was installed throughout the walls, attic, and basement, providing maximum energy efficiency. The HVAC system appears to be in working condition but is an older standard-efficiency model.",0.7,0.0,4.0,1.0,1.1937600447640266,-1.0582109468250747,1.0,-2.0,1.0968800223820132,-1.5291054734125373,-0.216112725515262
shc_0608,5,30.0,5,50.0,2,0.8,3,3.0,3,5,"High-performance spray foam insulation was installed throughout the walls, attic, and basement, providing maximum energy efficiency. The home has a functioning central HVAC system of moderate age and efficiency, with no major defects observed but no recent high-efficiency upgrades.",0.5,0.0,3.5,1.0,0.5246120376093033,-1.0582109468250747,0.5,-2.0,0.5123060188046517,-1.5291054734125373,-0.5083997273039429
shc_0609,5,30.0,5,50.0,2,0.8,4,3.5,3,5,"High-performance spray foam insulation was installed throughout the walls, attic, and basement, providing maximum energy efficiency. The home has a functioning central HVAC system of moderate age and efficiency, with no major defects observed but no recent high-efficiency upgrades.",0.5,0.0,3.0,1.0,0.5246120376093033,-1.0582109468250747,0.0,-2.0,0.26230601880465165,-1.5291054734125373,-0.6333997273039429
shc_0610,5,30.0,5,50.0,2,0.8,5,4.0,4,5,"High-performance spray foam insulation was installed throughout the walls, attic, and basement, providing maximum energy efficiency. The HVAC system was recently replaced with a standard high-efficiency model and is expected to operate efficiently.",0.0,0.0,2.5,1.0,-1.1482579802775057,-1.0582109468250747,-0.5,-2.0,-0.8241289901387528,-1.5291054734125373,-1.1766172317756451
shc_0611,5,30.0,5,50.0,3,0.9,1,1.0,2,5,"High-performance spray foam insulation was installed throughout the walls, attic, and basement, providing maximum energy efficiency. The HVAC system appears to be in working condition but is an older standard-efficiency model.",0.7,0.0,4.0,1.0,1.1937600447640266,-1.0582109468250747,1.0,-2.0,1.0968800223820132,-1.5291054734125373,-0.216112725515262
shc_0612,5,30.0,5,50.0,3,0.9,2,2.0,3,5,"High-performance spray foam insulation was installed throughout the walls, attic, and basement, providing maximum energy efficiency. The home has a functioning central HVAC system of moderate age and efficiency, with no major defects observed but no recent high-efficiency upgrades.",0.5,0.0,3.5,1.0,0.5246120376093033,-1.0582109468250747,0.5,-2.0,0.5123060188046517,-1.5291054734125373,-0.5083997273039429
shc_0613,5,30.0,5,50.0,3,0.9,3,3.0,3,5,"High-performance spray foam insulation was installed throughout the walls, attic, and basement, providing maximum energy efficiency. The home has a functioning central HVAC system of moderate age and efficiency, with no major defects observed but no recent high-efficiency upgrades.",0.5,0.0,3.0,1.0,0.5246120376093033,-1.0582109468250747,0.0,-2.0,0.26230601880465165,-1.5291054734125373,-0.6333997273039429
shc_0614,5,30.0,5,50.0,3,0.9,4,3.5,4,5,"High-performance spray foam insulation was installed throughout the walls, attic, and basement, providing maximum energy efficiency. The HVAC system was recently replaced with a standard high-efficiency model and is expected to operate efficiently.",0.0,0.0,2.5,1.0,-1.1482579802775057,-1.0582109468250747,-0.5,-2.0,-0.8241289901387528,-1.5291054734125373,-1.1766172317756451
shc_0615,5,30.0,5,50.0,3,0.9,5,4.0,4,5,"High-performance spray foam insulation was installed throughout the walls, attic, and basement, providing maximum energy efficiency. The HVAC system was recently replaced with a standard high-efficiency model and is expected to operate efficiently.",0.0,0.0,2.0,1.0,-1.1482579802775057,-1.0582109468250747,-1.0,-2.0,-1.0741289901387527,-1.5291054734125373,-1.3016172317756451
shc_0616,5,30.0,5,50.0,4,0.95,1,1.0,3,5,"High-performance spray foam insulation was installed throughout the walls, attic, and basement, providing maximum energy efficiency. The home has a functioning central HVAC system of moderate age and efficiency, with no major defects observed but no recent high-efficiency upgrades.",0.5,0.0,3.5,1.0,0.5246120376093033,-1.0582109468250747,0.5,-2.0,0.5123060188046517,-1.5291054734125373,-0.5083997273039429
shc_0617,5,30.0,5,50.0,4,0.95,2,2.0,3,5,"High-performance spray foam insulation was installed throughout the walls, attic, and basement, providing maximum energy efficiency. The home has a functioning central HVAC system of moderate age and efficiency, with no major defects observed but no recent high-efficiency upgrades.",0.5,0.0,3.0,1.0,0.5246120376093033,-1.0582109468250747,0.0,-2.0,0.26230601880465165,-1.5291054734125373,-0.6333997273039429
shc_0618,5,30.0,5,50.0,4,0.95,3,3.0,4,5,"High-performance spray foam insulation was installed throughout the walls, attic, and basement, providing maximum energy efficiency. The HVAC system was recently replaced with a standard high-efficiency model and is expected to operate efficiently.",0.0,0.0,2.5,1.0,-1.1482579802775057,-1.0582109468250747,-0.5,-2.0,-0.8241289901387528,-1.5291054734125373,-1.1766172317756451
shc_0619,5,30.0,5,50.0,4,0.95,4,3.5,4,5,"High-performance spray foam insulation was installed throughout the walls, attic, and basement, providing maximum energy efficiency. The HVAC system was recently replaced with a standard high-efficiency model and is expected to operate efficiently.",0.0,0.0,2.0,1.0,-1.1482579802775057,-1.0582109468250747,-1.0,-2.0,-1.0741289901387527,-1.5291054734125373,-1.3016172317756451
shc_0620,5,30.0,5,50.0,4,0.95,5,4.0,5,5,"High-performance spray foam insulation was installed throughout the walls, attic, and basement, providing maximum energy efficiency. A state-of-the-art HVAC system with smart thermostats and variable-speed compressors was recently installed, maximizing energy efficiency.",0.0,0.0,1.5,1.0,-1.1482579802775057,-1.0582109468250747,-1.5,-2.0,-1.3241289901387527,-1.5291054734125373,-1.4266172317756451
shc_0621,5,30.0,5,50.0,5,1.0,1,1.0,3,5,"High-performance spray foam insulation was installed throughout the walls, attic, and basement, providing maximum energy efficiency. The home has a functioning central HVAC system of moderate age and efficiency, with no major defects observed but no recent high-efficiency upgrades.",0.5,0.0,3.0,1.0,0.5246120376093033,-1.0582109468250747,0.0,-2.0,0.26230601880465165,-1.5291054734125373,-0.6333997273039429
shc_0622,5,30.0,5,50.0,5,1.0,2,2.0,4,5,"High-performance spray foam insulation was installed throughout the walls, attic, and basement, providing maximum energy efficiency. The HVAC system was recently replaced with a standard high-efficiency model and is expected to operate efficiently.",0.0,0.0,2.5,1.0,-1.1482579802775057,-1.0582109468250747,-0.5,-2.0,-0.8241289901387528,-1.5291054734125373,-1.1766172317756451
shc_0623,5,30.0,5,50.0,5,1.0,3,3.0,4,5,"High-performance spray foam insulation was installed throughout the walls, attic, and basement, providing maximum energy efficiency. The HVAC system was recently replaced with a standard high-efficiency model and is expected to operate efficiently.",0.0,0.0,2.0,1.0,-1.1482579802775057,-1.0582109468250747,-1.0,-2.0,-1.0741289901387527,-1.5291054734125373,-1.3016172317756451
shc_0624,5,30.0,5,50.0,5,1.0,4,3.5,5,5,"High-performance spray foam insulation was installed throughout the walls, attic, and basement, providing maximum energy efficiency. A state-of-the-art HVAC system with smart thermostats and variable-speed compressors was recently installed, maximizing energy efficiency.",0.0,0.0,1.5,1.0,-1.1482579802775057,-1.0582109468250747,-1.5,-2.0,-1.3241289901387527,-1.5291054734125373,-1.4266172317756451
shc_0625,5,30.0,5,50.0,5,1.0,5,4.0,5,5,"High-performance spray foam insulation was installed throughout the walls, attic, and basement, providing maximum energy efficiency. A state-of-the-art HVAC system with smart thermostats and variable-speed compressors was recently installed, maximizing energy efficiency.",0.0,0.0,1.0,1.0,-1.1482579802775057,-1.0582109468250747,-2.0,-2.0,-1.5741289901387527,-1.5291054734125373,-1.5516172317756451
