record_id,wall_r_value_level,wall_r_value,roof_r_value_level,roof_r_value,hvac_heating_cop_level,hvac_heating_cop,hvac_cooling_cop_level,hvac_cooling_cop,hvac_note_level,insulation_note_level,inspection_note
shc_0001,1,4.0,1,10.0,1,0.7,1,1.0,1,1,"Attic insulation is minimal, with exposed joists visible throughout, causing significant heat loss. The home has an aging central HVAC system showing substantial exterior corrosion and poor operating efficiency."
shc_0002,1,4.0,1,10.0,1,0.7,2,2.0,2,1,"Attic insulation is minimal, with exposed joists visible throughout, causing significant heat loss. The HVAC system appears to be in working condition but is an older standard-efficiency model."
shc_0003,1,4.0,1,10.0,1,0.7,3,3.0,2,1,"Attic insulation is minimal, with exposed joists visible throughout, causing significant heat loss. The HVAC system appears to be in working condition but is an older standard-efficiency model."
shc_0004,1,4.0,1,10.0,1,0.7,4,3.5,3,1,"Attic insulation is minimal, with exposed joists visible throughout, causing significant heat loss. The home has a functioning central HVAC system of moderate age and efficiency, with no major defects observed but no recent high-efficiency upgrades."
shc_0005,1,4.0,1,10.0,1,0.7,5,4.0,3,1,"Attic insulation is minimal, with exposed joists visible throughout, causing significant heat loss. The home has a functioning central HVAC system of moderate age and efficiency, with no major defects observed but no recent high-efficiency upgrades."
shc_0006,1,4.0,1,10.0,2,0.8,1,1.0,2,1,"Attic insulation is minimal, with exposed joists visible throughout, causing significant heat loss. The HVAC system appears to be in working condition but is an older standard-efficiency model."
shc_0007,1,4.0,1,10.0,2,0.8,2,2.0,2,1,"Attic insulation is minimal, with exposed joists visible throughout, causing significant heat loss. The HVAC system appears to be in working condition but is an older standard-efficiency model."
shc_0008,1,4.0,1,10.0,2,0.8,3,3.0,3,1,"Attic insulation is minimal, with exposed joists visible throughout, causing significant heat loss. The home has a functioning central HVAC system of moderate age and efficiency, with no major defects observed but no recent high-efficiency upgrades."
shc_0009,1,4.0,1,10.0,2,0.8,4,3.5,3,1,"Attic insulation is minimal, with exposed joists visible throughout, causing significant heat loss. The home has a functioning central HVAC system of moderate age and efficiency, with no major defects observed but no recent high-efficiency upgrades."
shc_0010,1,4.0,1,10.0,2,0.8,5,4.0,4,1,"Attic insulation is minimal, with exposed joists visible throughout, causing significant heat loss. The HVAC system was recently replaced with a standard high-efficiency model and is expected to operate efficiently."
shc_0011,1,4.0,1,10.0,3,0.9,1,1.0,2,1,"Attic insulation is minimal, with exposed joists visible throughout, causing significant heat loss. The HVAC system appears to be in working condition but is an older standard-efficiency model."
shc_0012,1,4.0,1,10.0,3,0.9,2,2.0,3,1,"Attic insulation is minimal, with exposed joists visible throughout, causing significant heat loss. The home has a functioning central HVAC system of moderate age and efficiency, with no major defects observed but no recent high-efficiency upgrades."
shc_0013,1,4.0,1,10.0,3,0.9,3,3.0,3,1,"Attic insulation is minimal, with exposed joists visible throughout, causing significant heat loss. The home has a functioning central HVAC system of moderate age and efficiency, with no major defects observed but no recent high-efficiency upgrades."
shc_0014,1,4.0,1,10.0,3,0.9,4,3.5,4,1,"Attic insulation is minimal, with exposed joists visible throughout, causing significant heat loss. The HVAC system was recently replaced with a standard high-efficiency model and is expected to operate efficiently."
shc_0015,1,4.0,1,10.0,3,0.9,5,4.0,4,1,"Attic insulation is minimal, with exposed joists visible throughout, causing significant heat loss. The HVAC system was recently replaced with a standard high-efficiency model and is expected to operate efficiently."
shc_0016,1,4.0,1,10.0,4,0.95,1,1.0,3,1,"Attic insulation is minimal, with exposed joists visible throughout, causing significant heat loss. The home has a functioning central HVAC system of moderate age and efficiency, with no major defects observed but no recent high-efficiency upgrades."
shc_0017,1,4.0,1,10.0,4,0.95,2,2.0,3,1,"Attic insulation is minimal, with exposed joists visible throughout, causing significant heat loss. The home has a functioning central HVAC system of moderate age and efficiency, with no major defects observed but no recent high-efficiency upgrades."
shc_0018,1,4.0,1,10.0,4,0.95,3,3.0,4,1,"Attic insulation is minimal, with exposed joists visible throughout, causing significant heat loss. The HVAC system was recently replaced with a standard high-efficiency model and is expected to operate efficiently."
shc_0019,1,4.0,1,10.0,4,0.95,4,3.5,4,1,"Attic insulation is minimal, with exposed joists visible throughout, causing significant heat loss. The HVAC system was recently replaced with a standard high-efficiency model and is expected to operate efficiently."
shc_0020,1,4.0,1,10.0,4,0.95,5,4.0,5,1,"Attic insulation is minimal, with exposed joists visible throughout, causing significant heat loss. A state-of-the-art HVAC system with smart thermostats and variable-speed compressors was recently installed, maximizing energy efficiency."
shc_0021,1,4.0,1,10.0,5,1.0,1,1.0,3,1,"Attic insulation is minimal, with exposed joists visible throughout, causing significant heat loss. The home has a functioning central HVAC system of moderate age and efficiency, with no major defects observed but no recent high-efficiency upgrades."
shc_0022,1,4.0,1,10.0,5,1.0,2,2.0,4,1,"Attic insulation is minimal, with exposed joists visible throughout, causing significant heat loss. The HVAC system was recently replaced with a standard high-efficiency model and is expected to operate efficiently."
shc_0023,1,4.0,1,10.0,5,1.0,3,3.0,4,1,"Attic insulation is minimal, with exposed joists visible throughout, causing significant heat loss. The HVAC system was recently replaced with a standard high-efficiency model and is expected to operate efficiently."
shc_0024,1,4.0,1,10.0,5,1.0,4,3.5,5,1,"Attic insulation is minimal, with exposed joists visible throughout, causing significant heat loss. A state-of-the-art HVAC system with smart thermostats and variable-speed compressors was recently installed, maximizing energy efficiency."
shc_0025,1,4.0,1,10.0,5,1.0,5,4.0,5,1,"Attic insulation is minimal, with exposed joists visible throughout, causing significant heat loss. A state-of-the-art HVAC system with smart thermostats and variable-speed compressors was recently installed, maximizing energy efficiency."
shc_0026,1,4.0,2,20.0,1,0.7,1,1.0,1,2,"No signs of added insulation were observed in the basement ceiling, suggesting potential energy inefficiency. The home has an aging central HVAC system showing substantial exterior corrosion and poor operating efficiency."
shc_0027,1,4.0,2,20.0,1,0.7,2,2.0,2,2,"No signs of added insulation were observed in the basement ceiling, suggesting potential energy inefficiency. The HVAC system appears to be in working condition but is an older standard-efficiency model."
shc_0028,1,4.0,2,20.0,1,0.7,3,3.0,2,2,"No signs of added insulation were observed in the basement ceiling, suggesting potential energy inefficiency. The HVAC system appears to be in working condition but is an older standard-efficiency model."
shc_0029,1,4.0,2,20.0,1,0.7,4,3.5,3,2,"No signs of added insulation were observed in the basement ceiling, suggesting potential energy inefficiency. The home has a functioning central HVAC system of moderate age and efficiency, with no major defects observed but no recent high-efficiency upgrades."
shc_0030,1,4.0,2,20.0,1,0.7,5,4.0,3,2,"No signs of added insulation were observed in the basement ceiling, suggesting potential energy inefficiency. The home has a functioning central HVAC system of moderate age and efficiency, with no major defects observed but no recent high-efficiency upgrades."
shc_0031,1,4.0,2,20.0,2,0.8,1,1.0,2,2,"No signs of added insulation were observed in the basement ceiling, suggesting potential energy inefficiency. The HVAC system appears to be in working condition but is an older standard-efficiency model."
shc_0032,1,4.0,2,20.0,2,0.8,2,2.0,2,2,"No signs of added insulation were observed in the basement ceiling, suggesting potential energy inefficiency. The HVAC system appears to be in working condition but is an older standard-efficiency model."
shc_0033,1,4.0,2,20.0,2,0.8,3,3.0,3,2,"No signs of added insulation were observed in the basement ceiling, suggesting potential energy inefficiency. The home has a functioning central HVAC system of moderate age and efficiency, with no major defects observed but no recent high-efficiency upgrades."
shc_0034,1,4.0,2,20.0,2,0.8,4,3.5,3,2,"No signs of added insulation were observed in the basement ceiling, suggesting potential energy inefficiency. The home has a functioning central HVAC system of moderate age and efficiency, with no major defects observed but no recent high-efficiency upgrades."
shc_0035,1,4.0,2,20.0,2,0.8,5,4.0,4,2,"No signs of added insulation were observed in the basement ceiling, suggesting potential energy inefficiency. The HVAC system was recently replaced with a standard high-efficiency model and is expected to operate efficiently."
shc_0036,1,4.0,2,20.0,3,0.9,1,1.0,2,2,"No signs of added insulation were observed in the basement ceiling, suggesting potential energy inefficiency. The HVAC system appears to be in working condition but is an older standard-efficiency model."
shc_0037,1,4.0,2,20.0,3,0.9,2,2.0,3,2,"No signs of added insulation were observed in the basement ceiling, suggesting potential energy inefficiency. The home has a functioning central HVAC system of moderate age and efficiency, with no major defects observed but no recent high-efficiency upgrades."
shc_0038,1,4.0,2,20.0,3,0.9,3,3.0,3,2,"No signs of added insulation were observed in the basement ceiling, suggesting potential energy inefficiency. The home has a functioning central HVAC system of moderate age and efficiency, with no major defects observed but no recent high-efficiency upgrades."
shc_0039,1,4.0,2,20.0,3,0.9,4,3.5,4,2,"No signs of added insulation were observed in the basement ceiling, suggesting potential energy inefficiency. The HVAC system was recently replaced with a standard high-efficiency model and is expected to operate efficiently."
shc_0040,1,4.0,2,20.0,3,0.9,5,4.0,4,2,"No signs of added insulation were observed in the basement ceiling, suggesting potential energy inefficiency. The HVAC system was recently replaced with a standard high-efficiency model and is expected to operate efficiently."
shc_0041,1,4.0,2,20.0,4,0.95,1,1.0,3,2,"No signs of added insulation were observed in the basement ceiling, suggesting potential energy inefficiency. The home has a functioning central HVAC system of moderate age and efficiency, with no major defects observed but no recent high-efficiency upgrades."
shc_0042,1,4.0,2,20.0,4,0.95,2,2.0,3,2,"No signs of added insulation were observed in the basement ceiling, suggesting potential energy inefficiency. The home has a functioning central HVAC system of moderate age and efficiency, with no major defects observed but no recent high-efficiency upgrades."
shc_0043,1,4.0,2,20.0,4,0.95,3,3.0,4,2,"No signs of added insulation were observed in the basement ceiling, suggesting potential energy inefficiency. The HVAC system was recently replaced with a standard high-efficiency model and is expected to operate efficiently."
shc_0044,1,4.0,2,20.0,4,0.95,4,3.5,4,2,"No signs of added insulation were observed in the basement ceiling, suggesting potential energy inefficiency. The HVAC system was recently replaced with a standard high-efficiency model and is expected to operate efficiently."
shc_0045,1,4.0,2,20.0,4,0.95,5,4.0,5,2,"No signs of added insulation were observed in the basement ceiling, suggesting potential energy inefficiency. A state-of-the-art HVAC system with smart thermostats and variable-speed compressors was recently installed, maximizing energy efficiency."
shc_0046,1,4.0,2,20.0,5,1.0,1,1.0,3,2,"No signs of added insulation were observed in the basement ceiling, suggesting potential energy inefficiency. The home has a functioning central HVAC system of moderate age and efficiency, with no major defects observed but no recent high-efficiency upgrades."
shc_0047,1,4.0,2,20.0,5,1.0,2,2.0,4,2,"No signs of added insulation were observed in the basement ceiling, suggesting potential energy inefficiency. The HVAC system was recently replaced with a standard high-efficiency model and is expected to operate efficiently."
shc_0048,1,4.0,2,20.0,5,1.0,3,3.0,4,2,"No signs of added insulation were observed in the basement ceiling, suggesting potential energy inefficiency. The HVAC system was recently replaced with a standard high-efficiency model and is expected to operate efficiently."
shc_0049,1,4.0,2,20.0,5,1.0,4,3.5,5,2,"No signs of added insulation were observed in the basement ceiling, suggesting potential energy inefficiency. A state-of-the-art HVAC system with smart thermostats and variable-speed compressors was recently installed, maximizing energy efficiency."
shc_0050,1,4.0,2,20.0,5,1.0,5,4.0,5,2,"No signs of added insulation were observed in the basement ceiling, suggesting potential energy inefficiency. A state-of-the-art HVAC system with smart thermostats and variable-speed compressors was recently installed, maximizing energy efficiency."
shc_0051,1,4.0,3,30.0,1,0.7,1,1.0,1,2,"No signs of added insulation were observed in the basement ceiling, suggesting potential energy inefficiency. The home has an aging central HVAC system showing substantial exterior corrosion and poor operating efficiency."
shc_0052,1,4.0,3,30.0,1,0.7,2,2.0,2,2,"No signs of added insulation were observed in the basement ceiling, suggesting potential energy inefficiency. The HVAC system appears to be in working condition but is an older standard-efficiency model."
shc_0053,1,4.0,3,30.0,1,0.7,3,3.0,2,2,"No signs of added insulation were observed in the basement ceiling, suggesting potential energy inefficiency. The HVAC system appears to be in working condition but is an older standard-efficiency model."
shc_0054,1,4.0,3,30.0,1,0.7,4,3.5,3,2,"No signs of added insulation were observed in the basement ceiling, suggesting potential energy inefficiency. The home has a functioning central HVAC system of moderate age and efficiency, with no major defects observed but no recent high-efficiency upgrades."
shc_0055,1,4.0,3,30.0,1,0.7,5,4.0,3,2,"No signs of added insulation were observed in the basement ceiling, suggesting potential energy inefficiency. The home has a functioning central HVAC system of moderate age and efficiency, with no major defects observed but no recent high-efficiency upgrades."
shc_0056,1,4.0,3,30.0,2,0.8,1,1.0,2,2,"No signs of added insulation were observed in the basement ceiling, suggesting potential energy inefficiency. The HVAC system appears to be in working condition but is an older standard-efficiency model."
shc_0057,1,4.0,3,30.0,2,0.8,2,2.0,2,2,"No signs of added insulation were observed in the basement ceiling, suggesting potential energy inefficiency. The HVAC system appears to be in working condition but is an older standard-efficiency model."
shc_0058,1,4.0,3,30.0,2,0.8,3,3.0,3,2,"No signs of added insulation were observed in the basement ceiling, suggesting potential energy inefficiency. The home has a functioning central HVAC system of moderate age and efficiency, with no major defects observed but no recent high-efficiency upgrades."
shc_0059,1,4.0,3,30.0,2,0.8,4,3.5,3,2,"No signs of added insulation were observed in the basement ceiling, suggesting potential energy inefficiency. The home has a functioning central HVAC system of moderate age and efficiency, with no major defects observed but no recent high-efficiency upgrades."
shc_0060,1,4.0,3,30.0,2,0.8,5,4.0,4,2,"No signs of added insulation were observed in the basement ceiling, suggesting potential energy inefficiency. The HVAC system was recently replaced with a standard high-efficiency model and is expected to operate efficiently."
shc_0061,1,4.0,3,30.0,3,0.9,1,1.0,2,2,"No signs of added insulation were observed in the basement ceiling, suggesting potential energy inefficiency. The HVAC system appears to be in working condition but is an older standard-efficiency model."
shc_0062,1,4.0,3,30.0,3,0.9,2,2.0,3,2,"No signs of added insulation were observed in the basement ceiling, suggesting potential energy inefficiency. The home has a functioning central HVAC system of moderate age and efficiency, with no major defects observed but no recent high-efficiency upgrades."
shc_0063,1,4.0,3,30.0,3,0.9,3,3.0,3,2,"No signs of added insulation were observed in the basement ceiling, suggesting potential energy inefficiency. The home has a functioning central HVAC system of moderate age and efficiency, with no major defects observed but no recent high-efficiency upgrades."
shc_0064,1,4.0,3,30.0,3,0.9,4,3.5,4,2,"No signs of added insulation were observed in the basement ceiling, suggesting potential energy inefficiency. The HVAC system was recently replaced with a standard high-efficiency model and is expected to operate efficiently."
shc_0065,1,4.0,3,30.0,3,0.9,5,4.0,4,2,"No signs of added insulation were observed in the basement ceiling, suggesting potential energy inefficiency. The HVAC system was recently replaced with a standard high-efficiency model and is expected to operate efficiently."
shc_0066,1,4.0,3,30.0,4,0.95,1,1.0,3,2,"No signs of added insulation were observed in the basement ceiling, suggesting potential energy inefficiency. The home has a functioning central HVAC system of moderate age and efficiency, with no major defects observed but no recent high-efficiency upgrades."
shc_0067,1,4.0,3,30.0,4,0.95,2,2.0,3,2,"No signs of added insulation were observed in the basement ceiling, suggesting potential energy inefficiency. The home has a functioning central HVAC system of moderate age and efficiency, with no major defects observed but no recent high-efficiency upgrades."
shc_0068,1,4.0,3,30.0,4,0.95,3,3.0,4,2,"No signs of added insulation were observed in the basement ceiling, suggesting potential energy inefficiency. The HVAC system was recently replaced with a standard high-efficiency model and is expected to operate efficiently."
shc_0069,1,4.0,3,30.0,4,0.95,4,3.5,4,2,"No signs of added insulation were observed in the basement ceiling, suggesting potential energy inefficiency. The HVAC system was recently replaced with a standard high-efficiency model and is expected to operate efficiently."
shc_0070,1,4.0,3,30.0,4,0.95,5,4.0,5,2,"No signs of added insulation were observed in the basement ceiling, suggesting potential energy inefficiency. A state-of-the-art HVAC system with smart thermostats and variable-speed compressors was recently installed, maximizing energy efficiency."
shc_0071,1,4.0,3,30.0,5,1.0,1,1.0,3,2,"No signs of added insulation were observed in the basement ceiling, suggesting potential energy inefficiency. The home has a functioning central HVAC system of moderate age and efficiency, with no major defects observed but no recent high-efficiency upgrades."
shc_0072,1,4.0,3,30.0,5,1.0,2,2.0,4,2,"No signs of added insulation were observed in the basement ceiling, suggesting potential energy inefficiency. The HVAC system was recently replaced with a standard high-efficiency model and is expected to operate efficiently."
shc_0073,1,4.0,3,30.0,5,1.0,3,3.0,4,2,"No signs of added insulation were observed in the basement ceiling, suggesting potential energy inefficiency. The HVAC system was recently replaced with a standard high-efficiency model and is expected to operate efficiently."
shc_0074,1,4.0,3,30.0,5,1.0,4,3.5,5,2,"No signs of added insulation were observed in the basement ceiling, suggesting potential energy inefficiency. A state-of-the-art HVAC system with smart thermostats and variable-speed compressors was recently installed, maximizing energy efficiency."
shc_0075,1,4.0,3,30.0,5,1.0,5,4.0,5,2,"No signs of added insulation were observed in the basement ceiling, suggesting potential energy inefficiency. A state-of-the-art HVAC system with smart thermostats and variable-speed compressors was recently installed, maximizing energy efficiency."
shc_0076,1,4.0,4,40.0,1,0.7,1,1.0,1,3,"Walls appear to be adequately insulated based on construction year, though no upgrades were observed. The home has an aging central HVAC system showing substantial exterior corrosion and poor operating efficiency."
shc_0077,1,4.0,4,40.0,1,0.7,2,2.0,2,3,"Walls appear to be adequately insulated based on construction year, though no upgrades were observed. The HVAC system appears to be in working condition but is an older standard-efficiency model."
shc_0078,1,4.0,4,40.0,1,0.7,3,3.0,2,3,"Walls appear to be adequately insulated based on construction year, though no upgrades were observed. The HVAC system appears to be in working condition but is an older standard-efficiency model."
shc_0079,1,4.0,4,40.0,1,0.7,4,3.5,3,3,"Walls appear to be adequately insulated based on construction year, though no upgrades were observed. The home has a functioning central HVAC system of moderate age and efficiency, with no major defects observed but no recent high-efficiency upgrades."
shc_0080,1,4.0,4,40.0,1,0.7,5,4.0,3,3,"Walls appear to be adequately insulated based on construction year, though no upgrades were observed. The home has a functioning central HVAC system of moderate age and efficiency, with no major defects observed but no recent high-efficiency upgrades."
shc_0081,1,4.0,4,40.0,2,0.8,1,1.0,2,3,"Walls appear to be adequately insulated based on construction year, though no upgrades were observed. The HVAC system appears to be in working condition but is an older standard-efficiency model."
shc_0082,1,4.0,4,40.0,2,0.8,2,2.0,2,3,"Walls appear to be adequately insulated based on construction year, though no upgrades were observed. The HVAC system appears to be in working condition but is an older standard-efficiency model."
shc_0083,1,4.0,4,40.0,2,0.8,3,3.0,3,3,"Walls appear to be adequately insulated based on construction year, though no upgrades were observed. The home has a functioning central HVAC system of moderate age and efficiency, with no major defects observed but no recent high-efficiency upgrades."
shc_0084,1,4.0,4,40.0,2,0.8,4,3.5,3,3,"Walls appear to be adequately insulated based on construction year, though no upgrades were observed. The home has a functioning central HVAC system of moderate age and efficiency, with no major defects observed but no recent high-efficiency upgrades."
shc_0085,1,4.0,4,40.0,2,0.8,5,4.0,4,3,"Walls appear to be adequately insulated based on construction year, though no upgrades were observed. The HVAC system was recently replaced with a standard high-efficiency model and is expected to operate efficiently."
shc_0086,1,4.0,4,40.0,3,0.9,1,1.0,2,3,"Walls appear to be adequately insulated based on construction year, though no upgrades were observed. The HVAC system appears to be in working condition but is an older standard-efficiency model."
shc_0087,1,4.0,4,40.0,3,0.9,2,2.0,3,3,"Walls appear to be adequately insulated based on construction year, though no upgrades were observed. The home has a functioning central HVAC system of moderate age and efficiency, with no major defects observed but no recent high-efficiency upgrades."
shc_0088,1,4.0,4,40.0,3,0.9,3,3.0,3,3,"Walls appear to be adequately insulated based on construction year, though no upgrades were observed. The home has a functioning central HVAC system of moderate age and efficiency, with no major defects observed but no recent high-efficiency upgrades."
shc_0089,1,4.0,4,40.0,3,0.9,4,3.5,4,3,"Walls appear to be adequately insulated based on construction year, though no upgrades were observed. The HVAC system was recently replaced with a standard high-efficiency model and is expected to operate efficiently."
shc_0090,1,4.0,4,40.0,3,0.9,5,4.0,4,3,"Walls appear to be adequately insulated based on construction year, though no upgrades were observed. The HVAC system was recently replaced with a standard high-efficiency model and is expected to operate efficiently."
shc_0091,1,4.0,4,40.0,4,0.95,1,1.0,3,3,"Walls appear to be adequately insulated based on construction year, though no upgrades were observed. The home has a functioning central HVAC system of moderate age and efficiency, with no major defects observed but no recent high-efficiency upgrades."
shc_0092,1,4.0,4,40.0,4,0.95,2,2.0,3,3,"Walls appear to be adequately insulated based on construction year, though no upgrades were observed. The home has a functioning central HVAC system of moderate age and efficiency, with no major defects observed but no recent high-efficiency upgrades."
shc_0093,1,4.0,4,40.0,4,0.95,3,3.0,4,3,"Walls appear to be adequately insulated based on construction year, though no upgrades were observed. The HVAC system was recently replaced with a standard high-efficiency model and is expected to operate efficiently."
shc_0094,1,4.0,4,40.0,4,0.95,4,3.5,4,3,"Walls appear to be adequately insulated based on construction year, though no upgrades were observed. The HVAC system was recently replaced with a standard high-efficiency model and is expected to operate efficiently."
shc_0095,1,4.0,4,40.0,4,0.95,5,4.0,5,3,"Walls appear to be adequately insulated based on construction year, though no upgrades were observed. A state-of-the-art HVAC system with smart thermostats and variable-speed compressors was recently installed, maximizing energy efficiency."
shc_0096,1,4.0,4,40.0,5,1.0,1,1.0,3,3,"Walls appear to be adequately insulated based on construction year, though no upgrades were observed. The home has a functioning central HVAC system of moderate age and efficiency, with no major defects observed but no recent high-efficiency upgrades."
shc_0097,1,4.0,4,40.0,5,1.0,2,2.0,4,3,"Walls appear to be adequately insulated based on construction year, though no upgrades were observed. The HVAC system was recently replaced with a standard high-efficiency model and is expected to operate efficiently."
shc_0098,1,4.0,4,40.0,5,1.0,3,3.0,4,3,"Walls appear to be adequately insulated based on construction year, though no upgrades were observed. The HVAC system was recently replaced with a standard high-efficiency model and is expected to operate efficiently."
shc_0099,1,4.0,4,40.0,5,1.0,4,3.5,5,3,"Walls appear to be adequately insulated based on construction year, though no upgrades were observed. A state-of-the-art HVAC system with smart thermostats and variable-speed compressors was recently installed, maximizing energy efficiency."
shc_0100,1,4.0,4,40.0,5,1.0,5,4.0,5,3,"Walls appear to be adequately insulated based on construction year, though no upgrades were observed. A state-of-the-art HVAC system with smart thermostats and variable-speed compressors was recently installed, maximizing energy efficiency."
shc_0101,1,4.0,5,50.0,1,0.7,1,1.0,1,3,"Walls appear to be adequately insulated based on construction year, though no upgrades were observed. The home has an aging central HVAC system showing substantial exterior corrosion and poor operating efficiency."
shc_0102,1,4.0,5,50.0,1,0.7,2,2.0,2,3,"Walls appear to be adequately insulated based on construction year, though no upgrades were observed. The HVAC system appears to be in working condition but is an older standard-efficiency model."
shc_0103,1,4.0,5,50.0,1,0.7,3,3.0,2,3,"Walls appear to be adequately insulated based on construction year, though no upgrades were observed. The HVAC system appears to be in working condition but is an older standard-efficiency model."
shc_0104,1,4.0,5,50.0,1,0.7,4,3.5,3,3,"Walls appear to be adequately insulated based on construction year, though no upgrades were observed. The home has a functioning central HVAC system of moderate age and efficiency, with no major defects observed but no recent high-efficiency upgrades."
shc_0105,1,4.0,5,50.0,1,0.7,5,4.0,3,3,"Walls appear to be adequately insulated based on construction year, though no upgrades were observed. The home has a functioning central HVAC system of moderate age and efficiency, with no major defects observed but no recent high-efficiency upgrades."
shc_0106,1,4.0,5,50.0,2,0.8,1,1.0,2,3,"Walls appear to be adequately insulated based on construction year, though no upgrades were observed. The HVAC system appears to be in working condition but is an older standard-efficiency model."
shc_0107,1,4.0,5,50.0,2,0.8,2,2.0,2,3,"Walls appear to be adequately insulated based on construction year, though no upgrades were observed. The HVAC system appears to be in working condition but is an older standard-efficiency model."
shc_0108,1,4.0,5,50.0,2,0.8,3,3.0,3,3,"Walls appear to be adequately insulated based on construction year, though no upgrades were observed. The home has a functioning central HVAC system of moderate age and efficiency, with no major defects observed but no recent high-efficiency upgrades."
shc_0109,1,4.0,5,50.0,2,0.8,4,3.5,3,3,"Walls appear to be adequately insulated based on construction year, though no upgrades were observed. The home has a functioning central HVAC system of moderate age and efficiency, with no major defects observed but no recent high-efficiency upgrades."
shc_0110,1,4.0,5,50.0,2,0.8,5,4.0,4,3,"Walls appear to be adequately insulated based on construction year, though no upgrades were observed. The HVAC system was recently replaced with a standard high-efficiency model and is expected to operate efficiently."
shc_0111,1,4.0,5,50.0,3,0.9,1,1.0,2,3,"Walls appear to be adequately insulated based on construction year, though no upgrades were observed. The HVAC system appears to be in working condition but is an older standard-efficiency model."
shc_0112,1,4.0,5,50.0,3,0.9,2,2.0,3,3,"Walls appear to be adequately insulated based on construction year, though no upgrades were observed. The home has a functioning central HVAC system of moderate age and efficiency, with no major defects observed but no recent high-efficiency upgrades."
shc_0113,1,4.0,5,50.0,3,0.9,3,3.0,3,3,"Walls appear to be adequately insulated based on construction year, though no upgrades were observed. The home has a functioning central HVAC system of moderate age and efficiency, with no major defects observed but no recent high-efficiency upgrades."
shc_0114,1,4.0,5,50.0,3,0.9,4,3.5,4,3,"Walls appear to be adequately insulated based on construction year, though no upgrades were observed. The HVAC system was recently replaced with a standard high-efficiency model and is expected to operate efficiently."
shc_0115,1,4.0,5,50.0,3,0.9,5,4.0,4,3,"Walls appear to be adequately insulated based on construction year, though no upgrades were observed. The HVAC system was recently replaced with a standard high-efficiency model and is expected to operate efficiently."
shc_0116,1,4.0,5,50.0,4,0.95,1,1.0,3,3,"Walls appear to be adequately insulated based on construction year, though no upgrades were observed. The home has a functioning central HVAC system of moderate age and efficiency, with no major defects observed but no recent high-efficiency upgrades."
shc_0117,1,4.0,5,50.0,4,0.95,2,2.0,3,3,"Walls appear to be adequately insulated based on construction year, though no upgrades were observed. The home has a functioning central HVAC system of moderate age and efficiency, with no major defects observed but no recent high-efficiency upgrades."
shc_0118,1,4.0,5,50.0,4,0.95,3,3.0,4,3,"Walls appear to be adequately insulated based on construction year, though no upgrades were observed. The HVAC system was recently replaced with a standard high-efficiency model and is expected to operate efficiently."
shc_0119,1,4.0,5,50.0,4,0.95,4,3.5,4,3,"Walls appear to be adequately insulated based on construction year, though no upgrades were observed. The HVAC system was recently replaced with a standard high-efficiency model and is expected to operate efficiently."
shc_0120,1,4.0,5,50.0,4,0.95,5,4.0,5,3,"Walls appear to be adequately insulated based on construction year, though no upgrades were observed. A state-of-the-art HVAC system with smart thermostats and variable-speed compressors was recently installed, maximizing energy efficiency."
shc_0121,1,4.0,5,50.0,5,1.0,1,1.0,3,3,"Walls appear to be adequately insulated based on construction year, though no upgrades were observed. The home has a functioning central HVAC system of moderate age and efficiency, with no major defects observed but no recent high-efficiency upgrades."
shc_0122,1,4.0,5,50.0,5,1.0,2,2.0,4,3,"Walls appear to be adequately insulated based on construction year, though no upgrades were observed. The HVAC system was recently replaced with a standard high-efficiency model and is expected to operate efficiently."
shc_0123,1,4.0,5,50.0,5,1.0,3,3.0,4,3,"Walls appear to be adequately insulated based on construction year, though no upgrades were observed. The HVAC system was recently replaced with a standard high-efficiency model and is expected to operate efficiently."
shc_0124,1,4.0,5,50.0,5,1.0,4,3.5,5,3,"Walls appear to be adequately insulated based on construction year, though no upgrades were observed. A state-of-the-art HVAC system with smart thermostats and variable-speed compressors was recently installed, maximizing energy efficiency."
shc_0125,1,4.0,5,50.0,5,1.0,5,4.0,5,3,"Walls appear to be adequately insulated based on construction year, though no upgrades were observed. A state-of-the-art HVAC system with smart thermostats and variable-speed compressors was recently installed, maximizing energy efficiency."
shc_0126,2,7.0,1,10.0,1,0.7,1,1.0,1,2,"No signs of added insulation were observed in the basement ceiling, suggesting potential energy inefficiency. The home has an aging central HVAC system showing substantial exterior corrosion and poor operating efficiency."
shc_0127,2,7.0,1,10.0,1,0.7,2,2.0,2,2,"No signs of added insulation were observed in the basement ceiling, suggesting potential energy inefficiency. The HVAC system appears to be in working condition but is an older standard-efficiency model."
shc_0128,2,7.0,1,10.0,1,0.7,3,3.0,2,2,"No signs of added insulation were observed in the basement ceiling, suggesting potential energy inefficiency. The HVAC system appears to be in working condition but is an older standard-efficiency model."
shc_0129,2,7.0,1,10.0,1,0.7,4,3.5,3,2,"No signs of added insulation were observed in the basement ceiling, suggesting potential energy inefficiency. The home has a functioning central HVAC system of moderate age and efficiency, with no major defects observed but no recent high-efficiency upgrades."
shc_0130,2,7.0,1,10.0,1,0.7,5,4.0,3,2,"No signs of added insulation were observed in the basement ceiling, suggesting potential energy inefficiency. The home has a functioning central HVAC system of moderate age and efficiency, with no major defects observed but no recent high-efficiency upgrades."
shc_0131,2,7.0,1,10.0,2,0.8,1,1.0,2,2,"No signs of added insulation were observed in the basement ceiling, suggesting potential energy inefficiency. The HVAC system appears to be in working condition but is an older standard-efficiency model."
shc_0132,2,7.0,1,10.0,2,0.8,2,2.0,2,2,"No signs of added insulation were observed in the basement ceiling, suggesting potential energy inefficiency. The HVAC system appears to be in working condition but is an older standard-efficiency model."
shc_0133,2,7.0,1,10.0,2,0.8,3,3.0,3,2,"No signs of added insulation were observed in the basement ceiling, suggesting potential energy inefficiency. The home has a functioning central HVAC system of moderate age and efficiency, with no major defects observed but no recent high-efficiency upgrades."
shc_0134,2,7.0,1,10.0,2,0.8,4,3.5,3,2,"No signs of added insulation were observed in the basement ceiling, suggesting potential energy inefficiency. The home has a functioning central HVAC system of moderate age and efficiency, with no major defects observed but no recent high-efficiency upgrades."
shc_0135,2,7.0,1,10.0,2,0.8,5,4.0,4,2,"No signs of added insulation were observed in the basement ceiling, suggesting potential energy inefficiency. The HVAC system was recently replaced with a standard high-efficiency model and is expected to operate efficiently."
shc_0136,2,7.0,1,10.0,3,0.9,1,1.0,2,2,"No signs of added insulation were observed in the basement ceiling, suggesting potential energy inefficiency. The HVAC system appears to be in working condition but is an older standard-efficiency model."
shc_0137,2,7.0,1,10.0,3,0.9,2,2.0,3,2,"No signs of added insulation were observed in the basement ceiling, suggesting potential energy inefficiency. The home has a functioning central HVAC system of moderate age and efficiency, with no major defects observed but no recent high-efficiency upgrades."
shc_0138,2,7.0,1,10.0,3,0.9,3,3.0,3,2,"No signs of added insulation were observed in the basement ceiling, suggesting potential energy inefficiency. The home has a functioning central HVAC system of moderate age and efficiency, with no major defects observed but no recent high-efficiency upgrades."
shc_0139,2,7.0,1,10.0,3,0.9,4,3.5,4,2,"No signs of added insulation were observed in the basement ceiling, suggesting potential energy inefficiency. The HVAC system was recently replaced with a standard high-efficiency model and is expected to operate efficiently."
shc_0140,2,7.0,1,10.0,3,0.9,5,4.0,4,2,"No signs of added insulation were observed in the basement ceiling, suggesting potential energy inefficiency. The HVAC system was recently replaced with a standard high-efficiency model and is expected to operate efficiently."
shc_0141,2,7.0,1,10.0,4,0.95,1,1.0,3,2,"No signs of added insulation were observed in the basement ceiling, suggesting potential energy inefficiency. The home has a functioning central HVAC system of moderate age and efficiency, with no major defects observed but no recent high-efficiency upgrades."
shc_0142,2,7.0,1,10.0,4,0.95,2,2.0,3,2,"No signs of added insulation were observed in the basement ceiling, suggesting potential energy inefficiency. The home has a functioning central HVAC system of moderate age and efficiency, with no major defects observed but no recent high-efficiency upgrades."
shc_0143,2,7.0,1,10.0,4,0.95,3,3.0,4,2,"No signs of added insulation were observed in the basement ceiling, suggesting potential energy inefficiency. The HVAC system was recently replaced with a standard high-efficiency model and is expected to operate efficiently."
shc_0144,2,7.0,1,10.0,4,0.95,4,3.5,4,2,"No signs of added insulation were observed in the basement ceiling, suggesting potential energy inefficiency. The HVAC system was recently replaced with a standard high-efficiency model and is expected to operate efficiently."
shc_0145,2,7.0,1,10.0,4,0.95,5,4.0,5,2,"No signs of added insulation were observed in the basement ceiling, suggesting potential energy inefficiency. A state-of-the-art HVAC system with smart thermostats and variable-speed compressors was recently installed, maximizing energy efficiency."
shc_0146,2,7.0,1,10.0,5,1.0,1,1.0,3,2,"No signs of added insulation were observed in the basement ceiling, suggesting potential energy inefficiency. The home has a functioning central HVAC system of moderate age and efficiency, with no major defects observed but no recent high-efficiency upgrades."
shc_0147,2,7.0,1,10.0,5,1.0,2,2.0,4,2,"No signs of added insulation were observed in the basement ceiling, suggesting potential energy inefficiency. The HVAC system was recently replaced with a standard high-efficiency model and is expected to operate efficiently."
shc_0148,2,7.0,1,10.0,5,1.0,3,3.0,4,2,"No signs of added insulation were observed in the basement ceiling, suggesting potential energy inefficiency. The HVAC system was recently replaced with a standard high-efficiency model and is expected to operate efficiently."
shc_0149,2,7.0,1,10.0,5,1.0,4,3.5,5,2,"No signs of added insulation were observed in the basement ceiling, suggesting potential energy inefficiency. A state-of-the-art HVAC system with smart thermostats and variable-speed compressors was recently installed, maximizing energy efficiency."
shc_0150,2,7.0,1,10.0,5,1.0,5,4.0,5,2,"No signs of added insulation were observed in the basement ceiling, suggesting potential energy inefficiency. A state-of-the-art HVAC system with smart thermostats and variable-speed compressors was recently installed, maximizing energy efficiency."
shc_0151,2,7.0,2,20.0,1,0.7,1,1.0,1,2,"No signs of added insulation were observed in the basement ceiling, suggesting potential energy inefficiency. The home has an aging central HVAC system showing substantial exterior corrosion and poor operating efficiency."
shc_0152,2,7.0,2,20.0,1,0.7,2,2.0,2,2,"No signs of added insulation were observed in the basement ceiling, suggesting potential energy inefficiency. The HVAC system appears to be in working condition but is an older standard-efficiency model."
shc_0153,2,7.0,2,20.0,1,0.7,3,3.0,2,2,"No signs of added insulation were observed in the basement ceiling, suggesting potential energy inefficiency. The HVAC system appears to be in working condition but is an older standard-efficiency model."
shc_0154,2,7.0,2,20.0,1,0.7,4,3.5,3,2,"No signs of added insulation were observed in the basement ceiling, suggesting potential energy inefficiency. The home has a functioning central HVAC system of moderate age and efficiency, with no major defects observed but no recent high-efficiency upgrades."
shc_0155,2,7.0,2,20.0,1,0.7,5,4.0,3,2,"No signs of added insulation were observed in the basement ceiling, suggesting potential energy inefficiency. The home has a functioning central HVAC system of moderate age and efficiency, with no major defects observed but no recent high-efficiency upgrades."
shc_0156,2,7.0,2,20.0,2,0.8,1,1.0,2,2,"No signs of added insulation were observed in the basement ceiling, suggesting potential energy inefficiency. The HVAC system appears to be in working condition but is an older standard-efficiency model."
shc_0157,2,7.0,2,20.0,2,0.8,2,2.0,2,2,"No signs of added insulation were observed in the basement ceiling, suggesting potential energy inefficiency. The HVAC system appears to be in working condition but is an older standard-efficiency model."
shc_0158,2,7.0,2,20.0,2,0.8,3,3.0,3,2,"No signs of added insulation were observed in the basement ceiling, suggesting potential energy inefficiency. The home has a functioning central HVAC system of moderate age and efficiency, with no major defects observed but no recent high-efficiency upgrades."
shc_0159,2,7.0,2,20.0,2,0.8,4,3.5,3,2,"No signs of added insulation were observed in the basement ceiling, suggesting potential energy inefficiency. The home has a functioning central HVAC system of moderate age and efficiency, with no major defects observed but no recent high-efficiency upgrades."
shc_0160,2,7.0,2,20.0,2,0.8,5,4.0,4,2,"No signs of added insulation were observed in the basement ceiling, suggesting potential energy inefficiency. The HVAC system was recently replaced with a standard high-efficiency model and is expected to operate efficiently."
shc_0161,2,7.0,2,20.0,3,0.9,1,1.0,2,2,"No signs of added insulation were observed in the basement ceiling, suggesting potential energy inefficiency. The HVAC system appears to be in working condition but is an older standard-efficiency model."
shc_0162,2,7.0,2,20.0,3,0.9,2,2.0,3,2,"No signs of added insulation were observed in the basement ceiling, suggesting potential energy inefficiency. The home has a functioning central HVAC system of moderate age and efficiency, with no major defects observed but no recent high-efficiency upgrades."
shc_0163,2,7.0,2,20.0,3,0.9,3,3.0,3,2,"No signs of added insulation were observed in the basement ceiling, suggesting potential energy inefficiency. The home has a functioning central HVAC system of moderate age and efficiency, with no major defects observed but no recent high-efficiency upgrades."
shc_0164,2,7.0,2,20.0,3,0.9,4,3.5,4,2,"No signs of added insulation were observed in the basement ceiling, suggesting potential energy inefficiency. The HVAC system was recently replaced with a standard high-efficiency model and is expected to operate efficiently."
shc_0165,2,7.0,2,20.0,3,0.9,5,4.0,4,2,"No signs of added insulation were observed in the basement ceiling, suggesting potential energy inefficiency. The HVAC system was recently replaced with a standard high-efficiency model and is expected to operate efficiently."
shc_0166,2,7.0,2,20.0,4,0.95,1,1.0,3,2,"No signs of added insulation were observed in the basement ceiling, suggesting potential energy inefficiency. The home has a functioning central HVAC system of moderate age and efficiency, with no major defects observed but no recent high-efficiency upgrades."
shc_0167,2,7.0,2,20.0,4,0.95,2,2.0,3,2,"No signs of added insulation were observed in the basement ceiling, suggesting potential energy inefficiency. The home has a functioning central HVAC system of moderate age and efficiency, with no major defects observed but no recent high-efficiency upgrades."
shc_0168,2,7.0,2,20.0,4,0.95,3,3.0,4,2,"No signs of added insulation were observed in the basement ceiling, suggesting potential energy inefficiency. The HVAC system was recently replaced with a standard high-efficiency model and is expected to operate efficiently."
shc_0169,2,7.0,2,20.0,4,0.95,4,3.5,4,2,"No signs of added insulation were observed in the basement ceiling, suggesting potential energy inefficiency. The HVAC system was recently replaced with a standard high-efficiency model and is expected to operate efficiently."
shc_0170,2,7.0,2,20.0,4,0.95,5,4.0,5,2,"No signs of added insulation were observed in the basement ceiling, suggesting potential energy inefficiency. A state-of-the-art HVAC system with smart thermostats and variable-speed compressors was recently installed, maximizing energy efficiency."
shc_0171,2,7.0,2,20.0,5,1.0,1,1.0,3,2,"No signs of added insulation were observed in the basement ceiling, suggesting potential energy inefficiency. The home has a functioning central HVAC system of moderate age and efficiency, with no major defects observed but no recent high-efficiency upgrades."
shc_0172,2,7.0,2,20.0,5,1.0,2,2.0,4,2,"No signs of added insulation were observed in the basement ceiling, suggesting potential energy inefficiency. The HVAC system was recently replaced with a standard high-efficiency model and is expected to operate efficiently."
shc_0173,2,7.0,2,20.0,5,1.0,3,3.0,4,2,"No signs of added insulation were observed in the basement ceiling, suggesting potential energy inefficiency. The HVAC system was recently replaced with a standard high-efficiency model and is expected to operate efficiently."
shc_0174,2,7.0,2,20.0,5,1.0,4,3.5,5,2,"No signs of added insulation were observed in the basement ceiling, suggesting potential energy inefficiency. A state-of-the-art HVAC system with smart thermostats and variable-speed compressors was recently installed, maximizing energy efficiency."
shc_0175,2,7.0,2,20.0,5,1.0,5,4.0,5,2,"No signs of added insulation were observed in the basement ceiling, suggesting potential energy inefficiency. A state-of-the-art HVAC system with smart thermostats and variable-speed compressors was recently installed, maximizing energy efficiency."
shc_0176,2,7.0,3,30.0,1,0.7,1,1.0,1,3,"Walls appear to be adequately insulated based on construction year, though no upgrades were observed. The home has an aging central HVAC system showing substantial exterior corrosion and poor operating efficiency."
shc_0177,2,7.0,3,30.0,1,0.7,2,2.0,2,3,"Walls appear to be adequately insulated based on construction year, though no upgrades were observed. The HVAC system appears to be in working condition but is an older standard-efficiency model."
shc_0178,2,7.0,3,30.0,1,0.7,3,3.0,2,3,"Walls appear to be adequately insulated based on construction year, though no upgrades were observed. The HVAC system appears to be in working condition but is an older standard-efficiency model."
shc_0179,2,7.0,3,30.0,1,0.7,4,3.5,3,3,"Walls appear to be adequately insulated based on construction year, though no upgrades were observed. The home has a functioning central HVAC system of moderate age and efficiency, with no major defects observed but no recent high-efficiency upgrades."
shc_0180,2,7.0,3,30.0,1,0.7,5,4.0,3,3,"Walls appear to be adequately insulated based on construction year, though no upgrades were observed. The home has a functioning central HVAC system of moderate age and efficiency, with no major defects observed but no recent high-efficiency upgrades."
shc_0181,2,7.0,3,30.0,2,0.8,1,1.0,2,3,"Walls appear to be adequately insulated based on construction year, though no upgrades were observed. The HVAC system appears to be in working condition but is an older standard-efficiency model."
shc_0182,2,7.0,3,30.0,2,0.8,2,2.0,2,3,"Walls appear to be adequately insulated based on construction year, though no upgrades were observed. The HVAC system appears to be in working condition but is an older standard-efficiency model."
shc_0183,2,7.0,3,30.0,2,0.8,3,3.0,3,3,"Walls appear to be adequately insulated based on construction year, though no upgrades were observed. The home has a functioning central HVAC system of moderate age and efficiency, with no major defects observed but no recent high-efficiency upgrades."
shc_0184,2,7.0,3,30.0,2,0.8,4,3.5,3,3,"Walls appear to be adequately insulated based on construction year, though no upgrades were observed. The home has a functioning central HVAC system of moderate age and efficiency, with no major defects observed but no recent high-efficiency upgrades."
shc_0185,2,7.0,3,30.0,2,0.8,5,4.0,4,3,"Walls appear to be adequately insulated based on construction year, though no upgrades were observed. The HVAC system was recently replaced with a standard high-efficiency model and is expected to operate efficiently."
shc_0186,2,7.0,3,30.0,3,0.9,1,1.0,2,3,"Walls appear to be adequately insulated based on construction year, though no upgrades were observed. The HVAC system appears to be in working condition but is an older standard-efficiency model."
shc_0187,2,7.0,3,30.0,3,0.9,2,2.0,3,3,"Walls appear to be adequately insulated based on construction year, though no upgrades were observed. The home has a functioning central HVAC system of moderate age and efficiency, with no major defects observed but no recent high-efficiency upgrades."
shc_0188,2,7.0,3,30.0,3,0.9,3,3.0,3,3,"Walls appear to be adequately insulated based on construction year, though no upgrades were observed. The home has a functioning central HVAC system of moderate age and efficiency, with no major defects observed but no recent high-efficiency upgrades."
shc_0189,2,7.0,3,30.0,3,0.9,4,3.5,4,3,"Walls appear to be adequately insulated based on construction year, though no upgrades were observed. The HVAC system was recently replaced with a standard high-efficiency model and is expected to operate efficiently."
shc_0190,2,7.0,3,30.0,3,0.9,5,4.0,4,3,"Walls appear to be adequately insulated based on construction year, though no upgrades were observed. The HVAC system was recently replaced with a standard high-efficiency model and is expected to operate efficiently."
shc_0191,2,7.0,3,30.0,4,0.95,1,1.0,3,3,"Walls appear to be adequately insulated based on construction year, though no upgrades were observed. The home has a functioning central HVAC system of moderate age and efficiency, with no major defects observed but no recent high-efficiency upgrades."
shc_0192,2,7.0,3,30.0,4,0.95,2,2.0,3,3,"Walls appear to be adequately insulated based on construction year, though no upgrades were observed. The home has a functioning central HVAC system of moderate age and efficiency, with no major defects observed but no recent high-efficiency upgrades."
shc_0193,2,7.0,3,30.0,4,0.95,3,3.0,4,3,"Walls appear to be adequately insulated based on construction year, though no upgrades were observed. The HVAC system was recently replaced with a standard high-efficiency model and is expected to operate efficiently."
shc_0194,2,7.0,3,30.0,4,0.95,4,3.5,4,3,"Walls appear to be adequately insulated based on construction year, though no upgrades were observed. The HVAC system was recently replaced with a standard high-efficiency model and is expected to operate efficiently."
shc_0195,2,7.0,3,30.0,4,0.95,5,4.0,5,3,"Walls appear to be adequately insulated based on construction year, though no upgrades were observed. A state-of-the-art HVAC system with smart thermostats and variable-speed compressors was recently installed, maximizing energy efficiency."
shc_0196,2,7.0,3,30.0,5,1.0,1,1.0,3,3,"Walls appear to be adequately insulated based on construction year, though no upgrades were observed. The home has a functioning central HVAC system of moderate age and efficiency, with no major defects observed but no recent high-efficiency upgrades."
shc_0197,2,7.0,3,30.0,5,1.0,2,2.0,4,3,"Walls appear to be adequately insulated based on construction year, though no upgrades were observed. The HVAC system was recently replaced with a standard high-efficiency model and is expected to operate efficiently."
shc_0198,2,7.0,3,30.0,5,1.0,3,3.0,4,3,"Walls appear to be adequately insulated based on construction year, though no upgrades were observed. The HVAC system was recently replaced with a standard high-efficiency model and is expected to operate efficiently."
shc_0199,2,7.0,3,30.0,5,1.0,4,3.5,5,3,"Walls appear to be adequately insulated based on construction year, though no upgrades were observed. A state-of-the-art HVAC system with smart thermostats and variable-speed compressors was recently installed, maximizing energy efficiency."
shc_0200,2,7.0,3,30.0,5,1.0,5,4.0,5,3,"Walls appear to be adequately insulated based on construction year, though no upgrades were observed. A state-of-the-art HVAC system with smart thermostats and variable-speed compressors was recently installed, maximizing energy efficiency."
shc_0201,2,7.0,4,40.0,1,0.7,1,1.0,1,3,"Walls appear to be adequately insulated based on construction year, though no upgrades were observed. The home has an aging central HVAC system showing substantial exterior corrosion and poor operating efficiency."
shc_0202,2,7.0,4,40.0,1,0.7,2,2.0,2,3,"Walls appear to be adequately insulated based on construction year, though no upgrades were observed. The HVAC system appears to be in working condition but is an older standard-efficiency model."
shc_0203,2,7.0,4,40.0,1,0.7,3,3.0,2,3,"Walls appear to be adequately insulated based on construction year, though no upgrades were observed. The HVAC system appears to be in working condition but is an older standard-efficiency model."
shc_0204,2,7.0,4,40.0,1,0.7,4,3.5,3,3,"Walls appear to be adequately insulated based on construction year, though no upgrades were observed. The home has a functioning central HVAC system of moderate age and efficiency, with no major defects observed but no recent high-efficiency upgrades."
shc_0205,2,7.0,4,40.0,1,0.7,5,4.0,3,3,"Walls appear to be adequately insulated based on construction year, though no upgrades were observed. The home has a functioning central HVAC system of moderate age and efficiency, with no major defects observed but no recent high-efficiency upgrades."
shc_0206,2,7.0,4,40.0,2,0.8,1,1.0,2,3,"Walls appear to be adequately insulated based on construction year, though no upgrades were observed. The HVAC system appears to be in working condition but is an older standard-efficiency model."
shc_0207,2,7.0,4,40.0,2,0.8,2,2.0,2,3,"Walls appear to be adequately insulated based on construction year, though no upgrades were observed. The HVAC system appears to be in working condition but is an older standard-efficiency model."
shc_0208,2,7.0,4,40.0,2,0.8,3,3.0,3,3,"Walls appear to be adequately insulated based on construction year, though no upgrades were observed. The home has a functioning central HVAC system of moderate age and efficiency, with no major defects observed but no recent high-efficiency upgrades."
shc_0209,2,7.0,4,40.0,2,0.8,4,3.5,3,3,"Walls appear to be adequately insulated based on construction year, though no upgrades were observed. The home has a functioning central HVAC system of moderate age and efficiency, with no major defects observed but no recent high-efficiency upgrades."
shc_0210,2,7.0,4,40.0,2,0.8,5,4.0,4,3,"Walls appear to be adequately insulated based on construction year, though no upgrades were observed. The HVAC system was recently replaced with a standard high-efficiency model and is expected to operate efficiently."
shc_0211,2,7.0,4,40.0,3,0.9,1,1.0,2,3,"Walls appear to be adequately insulated based on construction year, though no upgrades were observed. The HVAC system appears to be in working condition but is an older standard-efficiency model."
shc_0212,2,7.0,4,40.0,3,0.9,2,2.0,3,3,"Walls appear to be adequately insulated based on construction year, though no upgrades were observed. The home has a functioning central HVAC system of moderate age and efficiency, with no major defects observed but no recent high-efficiency upgrades."
shc_0213,2,7.0,4,40.0,3,0.9,3,3.0,3,3,"Walls appear to be adequately insulated based on construction year, though no upgrades were observed. The home has a functioning central HVAC system of moderate age and efficiency, with no major defects observed but no recent high-efficiency upgrades."
shc_0214,2,7.0,4,40.0,3,0.9,4,3.5,4,3,"Walls appear to be adequately insulated based on construction year, though no upgrades were observed. The HVAC system was recently replaced with a standard high-efficiency model and is expected to operate efficiently."
shc_0215,2,7.0,4,40.0,3,0.9,5,4.0,4,3,"Walls appear to be adequately insulated based on construction year, though no upgrades were observed. The HVAC system was recently replaced with a standard high-efficiency model and is expected to operate efficiently."
shc_0216,2,7.0,4,40.0,4,0.95,1,1.0,3,3,"Walls appear to be adequately insulated based on construction year, though no upgrades were observed. The home has a functioning central HVAC system of moderate age and efficiency, with no major defects observed but no recent high-efficiency upgrades."
shc_0217,2,7.0,4,40.0,4,0.95,2,2.0,3,3,"Walls appear to be adequately insulated based on construction year, though no upgrades were observed. The home has a functioning central HVAC system of moderate age and efficiency, with no major defects observed but no recent high-efficiency upgrades."
shc_0218,2,7.0,4,40.0,4,0.95,3,3.0,4,3,"Walls appear to be adequately insulated based on construction year, though no upgrades were observed. The HVAC system was recently replaced with a standard high-efficiency model and is expected to operate efficiently."
shc_0219,2,7.0,4,40.0,4,0.95,4,3.5,4,3,"Walls appear to be adequately insulated based on construction year, though no upgrades were observed. The HVAC system was recently replaced with a standard high-efficiency model and is expected to operate efficiently."
shc_0220,2,7.0,4,40.0,4,0.95,5,4.0,5,3,"Walls appear to be adequately insulated based on construction year, though no upgrades were observed. A state-of-the-art HVAC system with smart thermostats and variable-speed compressors was recently installed, maximizing energy efficiency."
shc_0221,2,7.0,4,40.0,5,1.0,1,1.0,3,3,"Walls appear to be adequately insulated based on construction year, though no upgrades were observed. The home has a functioning central HVAC system of moderate age and efficiency, with no major defects observed but no recent high-efficiency upgrades."
shc_0222,2,7.0,4,40.0,5,1.0,2,2.0,4,3,"Walls appear to be adequately insulated based on construction year, though no upgrades were observed. The HVAC system was recently replaced with a standard high-efficiency model and is expected to operate efficiently."
shc_0223,2,7.0,4,40.0,5,1.0,3,3.0,4,3,"Walls appear to be adequately insulated based on construction year, though no upgrades were observed. The HVAC system was recently replaced with a standard high-efficiency model and is expected to operate efficiently."
shc_0224,2,7.0,4,40.0,5,1.0,4,3.5,5,3,"Walls appear to be adequately insulated based on construction year, though no upgrades were observed. A state-of-the-art HVAC system with smart thermostats and variable-speed compressors was recently installed, maximizing energy efficiency."
shc_0225,2,7.0,4,40.0,5,1.0,5,4.0,5,3,"Walls appear to be adequately insulated based on construction year, though no upgrades were observed. A state-of-the-art HVAC system with smart thermostats and variable-speed compressors was recently installed, maximizing energy efficiency."
shc_0226,2,7.0,5,50.0,1,0.7,1,1.0,1,4,"Blown-in insulation is present in the attic to a depth of approximately 10 inches, providing good thermal resistance. The home has an aging central HVAC system showing substantial exterior corrosion and poor operating efficiency."
shc_0227,2,7.0,5,50.0,1,0.7,2,2.0,2,4,"Blown-in insulation is present in the attic to a depth of approximately 10 inches, providing good thermal resistance. The HVAC system appears to be in working condition but is an older standard-efficiency model."
shc_0228,2,7.0,5,50.0,1,0.7,3,3.0,2,4,"Blown-in insulation is present in the attic to a depth of approximately 10 inches, providing good thermal resistance. The HVAC system appears to be in working condition but is an older standard-efficiency model."
shc_0229,2,7.0,5,50.0,1,0.7,4,3.5,3,4,"Blown-in insulation is present in the attic to a depth of approximately 10 inches, providing good thermal resistance. The home has a functioning central HVAC system of moderate age and efficiency, with no major defects observed but no recent high-efficiency upgrades."
shc_0230,2,7.0,5,50.0,1,0.7,5,4.0,3,4,"Blown-in insulation is present in the attic to a depth of approximately 10 inches, providing good thermal resistance. The home has a functioning central HVAC system of moderate age and efficiency, with no major defects observed but no recent high-efficiency upgrades."
shc_0231,2,7.0,5,50.0,2,0.8,1,1.0,2,4,"Blown-in insulation is present in the attic to a depth of approximately 10 inches, providing good thermal resistance. The HVAC system appears to be in working condition but is an older standard-efficiency model."
shc_0232,2,7.0,5,50.0,2,0.8,2,2.0,2,4,"Blown-in insulation is present in the attic to a depth of approximately 10 inches, providing good thermal resistance. The HVAC system appears to be in working condition but is an older standard-efficiency model."
shc_0233,2,7.0,5,50.0,2,0.8,3,3.0,3,4,"Blown-in insulation is present in the attic to a depth of approximately 10 inches, providing good thermal resistance. The home has a functioning central HVAC system of moderate age and efficiency, with no major defects observed but no recent high-efficiency upgrades."
shc_0234,2,7.0,5,50.0,2,0.8,4,3.5,3,4,"Blown-in insulation is present in the attic to a depth of approximately 10 inches, providing good thermal resistance. The home has a functioning central HVAC system of moderate age and efficiency, with no major defects observed but no recent high-efficiency upgrades."
shc_0235,2,7.0,5,50.0,2,0.8,5,4.0,4,4,"Blown-in insulation is present in the attic to a depth of approximately 10 inches, providing good thermal resistance. The HVAC system was recently replaced with a standard high-efficiency model and is expected to operate efficiently."
shc_0236,2,7.0,5,50.0,3,0.9,1,1.0,2,4,"Blown-in insulation is present in the attic to a depth of approximately 10 inches, providing good thermal resistance. The HVAC system appears to be in working condition but is an older standard-efficiency model."
shc_0237,2,7.0,5,50.0,3,0.9,2,2.0,3,4,"Blown-in insulation is present in the attic to a depth of approximately 10 inches, providing good thermal resistance. The home has a functioning central HVAC system of moderate age and efficiency, with no major defects observed but no recent high-efficiency upgrades."
shc_0238,2,7.0,5,50.0,3,0.9,3,3.0,3,4,"Blown-in insulation is present in the attic to a depth of approximately 10 inches, providing good thermal resistance. The home has a functioning central HVAC system of moderate age and efficiency, with no major defects observed but no recent high-efficiency upgrades."
shc_0239,2,7.0,5,50.0,3,0.9,4,3.5,4,4,"Blown-in insulation is present in the attic to a depth of approximately 10 inches, providing good thermal resistance. The HVAC system was recently replaced with a standard high-efficiency model and is expected to operate efficiently."
shc_0240,2,7.0,5,50.0,3,0.9,5,4.0,4,4,"Blown-in insulation is present in the attic to a depth of approximately 10 inches, providing good thermal resistance. The HVAC system was recently replaced with a standard high-efficiency model and is expected to operate efficiently."
shc_0241,2,7.0,5,50.0,4,0.95,1,1.0,3,4,"Blown-in insulation is present in the attic to a depth of approximately 10 inches, providing good thermal resistance. The home has a functioning central HVAC system of moderate age and efficiency, with no major defects observed but no recent high-efficiency upgrades."
shc_0242,2,7.0,5,50.0,4,0.95,2,2.0,3,4,"Blown-in insulation is present in the attic to a depth of approximately 10 inches, providing good thermal resistance. The home has a functioning central HVAC system of moderate age and efficiency, with no major defects observed but no recent high-efficiency upgrades."
shc_0243,2,7.0,5,50.0,4,0.95,3,3.0,4,4,"Blown-in insulation is present in the attic to a depth of approximately 10 inches, providing good thermal resistance. The HVAC system was recently replaced with a standard high-efficiency model and is expected to operate efficiently."
shc_0244,2,7.0,5,50.0,4,0.95,4,3.5,4,4,"Blown-in insulation is present in the attic to a depth of approximately 10 inches, providing good thermal resistance. The HVAC system was recently replaced with a standard high-efficiency model and is expected to operate efficiently."
shc_0245,2,7.0,5,50.0,4,0.95,5,4.0,5,4,"Blown-in insulation is present in the attic to a depth of approximately 10 inches, providing good thermal resistance. A state-of-the-art HVAC system with smart thermostats and variable-speed compressors was recently installed, maximizing energy efficiency."
shc_0246,2,7.0,5,50.0,5,1.0,1,1.0,3,4,"Blown-in insulation is present in the attic to a depth of approximately 10 inches, providing good thermal resistance. The home has a functioning central HVAC system of moderate age and efficiency, with no major defects observed but no recent high-efficiency upgrades."
shc_0247,2,7.0,5,50.0,5,1.0,2,2.0,4,4,"Blown-in insulation is present in the attic to a depth of approximately 10 inches, providing good thermal resistance. The HVAC system was recently replaced with a standard high-efficiency model and is expected to operate efficiently."
shc_0248,2,7.0,5,50.0,5,1.0,3,3.0,4,4,"Blown-in insulation is present in the attic to a depth of approximately 10 inches, providing good thermal resistance. The HVAC system was recently replaced with a standard high-efficiency model and is expected to operate efficiently."
shc_0249,2,7.0,5,50.0,5,1.0,4,3.5,5,4,"Blown-in insulation is present in the attic to a depth of approximately 10 inches, providing good thermal resistance. A state-of-the-art HVAC system with smart thermostats and variable-speed compressors was recently installed, maximizing energy efficiency."
shc_0250,2,7.0,5,50.0,5,1.0,5,4.0,5,4,"Blown-in insulation is present in the attic to a depth of approximately 10 inches, providing good thermal resistance. A state-of-the-art HVAC system with smart thermostats and variable-speed compressors was recently installed, maximizing energy efficiency."
shc_0251,3,13.0,1,10.0,1,0.7,1,1.0,1,2,"No signs of added insulation were observed in the basement ceiling, suggesting potential energy inefficiency. The home has an aging central HVAC system showing substantial exterior corrosion and poor operating efficiency."
shc_0252,3,13.0,1,10.0,1,0.7,2,2.0,2,2,"No signs of added insulation were observed in the basement ceiling, suggesting potential energy inefficiency. The HVAC system appears to be in working condition but is an older standard-efficiency model."
shc_0253,3,13.0,1,10.0,1,0.7,3,3.0,2,2,"No signs of added insulation were observed in the basement ceiling, suggesting potential energy inefficiency. The HVAC system appears to be in working condition but is an older standard-efficiency model."
shc_0254,3,13.0,1,10.0,1,0.7,4,3.5,3,2,"No signs of added insulation were observed in the basement ceiling, suggesting potential energy inefficiency. The home has a functioning central HVAC system of moderate age and efficiency, with no major defects observed but no recent high-efficiency upgrades."
shc_0255,3,13.0,1,10.0,1,0.7,5,4.0,3,2,"No signs of added insulation were observed in the basement ceiling, suggesting potential energy inefficiency. The home has a functioning central HVAC system of moderate age and efficiency, with no major defects observed but no recent high-efficiency upgrades."
shc_0256,3,13.0,1,10.0,2,0.8,1,1.0,2,2,"No signs of added insulation were observed in the basement ceiling, suggesting potential energy inefficiency. The HVAC system appears to be in working condition but is an older standard-efficiency model."
shc_0257,3,13.0,1,10.0,2,0.8,2,2.0,2,2,"No signs of added insulation were observed in the basement ceiling, suggesting potential energy inefficiency. The HVAC system appears to be in working condition but is an older standard-efficiency model."
shc_0258,3,13.0,1,10.0,2,0.8,3,3.0,3,2,"No signs of added insulation were observed in the basement ceiling, suggesting potential energy inefficiency. The home has a functioning central HVAC system of moderate age and efficiency, with no major defects observed but no recent high-efficiency upgrades."
shc_0259,3,13.0,1,10.0,2,0.8,4,3.5,3,2,"No signs of added insulation were observed in the basement ceiling, suggesting potential energy inefficiency. The home has a functioning central HVAC system of moderate age and efficiency, with no major defects observed but no recent high-efficiency upgrades."
shc_0260,3,13.0,1,10.0,2,0.8,5,4.0,4,2,"No signs of added insulation were observed in the basement ceiling, suggesting potential energy inefficiency. The HVAC system was recently replaced with a standard high-efficiency model and is expected to operate efficiently."
shc_0261,3,13.0,1,10.0,3,0.9,1,1.0,2,2,"No signs of added insulation were observed in the basement ceiling, suggesting potential energy inefficiency. The HVAC system appears to be in working condition but is an older standard-efficiency model."
shc_0262,3,13.0,1,10.0,3,0.9,2,2.0,3,2,"No signs of added insulation were observed in the basement ceiling, suggesting potential energy inefficiency. The home has a functioning central HVAC system of moderate age and efficiency, with no major defects observed but no recent high-efficiency upgrades."
shc_0263,3,13.0,1,10.0,3,0.9,3,3.0,3,2,"No signs of added insulation were observed in the basement ceiling, suggesting potential energy inefficiency. The home has a functioning central HVAC system of moderate age and efficiency, with no major defects observed but no recent high-efficiency upgrades."
shc_0264,3,13.0,1,10.0,3,0.9,4,3.5,4,2,"No signs of added insulation were observed in the basement ceiling, suggesting potential energy inefficiency. The HVAC system was recently replaced with a standard high-efficiency model and is expected to operate efficiently."
shc_0265,3,13.0,1,10.0,3,0.9,5,4.0,4,2,"No signs of added insulation were observed in the basement ceiling, suggesting potential energy inefficiency. The HVAC system was recently replaced with a standard high-efficiency model and is expected to operate efficiently."
shc_0266,3,13.0,1,10.0,4,0.95,1,1.0,3,2,"No signs of added insulation were observed in the basement ceiling, suggesting potential energy inefficiency. The home has a functioning central HVAC system of moderate age and efficiency, with no major defects observed but no recent high-efficiency upgrades."
shc_0267,3,13.0,1,10.0,4,0.95,2,2.0,3,2,"No signs of added insulation were observed in the basement ceiling, suggesting potential energy inefficiency. The home has a functioning central HVAC system of moderate age and efficiency, with no major defects observed but no recent high-efficiency upgrades."
shc_0268,3,13.0,1,10.0,4,0.95,3,3.0,4,2,"No signs of added insulation were observed in the basement ceiling, suggesting potential energy inefficiency. The HVAC system was recently replaced with a standard high-efficiency model and is expected to operate efficiently."
shc_0269,3,13.0,1,10.0,4,0.95,4,3.5,4,2,"No signs of added insulation were observed in the basement ceiling, suggesting potential energy inefficiency. The HVAC system was recently replaced with a standard high-efficiency model and is expected to operate efficiently."
shc_0270,3,13.0,1,10.0,4,0.95,5,4.0,5,2,"No signs of added insulation were observed in the basement ceiling, suggesting potential energy inefficiency. A state-of-the-art HVAC system with smart thermostats and variable-speed compressors was recently installed, maximizing energy efficiency."
shc_0271,3,13.0,1,10.0,5,1.0,1,1.0,3,2,"No signs of added insulation were observed in the basement ceiling, suggesting potential energy inefficiency. The home has a functioning central HVAC system of moderate age and efficiency, with no major defects observed but no recent high-efficiency upgrades."
shc_0272,3,13.0,1,10.0,5,1.0,2,2.0,4,2,"No signs of added insulation were observed in the basement ceiling, suggesting potential energy inefficiency. The HVAC system was recently replaced with a standard high-efficiency model and is expected to operate efficiently."
shc_0273,3,13.0,1,10.0,5,1.0,3,3.0,4,2,"No signs of added insulation were observed in the basement ceiling, suggesting potential energy inefficiency. The HVAC system was recently replaced with a standard high-efficiency model and is expected to operate efficiently."
shc_0274,3,13.0,1,10.0,5,1.0,4,3.5,5,2,"No signs of added insulation were observed in the basement ceiling, suggesting potential energy inefficiency. A state-of-the-art HVAC system with smart thermostats and variable-speed compressors was recently installed, maximizing energy efficiency."
shc_0275,3,13.0,1,10.0,5,1.0,5,4.0,5,2,"No signs of added insulation were observed in the basement ceiling, suggesting potential energy inefficiency. A state-of-the-art HVAC system with smart thermostats and variable-speed compressors was recently installed, maximizing energy efficiency."
shc_0276,3,13.0,2,20.0,1,0.7,1,1.0,1,3,"Walls appear to be adequately insulated based on construction year, though no upgrades were observed. The home has an aging central HVAC system showing substantial exterior corrosion and poor operating efficiency."
shc_0277,3,13.0,2,20.0,1,0.7,2,2.0,2,3,"Walls appear to be adequately insulated based on construction year, though no upgrades were observed. The HVAC system appears to be in working condition but is an older standard-efficiency model."
shc_0278,3,13.0,2,20.0,1,0.7,3,3.0,2,3,"Walls appear to be adequately insulated based on construction year, though no upgrades were observed. The HVAC system appears to be in working condition but is an older standard-efficiency model."
shc_0279,3,13.0,2,20.0,1,0.7,4,3.5,3,3,"Walls appear to be adequately insulated based on construction year, though no upgrades were observed. The home has a functioning central HVAC system of moderate age and efficiency, with no major defects observed but no recent high-efficiency upgrades."
shc_0280,3,13.0,2,20.0,1,0.7,5,4.0,3,3,"Walls appear to be adequately insulated based on construction year, though no upgrades were observed. The home has a functioning central HVAC system of moderate age and efficiency, with no major defects observed but no recent high-efficiency upgrades."
shc_0281,3,13.0,2,20.0,2,0.8,1,1.0,2,3,"Walls appear to be adequately insulated based on construction year, though no upgrades were observed. The HVAC system appears to be in working condition but is an older standard-efficiency model."
shc_0282,3,13.0,2,20.0,2,0.8,2,2.0,2,3,"Walls appear to be adequately insulated based on construction year, though no upgrades were observed. The HVAC system appears to be in working condition but is an older standard-efficiency model."
shc_0283,3,13.0,2,20.0,2,0.8,3,3.0,3,3,"Walls appear to be adequately insulated based on construction year, though no upgrades were observed. The home has a functioning central HVAC system of moderate age and efficiency, with no major defects observed but no recent high-efficiency upgrades."
shc_0284,3,13.0,2,20.0,2,0.8,4,3.5,3,3,"Walls appear to be adequately insulated based on construction year, though no upgrades were observed. The home has a functioning central HVAC system of moderate age and efficiency, with no major defects observed but no recent high-efficiency upgrades."
shc_0285,3,13.0,2,20.0,2,0.8,5,4.0,4,3,"Walls appear to be adequately insulated based on construction year, though no upgrades were observed. The HVAC system was recently replaced with a standard high-efficiency model and is expected to operate efficiently."
shc_0286,3,13.0,2,20.0,3,0.9,1,1.0,2,3,"Walls appear to be adequately insulated based on construction year, though no upgrades were observed. The HVAC system appears to be in working condition but is an older standard-efficiency model."
shc_0287,3,13.0,2,20.0,3,0.9,2,2.0,3,3,"Walls appear to be adequately insulated based on construction year, though no upgrades were observed. The home has a functioning central HVAC system of moderate age and efficiency, with no major defects observed but no recent high-efficiency upgrades."
shc_0288,3,13.0,2,20.0,3,0.9,3,3.0,3,3,"Walls appear to be adequately insulated based on construction year, though no upgrades were observed. The home has a functioning central HVAC system of moderate age and efficiency, with no major defects observed but no recent high-efficiency upgrades."
shc_0289,3,13.0,2,20.0,3,0.9,4,3.5,4,3,"Walls appear to be adequately insulated based on construction year, though no upgrades were observed. The HVAC system was recently replaced with a standard high-efficiency model and is expected to operate efficiently."
shc_0290,3,13.0,2,20.0,3,0.9,5,4.0,4,3,"Walls appear to be adequately insulated based on construction year, though no upgrades were observed. The HVAC system was recently replaced with a standard high-efficiency model and is expected to operate efficiently."
shc_0291,3,13.0,2,20.0,4,0.95,1,1.0,3,3,"Walls appear to be adequately insulated based on construction year, though no upgrades were observed. The home has a functioning central HVAC system of moderate age and efficiency, with no major defects observed but no recent high-efficiency upgrades."
shc_0292,3,13.0,2,20.0,4,0.95,2,2.0,3,3,"Walls appear to be adequately insulated based on construction year, though no upgrades were observed. The home has a functioning central HVAC system of moderate age and efficiency, with no major defects observed but no recent high-efficiency upgrades."
shc_0293,3,13.0,2,20.0,4,0.95,3,3.0,4,3,"Walls appear to be adequately insulated based on construction year, though no upgrades were observed. The HVAC system was recently replaced with a standard high-efficiency model and is expected to operate efficiently."
shc_0294,3,13.0,2,20.0,4,0.95,4,3.5,4,3,"Walls appear to be adequately insulated based on construction year, though no upgrades were observed. The HVAC system was recently replaced with a standard high-efficiency model and is expected to operate efficiently."
shc_0295,3,13.0,2,20.0,4,0.95,5,4.0,5,3,"Walls appear to be adequately insulated based on construction year, though no upgrades were observed. A state-of-the-art HVAC system with smart thermostats and variable-speed compressors was recently installed, maximizing energy efficiency."
shc_0296,3,13.0,2,20.0,5,1.0,1,1.0,3,3,"Walls appear to be adequately insulated based on construction year, though no upgrades were observed. The home has a functioning central HVAC system of moderate age and efficiency, with no major defects observed but no recent high-efficiency upgrades."
shc_0297,3,13.0,2,20.0,5,1.0,2,2.0,4,3,"Walls appear to be adequately insulated based on construction year, though no upgrades were observed. The HVAC system was recently replaced with a standard high-efficiency model and is expected to operate efficiently."
shc_0298,3,13.0,2,20.0,5,1.0,3,3.0,4,3,"Walls appear to be adequately insulated based on construction year, though no upgrades were observed. The HVAC system was recently replaced with a standard high-efficiency model and is expected to operate efficiently."
shc_0299,3,13.0,2,20.0,5,1.0,4,3.5,5,3,"Walls appear to be adequately insulated based on construction year, though no upgrades were observed. A state-of-the-art HVAC system with smart thermostats and variable-speed compressors was recently installed, maximizing energy efficiency."
shc_0300,3,13.0,2,20.0,5,1.0,5,4.0,5,3,"Walls appear to be adequately insulated based on construction year, though no upgrades were observed. A state-of-the-art HVAC system with smart thermostats and variable-speed compressors was recently installed, maximizing energy efficiency."
shc_0301,3,13.0,3,30.0,1,0.7,1,1.0,1,3,"Walls appear to be adequately insulated based on construction year, though no upgrades were observed. The home has an aging central HVAC system showing substantial exterior corrosion and poor operating efficiency."
shc_0302,3,13.0,3,30.0,1,0.7,2,2.0,2,3,"Walls appear to be adequately insulated based on construction year, though no upgrades were observed. The HVAC system appears to be in working condition but is an older standard-efficiency model."
shc_0303,3,13.0,3,30.0,1,0.7,3,3.0,2,3,"Walls appear to be adequately insulated based on construction year, though no upgrades were observed. The HVAC system appears to be in working condition but is an older standard-efficiency model."
shc_0304,3,13.0,3,30.0,1,0.7,4,3.5,3,3,"Walls appear to be adequately insulated based on construction year, though no upgrades were observed. The home has a functioning central HVAC system of moderate age and efficiency, with no major defects observed but no recent high-efficiency upgrades."
shc_0305,3,13.0,3,30.0,1,0.7,5,4.0,3,3,"Walls appear to be adequately insulated based on construction year, though no upgrades were observed. The home has a functioning central HVAC system of moderate age and efficiency, with no major defects observed but no recent high-efficiency upgrades."
shc_0306,3,13.0,3,30.0,2,0.8,1,1.0,2,3,"Walls appear to be adequately insulated based on construction year, though no upgrades were observed. The HVAC system appears to be in working condition but is an older standard-efficiency model."
shc_0307,3,13.0,3,30.0,2,0.8,2,2.0,2,3,"Walls appear to be adequately insulated based on construction year, though no upgrades were observed. The HVAC system appears to be in working condition but is an older standard-efficiency model."
shc_0308,3,13.0,3,30.0,2,0.8,3,3.0,3,3,"Walls appear to be adequately insulated based on construction year, though no upgrades were observed. The home has a functioning central HVAC system of moderate age and efficiency, with no major defects observed but no recent high-efficiency upgrades."
shc_0309,3,13.0,3,30.0,2,0.8,4,3.5,3,3,"Walls appear to be adequately insulated based on construction year, though no upgrades were observed. The home has a functioning central HVAC system of moderate age and efficiency, with no major defects observed but no recent high-efficiency upgrades."
shc_0310,3,13.0,3,30.0,2,0.8,5,4.0,4,3,"Walls appear to be adequately insulated based on construction year, though no upgrades were observed. The HVAC system was recently replaced with a standard high-efficiency model and is expected to operate efficiently."
shc_0311,3,13.0,3,30.0,3,0.9,1,1.0,2,3,"Walls appear to be adequately insulated based on construction year, though no upgrades were observed. The HVAC system appears to be in working condition but is an older standard-efficiency model."
shc_0312,3,13.0,3,30.0,3,0.9,2,2.0,3,3,"Walls appear to be adequately insulated based on construction year, though no upgrades were observed. The home has a functioning central HVAC system of moderate age and efficiency, with no major defects observed but no recent high-efficiency upgrades."
shc_0313,3,13.0,3,30.0,3,0.9,3,3.0,3,3,"Walls appear to be adequately insulated based on construction year, though no upgrades were observed. The home has a functioning central HVAC system of moderate age and efficiency, with no major defects observed but no recent high-efficiency upgrades."
shc_0314,3,13.0,3,30.0,3,0.9,4,3.5,4,3,"Walls appear to be adequately insulated based on construction year, though no upgrades were observed. The HVAC system was recently replaced with a standard high-efficiency model and is expected to operate efficiently."
shc_0315,3,13.0,3,30.0,3,0.9,5,4.0,4,3,"Walls appear to be adequately insulated based on construction year, though no upgrades were observed. The HVAC system was recently replaced with a standard high-efficiency model and is expected to operate efficiently."
shc_0316,3,13.0,3,30.0,4,0.95,1,1.0,3,3,"Walls appear to be adequately insulated based on construction year, though no upgrades were observed. The home has a functioning central HVAC system of moderate age and efficiency, with no major defects observed but no recent high-efficiency upgrades."
shc_0317,3,13.0,3,30.0,4,0.95,2,2.0,3,3,"Walls appear to be adequately insulated based on construction year, though no upgrades were observed. The home has a functioning central HVAC system of moderate age and efficiency, with no major defects observed but no recent high-efficiency upgrades."
shc_0318,3,13.0,3,30.0,4,0.95,3,3.0,4,3,"Walls appear to be adequately insulated based on construction year, though no upgrades were observed. The HVAC system was recently replaced with a standard high-efficiency model and is expected to operate efficiently."
shc_0319,3,13.0,3,30.0,4,0.95,4,3.5,4,3,"Walls appear to be adequately insulated based on construction year, though no upgrades were observed. The HVAC system was recently replaced with a standard high-efficiency model and is expected to operate efficiently."
shc_0320,3,13.0,3,30.0,4,0.95,5,4.0,5,3,"Walls appear to be adequately insulated based on construction year, though no upgrades were observed. A state-of-the-art HVAC system with smart thermostats and variable-speed compressors was recently installed, maximizing energy efficiency."
shc_0321,3,13.0,3,30.0,5,1.0,1,1.0,3,3,"Walls appear to be adequately insulated based on construction year, though no upgrades were observed. The home has a functioning central HVAC system of moderate age and efficiency, with no major defects observed but no recent high-efficiency upgrades."
shc_0322,3,13.0,3,30.0,5,1.0,2,2.0,4,3,"Walls appear to be adequately insulated based on construction year, though no upgrades were observed. The HVAC system was recently replaced with a standard high-efficiency model and is expected to operate efficiently."
shc_0323,3,13.0,3,30.0,5,1.0,3,3.0,4,3,"Walls appear to be adequately insulated based on construction year, though no upgrades were observed. The HVAC system was recently replaced with a standard high-efficiency model and is expected to operate efficiently."
shc_0324,3,13.0,3,30.0,5,1.0,4,3.5,5,3,"Walls appear to be adequately insulated based on construction year, though no upgrades were observed. A state-of-the-art HVAC system with smart thermostats and variable-speed compressors was recently installed, maximizing energy efficiency."
shc_0325,3,13.0,3,30.0,5,1.0,5,4.0,5,3,"Walls appear to be adequately insulated based on construction year, though no upgrades were observed. A state-of-the-art HVAC system with smart thermostats and variable-speed compressors was recently installed, maximizing energy efficiency."
shc_0326,3,13.0,4,40.0,1,0.7,1,1.0,1,4,"Blown-in insulation is present in the attic to a depth of approximately 10 inches, providing good thermal resistance. The home has an aging central HVAC system showing substantial exterior corrosion and poor operating efficiency."
shc_0327,3,13.0,4,40.0,1,0.7,2,2.0,2,4,"Blown-in insulation is present in the attic to a depth of approximately 10 inches, providing good thermal resistance. The HVAC system appears to be in working condition but is an older standard-efficiency model."
shc_0328,3,13.0,4,40.0,1,0.7,3,3.0,2,4,"Blown-in insulation is present in the attic to a depth of approximately 10 inches, providing good thermal resistance. The HVAC system appears to be in working condition but is an older standard-efficiency model."
shc_0329,3,13.0,4,40.0,1,0.7,4,3.5,3,4,"Blown-in insulation is present in the attic to a depth of approximately 10 inches, providing good thermal resistance. The home has a functioning central HVAC system of moderate age and efficiency, with no major defects observed but no recent high-efficiency upgrades."
shc_0330,3,13.0,4,40.0,1,0.7,5,4.0,3,4,"Blown-in insulation is present in the attic to a depth of approximately 10 inches, providing good thermal resistance. The home has a functioning central HVAC system of moderate age and efficiency, with no major defects observed but no recent high-efficiency upgrades."
shc_0331,3,13.0,4,40.0,2,0.8,1,1.0,2,4,"Blown-in insulation is present in the attic to a depth of approximately 10 inches, providing good thermal resistance. The HVAC system appears to be in working condition but is an older standard-efficiency model."
shc_0332,3,13.0,4,40.0,2,0.8,2,2.0,2,4,"Blown-in insulation is present in the attic to a depth of approximately 10 inches, providing good thermal resistance. The HVAC system appears to be in working condition but is an older standard-efficiency model."
shc_0333,3,13.0,4,40.0,2,0.8,3,3.0,3,4,"Blown-in insulation is present in the attic to a depth of approximately 10 inches, providing good thermal resistance. The home has a functioning central HVAC system of moderate age and efficiency, with no major defects observed but no recent high-efficiency upgrades."
shc_0334,3,13.0,4,40.0,2,0.8,4,3.5,3,4,"Blown-in insulation is present in the attic to a depth of approximately 10 inches, providing good thermal resistance. The home has a functioning central HVAC system of moderate age and efficiency, with no major defects observed but no recent high-efficiency upgrades."
shc_0335,3,13.0,4,40.0,2,0.8,5,4.0,4,4,"Blown-in insulation is present in the attic to a depth of approximately 10 inches, providing good thermal resistance. The HVAC system was recently replaced with a standard high-efficiency model and is expected to operate efficiently."
shc_0336,3,13.0,4,40.0,3,0.9,1,1.0,2,4,"Blown-in insulation is present in the attic to a depth of approximately 10 inches, providing good thermal resistance. The HVAC system appears to be in working condition but is an older standard-efficiency model."
shc_0337,3,13.0,4,40.0,3,0.9,2,2.0,3,4,"Blown-in insulation is present in the attic to a depth of approximately 10 inches, providing good thermal resistance. The home has a functioning central HVAC system of moderate age and efficiency, with no major defects observed but no recent high-efficiency upgrades."
shc_0338,3,13.0,4,40.0,3,0.9,3,3.0,3,4,"Blown-in insulation is present in the attic to a depth of approximately 10 inches, providing good thermal resistance. The home has a functioning central HVAC system of moderate age and efficiency, with no major defects observed but no recent high-efficiency upgrades."
shc_0339,3,13.0,4,40.0,3,0.9,4,3.5,4,4,"Blown-in insulation is present in the attic to a depth of approximately 10 inches, providing good thermal resistance. The HVAC system was recently replaced with a standard high-efficiency model and is expected to operate efficiently."
shc_0340,3,13.0,4,40.0,3,0.9,5,4.0,4,4,"Blown-in insulation is present in the attic to a depth of approximately 10 inches, providing good thermal resistance. The HVAC system was recently replaced with a standard high-efficiency model and is expected to operate efficiently."
shc_0341,3,13.0,4,40.0,4,0.95,1,1.0,3,4,"Blown-in insulation is present in the attic to a depth of approximately 10 inches, providing good thermal resistance. The home has a functioning central HVAC system of moderate age and efficiency, with no major defects observed but no recent high-efficiency upgrades."
shc_0342,3,13.0,4,40.0,4,0.95,2,2.0,3,4,"Blown-in insulation is present in the attic to a depth of approximately 10 inches, providing good thermal resistance. The home has a functioning central HVAC system of moderate age and efficiency, with no major defects observed but no recent high-efficiency upgrades."
shc_0343,3,13.0,4,40.0,4,0.95,3,3.0,4,4,"Blown-in insulation is present in the attic to a depth of approximately 10 inches, providing good thermal resistance. The HVAC system was recently replaced with a standard high-efficiency model and is expected to operate efficiently."
shc_0344,3,13.0,4,40.0,4,0.95,4,3.5,4,4,"Blown-in insulation is present in the attic to a depth of approximately 10 inches, providing good thermal resistance. The HVAC system was recently replaced with a standard high-efficiency model and is expected to operate efficiently."
shc_0345,3,13.0,4,40.0,4,0.95,5,4.0,5,4,"Blown-in insulation is present in the attic to a depth of approximately 10 inches, providing good thermal resistance. A state-of-the-art HVAC system with smart thermostats and variable-speed compressors was recently installed, maximizing energy efficiency."
shc_0346,3,13.0,4,40.0,5,1.0,1,1.0,3,4,"Blown-in insulation is present in the attic to a depth of approximately 10 inches, providing good thermal resistance. The home has a functioning central HVAC system of moderate age and efficiency, with no major defects observed but no recent high-efficiency upgrades."
shc_0347,3,13.0,4,40.0,5,1.0,2,2.0,4,4,"Blown-in insulation is present in the attic to a depth of approximately 10 inches, providing good thermal resistance. The HVAC system was recently replaced with a standard high-efficiency model and is expected to operate efficiently."
shc_0348,3,13.0,4,40.0,5,1.0,3,3.0,4,4,"Blown-in insulation is present in the attic to a depth of approximately 10 inches, providing good thermal resistance. The HVAC system was recently replaced with a standard high-efficiency model and is expected to operate efficiently."
shc_0349,3,13.0,4,40.0,5,1.0,4,3.5,5,4,"Blown-in insulation is present in the attic to a depth of approximately 10 inches, providing good thermal resistance. A state-of-the-art HVAC system with smart thermostats and variable-speed compressors was recently installed, maximizing energy efficiency."
shc_0350,3,13.0,4,40.0,5,1.0,5,4.0,5,4,"Blown-in insulation is present in the attic to a depth of approximately 10 inches, providing good thermal resistance. A state-of-the-art HVAC system with smart thermostats and variable-speed compressors was recently installed, maximizing energy efficiency."
shc_0351,3,13.0,5,50.0,1,0.7,1,1.0,1,4,"Blown-in insulation is present in the attic to a depth of approximately 10 inches, providing good thermal resistance. The home has an aging central HVAC system showing substantial exterior corrosion and poor operating efficiency."
shc_0352,3,13.0,5,50.0,1,0.7,2,2.0,2,4,"Blown-in insulation is present in the attic to a depth of approximately 10 inches, providing good thermal resistance. The HVAC system appears to be in working condition but is an older standard-efficiency model."
shc_0353,3,13.0,5,50.0,1,0.7,3,3.0,2,4,"Blown-in insulation is present in the attic to a depth of approximately 10 inches, providing good thermal resistance. The HVAC system appears to be in working condition but is an older standard-efficiency model."
shc_0354,3,13.0,5,50.0,1,0.7,4,3.5,3,4,"Blown-in insulation is present in the attic to a depth of approximately 10 inches, providing good thermal resistance. The home has a functioning central HVAC system of moderate age and efficiency, with no major defects observed but no recent high-efficiency upgrades."
shc_0355,3,13.0,5,50.0,1,0.7,5,4.0,3,4,"Blown-in insulation is present in the attic to a depth of approximately 10 inches, providing good thermal resistance. The home has a functioning central HVAC system of moderate age and efficiency, with no major defects observed but no recent high-efficiency upgrades."
shc_0356,3,13.0,5,50.0,2,0.8,1,1.0,2,4,"Blown-in insulation is present in the attic to a depth of approximately 10 inches, providing good thermal resistance. The HVAC system appears to be in working condition but is an older standard-efficiency model."
shc_0357,3,13.0,5,50.0,2,0.8,2,2.0,2,4,"Blown-in insulation is present in the attic to a depth of approximately 10 inches, providing good thermal resistance. The HVAC system appears to be in working condition but is an older standard-efficiency model."
shc_0358,3,13.0,5,50.0,2,0.8,3,3.0,3,4,"Blown-in insulation is present in the attic to a depth of approximately 10 inches, providing good thermal resistance. The home has a functioning central HVAC system of moderate age and efficiency, with no major defects observed but no recent high-efficiency upgrades."
shc_0359,3,13.0,5,50.0,2,0.8,4,3.5,3,4,"Blown-in insulation is present in the attic to a depth of approximately 10 inches, providing good thermal resistance. The home has a functioning central HVAC system of moderate age and efficiency, with no major defects observed but no recent high-efficiency upgrades."
shc_0360,3,13.0,5,50.0,2,0.8,5,4.0,4,4,"Blown-in insulation is present in the attic to a depth of approximately 10 inches, providing good thermal resistance. The HVAC system was recently replaced with a standard high-efficiency model and is expected to operate efficiently."
shc_0361,3,13.0,5,50.0,3,0.9,1,1.0,2,4,"Blown-in insulation is present in the attic to a depth of approximately 10 inches, providing good thermal resistance. The HVAC system appears to be in working condition but is an older standard-efficiency model."
shc_0362,3,13.0,5,50.0,3,0.9,2,2.0,3,4,"Blown-in insulation is present in the attic to a depth of approximately 10 inches, providing good thermal resistance. The home has a functioning central HVAC system of moderate age and efficiency, with no major defects observed but no recent high-efficiency upgrades."
shc_0363,3,13.0,5,50.0,3,0.9,3,3.0,3,4,"Blown-in insulation is present in the attic to a depth of approximately 10 inches, providing good thermal resistance. The home has a functioning central HVAC system of moderate age and efficiency, with no major defects observed but no recent high-efficiency upgrades."
shc_0364,3,13.0,5,50.0,3,0.9,4,3.5,4,4,"Blown-in insulation is present in the attic to a depth of approximately 10 inches, providing good thermal resistance. The HVAC system was recently replaced with a standard high-efficiency model and is expected to operate efficiently."
shc_0365,3,13.0,5,50.0,3,0.9,5,4.0,4,4,"Blown-in insulation is present in the attic to a depth of approximately 10 inches, providing good thermal resistance. The HVAC system was recently replaced with a standard high-efficiency model and is expected to operate efficiently."
shc_0366,3,13.0,5,50.0,4,0.95,1,1.0,3,4,"Blown-in insulation is present in the attic to a depth of approximately 10 inches, providing good thermal resistance. The home has a functioning central HVAC system of moderate age and efficiency, with no major defects observed but no recent high-efficiency upgrades."
shc_0367,3,13.0,5,50.0,4,0.95,2,2.0,3,4,"Blown-in insulation is present in the attic to a depth of approximately 10 inches, providing good thermal resistance. The home has a functioning central HVAC system of moderate age and efficiency, with no major defects observed but no recent high-efficiency upgrades."
shc_0368,3,13.0,5,50.0,4,0.95,3,3.0,4,4,"Blown-in insulation is present in the attic to a depth of approximately 10 inches, providing good thermal resistance. The HVAC system was recently replaced with a standard high-efficiency model and is expected to operate efficiently."
shc_0369,3,13.0,5,50.0,4,0.95,4,3.5,4,4,"Blown-in insulation is present in the attic to a depth of approximately 10 inches, providing good thermal resistance. The HVAC system was recently replaced with a standard high-efficiency model and is expected to operate efficiently."
shc_0370,3,13.0,5,50.0,4,0.95,5,4.0,5,4,"Blown-in insulation is present in the attic to a depth of approximately 10 inches, providing good thermal resistance. A state-of-the-art HVAC system with smart thermostats and variable-speed compressors was recently installed, maximizing energy efficiency."
shc_0371,3,13.0,5,50.0,5,1.0,1,1.0,3,4,"Blown-in insulation is present in the attic to a depth of approximately 10 inches, providing good thermal resistance. The home has a functioning central HVAC system of moderate age and efficiency, with no major defects observed but no recent high-efficiency upgrades."
shc_0372,3,13.0,5,50.0,5,1.0,2,2.0,4,4,"Blown-in insulation is present in the attic to a depth of approximately 10 inches, providing good thermal resistance. The HVAC system was recently replaced with a standard high-efficiency model and is expected to operate efficiently."
shc_0373,3,13.0,5,50.0,5,1.0,3,3.0,4,4,"Blown-in insulation is present in the attic to a depth of approximately 10 inches, providing good thermal resistance. The HVAC system was recently replaced with a standard high-efficiency model and is expected to operate efficiently."
shc_0374,3,13.0,5,50.0,5,1.0,4,3.5,5,4,"Blown-in insulation is present in the attic to a depth of approximately 10 inches, providing good thermal resistance. A state-of-the-art HVAC system with smart thermostats and variable-speed compressors was recently installed, maximizing energy efficiency."
shc_0375,3,13.0,5,50.0,5,1.0,5,4.0,5,4,"Blown-in insulation is present in the attic to a depth of approximately 10 inches, providing good thermal resistance. A state-of-the-art HVAC system with smart thermostats and variable-speed compressors was recently installed, maximizing energy efficiency."
shc_0376,4,20.0,1,10.0,1,0.7,1,1.0,1,3,"Walls appear to be adequately insulated based on construction year, though no upgrades were observed. The home has an aging central HVAC system showing substantial exterior corrosion and poor operating efficiency."
shc_0377,4,20.0,1,10.0,1,0.7,2,2.0,2,3,"Walls appear to be adequately insulated based on construction year, though no upgrades were observed. The HVAC system appears to be in working condition but is an older standard-efficiency model."
shc_0378,4,20.0,1,10.0,1,0.7,3,3.0,2,3,"Walls appear to be adequately insulated based on construction year, though no upgrades were observed. The HVAC system appears to be in working condition but is an older standard-efficiency model."
shc_0379,4,20.0,1,10.0,1,0.7,4,3.5,3,3,"Walls appear to be adequately insulated based on construction year, though no upgrades were observed. The home has a functioning central HVAC system of moderate age and efficiency, with no major defects observed but no recent high-efficiency upgrades."
shc_0380,4,20.0,1,10.0,1,0.7,5,4.0,3,3,"Walls appear to be adequately insulated based on construction year, though no upgrades were observed. The home has a functioning central HVAC system of moderate age and efficiency, with no major defects observed but no recent high-efficiency upgrades."
shc_0381,4,20.0,1,10.0,2,0.8,1,1.0,2,3,"Walls appear to be adequately insulated based on construction year, though no upgrades were observed. The HVAC system appears to be in working condition but is an older standard-efficiency model."
shc_0382,4,20.0,1,10.0,2,0.8,2,2.0,2,3,"Walls appear to be adequately insulated based on construction year, though no upgrades were observed. The HVAC system appears to be in working condition but is an older standard-efficiency model."
shc_0383,4,20.0,1,10.0,2,0.8,3,3.0,3,3,"Walls appear to be adequately insulated based on construction year, though no upgrades were observed. The home has a functioning central HVAC system of moderate age and efficiency, with no major defects observed but no recent high-efficiency upgrades."
shc_0384,4,20.0,1,10.0,2,0.8,4,3.5,3,3,"Walls appear to be adequately insulated based on construction year, though no upgrades were observed. The home has a functioning central HVAC system of moderate age and efficiency, with no major defects observed but no recent high-efficiency upgrades."
shc_0385,4,20.0,1,10.0,2,0.8,5,4.0,4,3,"Walls appear to be adequately insulated based on construction year, though no upgrades were observed. The HVAC system was recently replaced with a standard high-efficiency model and is expected to operate efficiently."
shc_0386,4,20.0,1,10.0,3,0.9,1,1.0,2,3,"Walls appear to be adequately insulated based on construction year, though no upgrades were observed. The HVAC system appears to be in working condition but is an older standard-efficiency model."
shc_0387,4,20.0,1,10.0,3,0.9,2,2.0,3,3,"Walls appear to be adequately insulated based on construction year, though no upgrades were observed. The home has a functioning central HVAC system of moderate age and efficiency, with no major defects observed but no recent high-efficiency upgrades."
shc_0388,4,20.0,1,10.0,3,0.9,3,3.0,3,3,"Walls appear to be adequately insulated based on construction year, though no upgrades were observed. The home has a functioning central HVAC system of moderate age and efficiency, with no major defects observed but no recent high-efficiency upgrades."
shc_0389,4,20.0,1,10.0,3,0.9,4,3.5,4,3,"Walls appear to be adequately insulated based on construction year, though no upgrades were observed. The HVAC system was recently replaced with a standard high-efficiency model and is expected to operate efficiently."
shc_0390,4,20.0,1,10.0,3,0.9,5,4.0,4,3,"Walls appear to be adequately insulated based on construction year, though no upgrades were observed. The HVAC system was recently replaced with a standard high-efficiency model and is expected to operate efficiently."
shc_0391,4,20.0,1,10.0,4,0.95,1,1.0,3,3,"Walls appear to be adequately insulated based on construction year, though no upgrades were observed. The home has a functioning central HVAC system of moderate age and efficiency, with no major defects observed but no recent high-efficiency upgrades."
shc_0392,4,20.0,1,10.0,4,0.95,2,2.0,3,3,"Walls appear to be adequately insulated based on construction year, though no upgrades were observed. The home has a functioning central HVAC system of moderate age and efficiency, with no major defects observed but no recent high-efficiency upgrades."
shc_0393,4,20.0,1,10.0,4,0.95,3,3.0,4,3,"Walls appear to be adequately insulated based on construction year, though no upgrades were observed. The HVAC system was recently replaced with a standard high-efficiency model and is expected to operate efficiently."
shc_0394,4,20.0,1,10.0,4,0.95,4,3.5,4,3,"Walls appear to be adequately insulated based on construction year, though no upgrades were observed. The HVAC system was recently replaced with a standard high-efficiency model and is expected to operate efficiently."
shc_0395,4,20.0,1,10.0,4,0.95,5,4.0,5,3,"Walls appear to be adequately insulated based on construction year, though no upgrades were observed. A state-of-the-art HVAC system with smart thermostats and variable-speed compressors was recently installed, maximizing energy efficiency."
shc_0396,4,20.0,1,10.0,5,1.0,1,1.0,3,3,"Walls appear to be adequately insulated based on construction year, though no upgrades were observed. The home has a functioning central HVAC system of moderate age and efficiency, with no major defects observed but no recent high-efficiency upgrades."
shc_0397,4,20.0,1,10.0,5,1.0,2,2.0,4,3,"Walls appear to be adequately insulated based on construction year, though no upgrades were observed. The HVAC system was recently replaced with a standard high-efficiency model and is expected to operate efficiently."
shc_0398,4,20.0,1,10.0,5,1.0,3,3.0,4,3,"Walls appear to be adequately insulated based on construction year, though no upgrades were observed. The HVAC system was recently replaced with a standard high-efficiency model and is expected to operate efficiently."
shc_0399,4,20.0,1,10.0,5,1.0,4,3.5,5,3,"Walls appear to be adequately insulated based on construction year, though no upgrades were observed. A state-of-the-art HVAC system with smart thermostats and variable-speed compressors was recently installed, maximizing energy efficiency."
shc_0400,4,20.0,1,10.0,5,1.0,5,4.0,5,3,"Walls appear to be adequately insulated based on construction year, though no upgrades were observed. A state-of-the-art HVAC system with smart thermostats and variable-speed compressors was recently installed, maximizing energy efficiency."
shc_0401,4,20.0,2,20.0,1,0.7,1,1.0,1,3,"Walls appear to be adequately insulated based on construction year, though no upgrades were observed. The home has an aging central HVAC system showing substantial exterior corrosion and poor operating efficiency."
shc_0402,4,20.0,2,20.0,1,0.7,2,2.0,2,3,"Walls appear to be adequately insulated based on construction year, though no upgrades were observed. The HVAC system appears to be in working condition but is an older standard-efficiency model."
shc_0403,4,20.0,2,20.0,1,0.7,3,3.0,2,3,"Walls appear to be adequately insulated based on construction year, though no upgrades were observed. The HVAC system appears to be in working condition but is an older standard-efficiency model."
shc_0404,4,20.0,2,20.0,1,0.7,4,3.5,3,3,"Walls appear to be adequately insulated based on construction year, though no upgrades were observed. The home has a functioning central HVAC system of moderate age and efficiency, with no major defects observed but no recent high-efficiency upgrades."
shc_0405,4,20.0,2,20.0,1,0.7,5,4.0,3,3,"Walls appear to be adequately insulated based on construction year, though no upgrades were observed. The home has a functioning central HVAC system of moderate age and efficiency, with no major defects observed but no recent high-efficiency upgrades."
shc_0406,4,20.0,2,20.0,2,0.8,1,1.0,2,3,"Walls appear to be adequately insulated based on construction year, though no upgrades were observed. The HVAC system appears to be in working condition but is an older standard-efficiency model."
shc_0407,4,20.0,2,20.0,2,0.8,2,2.0,2,3,"Walls appear to be adequately insulated based on construction year, though no upgrades were observed. The HVAC system appears to be in working condition but is an older standard-efficiency model."
shc_0408,4,20.0,2,20.0,2,0.8,3,3.0,3,3,"Walls appear to be adequately insulated based on construction year, though no upgrades were observed. The home has a functioning central HVAC system of moderate age and efficiency, with no major defects observed but no recent high-efficiency upgrades."
shc_0409,4,20.0,2,20.0,2,0.8,4,3.5,3,3,"Walls appear to be adequately insulated based on construction year, though no upgrades were observed. The home has a functioning central HVAC system of moderate age and efficiency, with no major defects observed but no recent high-efficiency upgrades."
shc_0410,4,20.0,2,20.0,2,0.8,5,4.0,4,3,"Walls appear to be adequately insulated based on construction year, though no upgrades were observed. The HVAC system was recently replaced with a standard high-efficiency model and is expected to operate efficiently."
shc_0411,4,20.0,2,20.0,3,0.9,1,1.0,2,3,"Walls appear to be adequately insulated based on construction year, though no upgrades were observed. The HVAC system appears to be in working condition but is an older standard-efficiency model."
shc_0412,4,20.0,2,20.0,3,0.9,2,2.0,3,3,"Walls appear to be adequately insulated based on construction year, though no upgrades were observed. The home has a functioning central HVAC system of moderate age and efficiency, with no major defects observed but no recent high-efficiency upgrades."
shc_0413,4,20.0,2,20.0,3,0.9,3,3.0,3,3,"Walls appear to be adequately insulated based on construction year, though no upgrades were observed. The home has a functioning central HVAC system of moderate age and efficiency, with no major defects observed but no recent high-efficiency upgrades."
shc_0414,4,20.0,2,20.0,3,0.9,4,3.5,4,3,"Walls appear to be adequately insulated based on construction year, though no upgrades were observed. The HVAC system was recently replaced with a standard high-efficiency model and is expected to operate efficiently."
shc_0415,4,20.0,2,20.0,3,0.9,5,4.0,4,3,"Walls appear to be adequately insulated based on construction year, though no upgrades were observed. The HVAC system was recently replaced with a standard high-efficiency model and is expected to operate efficiently."
shc_0416,4,20.0,2,20.0,4,0.95,1,1.0,3,3,"Walls appear to be adequately insulated based on construction year, though no upgrades were observed. The home has a functioning central HVAC system of moderate age and efficiency, with no major defects observed but no recent high-efficiency upgrades."
shc_0417,4,20.0,2,20.0,4,0.95,2,2.0,3,3,"Walls appear to be adequately insulated based on construction year, though no upgrades were observed. The home has a functioning central HVAC system of moderate age and efficiency, with no major defects observed but no recent high-efficiency upgrades."
shc_0418,4,20.0,2,20.0,4,0.95,3,3.0,4,3,"Walls appear to be adequately insulated based on construction year, though no upgrades were observed. The HVAC system was recently replaced with a standard high-efficiency model and is expected to operate efficiently."
shc_0419,4,20.0,2,20.0,4,0.95,4,3.5,4,3,"Walls appear to be adequately insulated based on construction year, though no upgrades were observed. The HVAC system was recently replaced with a standard high-efficiency model and is expected to operate efficiently."
shc_0420,4,20.0,2,20.0,4,0.95,5,4.0,5,3,"Walls appear to be adequately insulated based on construction year, though no upgrades were observed. A state-of-the-art HVAC system with smart thermostats and variable-speed compressors was recently installed, maximizing energy efficiency."
shc_0421,4,20.0,2,20.0,5,1.0,1,1.0,3,3,"Walls appear to be adequately insulated based on construction year, though no upgrades were observed. The home has a functioning central HVAC system of moderate age and efficiency, with no major defects observed but no recent high-efficiency upgrades."
shc_0422,4,20.0,2,20.0,5,1.0,2,2.0,4,3,"Walls appear to be adequately insulated based on construction year, though no upgrades were observed. The HVAC system was recently replaced with a standard high-efficiency model and is expected to operate efficiently."
shc_0423,4,20.0,2,20.0,5,1.0,3,3.0,4,3,"Walls appear to be adequately insulated based on construction year, though no upgrades were observed. The HVAC system was recently replaced with a standard high-efficiency model and is expected to operate efficiently."
shc_0424,4,20.0,2,20.0,5,1.0,4,3.5,5,3,"Walls appear to be adequately insulated based on construction year, though no upgrades were observed. A state-of-the-art HVAC system with smart thermostats and variable-speed compressors was recently installed, maximizing energy efficiency."
shc_0425,4,20.0,2,20.0,5,1.0,5,4.0,5,3,"Walls appear to be adequately insulated based on construction year, though no upgrades were observed. A state-of-the-art HVAC system with smart thermostats and variable-speed compressors was recently installed, maximizing energy efficiency."
shc_0426,4,20.0,3,30.0,1,0.7,1,1.0,1,4,"Blown-in insulation is present in the attic to a depth of approximately 10 inches, providing good thermal resistance. The home has an aging central HVAC system showing substantial exterior corrosion and poor operating efficiency."
shc_0427,4,20.0,3,30.0,1,0.7,2,2.0,2,4,"Blown-in insulation is present in the attic to a depth of approximately 10 inches, providing good thermal resistance. The HVAC system appears to be in working condition but is an older standard-efficiency model."
shc_0428,4,20.0,3,30.0,1,0.7,3,3.0,2,4,"Blown-in insulation is present in the attic to a depth of approximately 10 inches, providing good thermal resistance. The HVAC system appears to be in working condition but is an older standard-efficiency model."
shc_0429,4,20.0,3,30.0,1,0.7,4,3.5,3,4,"Blown-in insulation is present in the attic to a depth of approximately 10 inches, providing good thermal resistance. The home has a functioning central HVAC system of moderate age and efficiency, with no major defects observed but no recent high-efficiency upgrades."
shc_0430,4,20.0,3,30.0,1,0.7,5,4.0,3,4,"Blown-in insulation is present in the attic to a depth of approximately 10 inches, providing good thermal resistance. The home has a functioning central HVAC system of moderate age and efficiency, with no major defects observed but no recent high-efficiency upgrades."
shc_0431,4,20.0,3,30.0,2,0.8,1,1.0,2,4,"Blown-in insulation is present in the attic to a depth of approximately 10 inches, providing good thermal resistance. The HVAC system appears to be in working condition but is an older standard-efficiency model."
shc_0432,4,20.0,3,30.0,2,0.8,2,2.0,2,4,"Blown-in insulation is present in the attic to a depth of approximately 10 inches, providing good thermal resistance. The HVAC system appears to be in working condition but is an older standard-efficiency model."
shc_0433,4,20.0,3,30.0,2,0.8,3,3.0,3,4,"Blown-in insulation is present in the attic to a depth of approximately 10 inches, providing good thermal resistance. The home has a functioning central HVAC system of moderate age and efficiency, with no major defects observed but no recent high-efficiency upgrades."
shc_0434,4,20.0,3,30.0,2,0.8,4,3.5,3,4,"Blown-in insulation is present in the attic to a depth of approximately 10 inches, providing good thermal resistance. The home has a functioning central HVAC system of moderate age and efficiency, with no major defects observed but no recent high-efficiency upgrades."
shc_0435,4,20.0,3,30.0,2,0.8,5,4.0,4,4,"Blown-in insulation is present in the attic to a depth of approximately 10 inches, providing good thermal resistance. The HVAC system was recently replaced with a standard high-efficiency model and is expected to operate efficiently."
shc_0436,4,20.0,3,30.0,3,0.9,1,1.0,2,4,"Blown-in insulation is present in the attic to a depth of approximately 10 inches, providing good thermal resistance. The HVAC system appears to be in working condition but is an older standard-efficiency model."
shc_0437,4,20.0,3,30.0,3,0.9,2,2.0,3,4,"Blown-in insulation is present in the attic to a depth of approximately 10 inches, providing good thermal resistance. The home has a functioning central HVAC system of moderate age and efficiency, with no major defects observed but no recent high-efficiency upgrades."
shc_0438,4,20.0,3,30.0,3,0.9,3,3.0,3,4,"Blown-in insulation is present in the attic to a depth of approximately 10 inches, providing good thermal resistance. The home has a functioning central HVAC system of moderate age and efficiency, with no major defects observed but no recent high-efficiency upgrades."
shc_0439,4,20.0,3,30.0,3,0.9,4,3.5,4,4,"Blown-in insulation is present in the attic to a depth of approximately 10 inches, providing good thermal resistance. The HVAC system was recently replaced with a standard high-efficiency model and is expected to operate efficiently."
shc_0440,4,20.0,3,30.0,3,0.9,5,4.0,4,4,"Blown-in insulation is present in the attic to a depth of approximately 10 inches, providing good thermal resistance. The HVAC system was recently replaced with a standard high-efficiency model and is expected to operate efficiently."
shc_0441,4,20.0,3,30.0,4,0.95,1,1.0,3,4,"Blown-in insulation is present in the attic to a depth of approximately 10 inches, providing good thermal resistance. The home has a functioning central HVAC system of moderate age and efficiency, with no major defects observed but no recent high-efficiency upgrades."
shc_0442,4,20.0,3,30.0,4,0.95,2,2.0,3,4,"Blown-in insulation is present in the attic to a depth of approximately 10 inches, providing good thermal resistance. The home has a functioning central HVAC system of moderate age and efficiency, with no major defects observed but no recent high-efficiency upgrades."
shc_0443,4,20.0,3,30.0,4,0.95,3,3.0,4,4,"Blown-in insulation is present in the attic to a depth of approximately 10 inches, providing good thermal resistance. The HVAC system was recently replaced with a standard high-efficiency model and is expected to operate efficiently."
shc_0444,4,20.0,3,30.0,4,0.95,4,3.5,4,4,"Blown-in insulation is present in the attic to a depth of approximately 10 inches, providing good thermal resistance. The HVAC system was recently replaced with a standard high-efficiency model and is expected to operate efficiently."
shc_0445,4,20.0,3,30.0,4,0.95,5,4.0,5,4,"Blown-in insulation is present in the attic to a depth of approximately 10 inches, providing good thermal resistance. A state-of-the-art HVAC system with smart thermostats and variable-speed compressors was recently installed, maximizing energy efficiency."
shc_0446,4,20.0,3,30.0,5,1.0,1,1.0,3,4,"Blown-in insulation is present in the attic to a depth of approximately 10 inches, providing good thermal resistance. The home has a functioning central HVAC system of moderate age and efficiency, with no major defects observed but no recent high-efficiency upgrades."
shc_0447,4,20.0,3,30.0,5,1.0,2,2.0,4,4,"Blown-in insulation is present in the attic to a depth of approximately 10 inches, providing good thermal resistance. The HVAC system was recently replaced with a standard high-efficiency model and is expected to operate efficiently."
shc_0448,4,20.0,3,30.0,5,1.0,3,3.0,4,4,"Blown-in insulation is present in the attic to a depth of approximately 10 inches, providing good thermal resistance. The HVAC system was recently replaced with a standard high-efficiency model and is expected to operate efficiently."
shc_0449,4,20.0,3,30.0,5,1.0,4,3.5,5,4,"Blown-in insulation is present in the attic to a depth of approximately 10 inches, providing good thermal resistance. A state-of-the-art HVAC system with smart thermostats and variable-speed compressors was recently installed, maximizing energy efficiency."
shc_0450,4,20.0,3,30.0,5,1.0,5,4.0,5,4,"Blown-in insulation is present in the attic to a depth of approximately 10 inches, providing good thermal resistance. A state-of-the-art HVAC system with smart thermostats and variable-speed compressors was recently installed, maximizing energy efficiency."
shc_0451,4,20.0,4,40.0,1,0.7,1,1.0,1,4,"Blown-in insulation is present in the attic to a depth of approximately 10 inches, providing good thermal resistance. The home has an aging central HVAC system showing substantial exterior corrosion and poor operating efficiency."
shc_0452,4,20.0,4,40.0,1,0.7,2,2.0,2,4,"Blown-in insulation is present in the attic to a depth of approximately 10 inches, providing good thermal resistance. The HVAC system appears to be in working condition but is an older standard-efficiency model."
shc_0453,4,20.0,4,40.0,1,0.7,3,3.0,2,4,"Blown-in insulation is present in the attic to a depth of approximately 10 inches, providing good thermal resistance. The HVAC system appears to be in working condition but is an older standard-efficiency model."
shc_0454,4,20.0,4,40.0,1,0.7,4,3.5,3,4,"Blown-in insulation is present in the attic to a depth of approximately 10 inches, providing good thermal resistance. The home has a functioning central HVAC system of moderate age and efficiency, with no major defects observed but no recent high-efficiency upgrades."
shc_0455,4,20.0,4,40.0,1,0.7,5,4.0,3,4,"Blown-in insulation is present in the attic to a depth of approximately 10 inches, providing good thermal resistance. The home has a functioning central HVAC system of moderate age and efficiency, with no major defects observed but no recent high-efficiency upgrades."
shc_0456,4,20.0,4,40.0,2,0.8,1,1.0,2,4,"Blown-in insulation is present in the attic to a depth of approximately 10 inches, providing good thermal resistance. The HVAC system appears to be in working condition but is an older standard-efficiency model."
shc_0457,4,20.0,4,40.0,2,0.8,2,2.0,2,4,"Blown-in insulation is present in the attic to a depth of approximately 10 inches, providing good thermal resistance. The HVAC system appears to be in working condition but is an older standard-efficiency model."
shc_0458,4,20.0,4,40.0,2,0.8,3,3.0,3,4,"Blown-in insulation is present in the attic to a depth of approximately 10 inches, providing good thermal resistance. The home has a functioning central HVAC system of moderate age and efficiency, with no major defects observed but no recent high-efficiency upgrades."
shc_0459,4,20.0,4,40.0,2,0.8,4,3.5,3,4,"Blown-in insulation is present in the attic to a depth of approximately 10 inches, providing good thermal resistance. The home has a functioning central HVAC system of moderate age and efficiency, with no major defects observed but no recent high-efficiency upgrades."
shc_0460,4,20.0,4,40.0,2,0.8,5,4.0,4,4,"Blown-in insulation is present in the attic to a depth of approximately 10 inches, providing good thermal resistance. The HVAC system was recently replaced with a standard high-efficiency model and is expected to operate efficiently."
shc_0461,4,20.0,4,40.0,3,0.9,1,1.0,2,4,"Blown-in insulation is present in the attic to a depth of approximately 10 inches, providing good thermal resistance. The HVAC system appears to be in working condition but is an older standard-efficiency model."
shc_0462,4,20.0,4,40.0,3,0.9,2,2.0,3,4,"Blown-in insulation is present in the attic to a depth of approximately 10 inches, providing good thermal resistance. The home has a functioning central HVAC system of moderate age and efficiency, with no major defects observed but no recent high-efficiency upgrades."
shc_0463,4,20.0,4,40.0,3,0.9,3,3.0,3,4,"Blown-in insulation is present in the attic to a depth of approximately 10 inches, providing good thermal resistance. The home has a functioning central HVAC system of moderate age and efficiency, with no major defects observed but no recent high-efficiency upgrades."
shc_0464,4,20.0,4,40.0,3,0.9,4,3.5,4,4,"Blown-in insulation is present in the attic to a depth of approximately 10 inches, providing good thermal resistance. The HVAC system was recently replaced with a standard high-efficiency model and is expected to operate efficiently."
shc_0465,4,20.0,4,40.0,3,0.9,5,4.0,4,4,"Blown-in insulation is present in the attic to a depth of approximately 10 inches, providing good thermal resistance. The HVAC system was recently replaced with a standard high-efficiency model and is expected to operate efficiently."
shc_0466,4,20.0,4,40.0,4,0.95,1,1.0,3,4,"Blown-in insulation is present in the attic to a depth of approximately 10 inches, providing good thermal resistance. The home has a functioning central HVAC system of moderate age and efficiency, with no major defects observed but no recent high-efficiency upgrades."
shc_0467,4,20.0,4,40.0,4,0.95,2,2.0,3,4,"Blown-in insulation is present in the attic to a depth of approximately 10 inches, providing good thermal resistance. The home has a functioning central HVAC system of moderate age and efficiency, with no major defects observed but no recent high-efficiency upgrades."
shc_0468,4,20.0,4,40.0,4,0.95,3,3.0,4,4,"Blown-in insulation is present in the attic to a depth of approximately 10 inches, providing good thermal resistance. The HVAC system was recently replaced with a standard high-efficiency model and is expected to operate efficiently."
shc_0469,4,20.0,4,40.0,4,0.95,4,3.5,4,4,"Blown-in insulation is present in the attic to a depth of approximately 10 inches, providing good thermal resistance. The HVAC system was recently replaced with a standard high-efficiency model and is expected to operate efficiently."
shc_0470,4,20.0,4,40.0,4,0.95,5,4.0,5,4,"Blown-in insulation is present in the attic to a depth of approximately 10 inches, providing good thermal resistance. A state-of-the-art HVAC system with smart thermostats and variable-speed compressors was recently installed, maximizing energy efficiency."
shc_0471,4,20.0,4,40.0,5,1.0,1,1.0,3,4,"Blown-in insulation is present in the attic to a depth of approximately 10 inches, providing good thermal resistance. The home has a functioning central HVAC system of moderate age and efficiency, with no major defects observed but no recent high-efficiency upgrades."
shc_0472,4,20.0,4,40.0,5,1.0,2,2.0,4,4,"Blown-in insulation is present in the attic to a depth of approximately 10 inches, providing good thermal resistance. The HVAC system was recently replaced with a standard high-efficiency model and is expected to operate efficiently."
shc_0473,4,20.0,4,40.0,5,1.0,3,3.0,4,4,"Blown-in insulation is present in the attic to a depth of approximately 10 inches, providing good thermal resistance. The HVAC system was recently replaced with a standard high-efficiency model and is expected to operate efficiently."
shc_0474,4,20.0,4,40.0,5,1.0,4,3.5,5,4,"Blown-in insulation is present in the attic to a depth of approximately 10 inches, providing good thermal resistance. A state-of-the-art HVAC system with smart thermostats and variable-speed compressors was recently installed, maximizing energy efficiency."
shc_0475,4,20.0,4,40.0,5,1.0,5,4.0,5,4,"Blown-in insulation is present in the attic to a depth of approximately 10 inches, providing good thermal resistance. A state-of-the-art HVAC system with smart thermostats and variable-speed compressors was recently installed, maximizing energy efficiency."
shc_0476,4,20.0,5,50.0,1,0.7,1,1.0,1,5,"High-performance spray foam insulation was installed throughout the walls, attic, and basement, providing maximum energy efficiency. The home has an aging central HVAC system showing substantial exterior corrosion and poor operating efficiency."
shc_0477,4,20.0,5,50.0,1,0.7,2,2.0,2,5,"High-performance spray foam insulation was installed throughout the walls, attic, and basement, providing maximum energy efficiency. The HVAC system appears to be in working condition but is an older standard-efficiency model."
shc_0478,4,20.0,5,50.0,1,0.7,3,3.0,2,5,"High-performance spray foam insulation was installed throughout the walls, attic, and basement, providing maximum energy efficiency. The HVAC system appears to be in working condition but is an older standard-efficiency model."
shc_0479,4,20.0,5,50.0,1,0.7,4,3.5,3,5,"High-performance spray foam insulation was installed throughout the walls, attic, and basement, providing maximum energy efficiency. The home has a functioning central HVAC system of moderate age and efficiency, with no major defects observed but no recent high-efficiency upgrades."
shc_0480,4,20.0,5,50.0,1,0.7,5,4.0,3,5,"High-performance spray foam insulation was installed throughout the walls, attic, and basement, providing maximum energy efficiency. The home has a functioning central HVAC system of moderate age and efficiency, with no major defects observed but no recent high-efficiency upgrades."
shc_0481,4,20.0,5,50.0,2,0.8,1,1.0,2,5,"High-performance spray foam insulation was installed throughout the walls, attic, and basement, providing maximum energy efficiency. The HVAC system appears to be in working condition but is an older standard-efficiency model."
shc_0482,4,20.0,5,50.0,2,0.8,2,2.0,2,5,"High-performance spray foam insulation was installed throughout the walls, attic, and basement, providing maximum energy efficiency. The HVAC system appears to be in working condition but is an older standard-efficiency model."
shc_0483,4,20.0,5,50.0,2,0.8,3,3.0,3,5,"High-performance spray foam insulation was installed throughout the walls, attic, and basement, providing maximum energy efficiency. The home has a functioning central HVAC system of moderate age and efficiency, with no major defects observed but no recent high-efficiency upgrades."
shc_0484,4,20.0,5,50.0,2,0.8,4,3.5,3,5,"High-performance spray foam insulation was installed throughout the walls, attic, and basement, providing maximum energy efficiency. The home has a functioning central HVAC system of moderate age and efficiency, with no major defects observed but no recent high-efficiency upgrades."
shc_0485,4,20.0,5,50.0,2,0.8,5,4.0,4,5,"High-performance spray foam insulation was installed throughout the walls, attic, and basement, providing maximum energy efficiency. The HVAC system was recently replaced with a standard high-efficiency model and is expected to operate efficiently."
shc_0486,4,20.0,5,50.0,3,0.9,1,1.0,2,5,"High-performance spray foam insulation was installed throughout the walls, attic, and basement, providing maximum energy efficiency. The HVAC system appears to be in working condition but is an older standard-efficiency model."
shc_0487,4,20.0,5,50.0,3,0.9,2,2.0,3,5,"High-performance spray foam insulation was installed throughout the walls, attic, and basement, providing maximum energy efficiency. The home has a functioning central HVAC system of moderate age and efficiency, with no major defects observed but no recent high-efficiency upgrades."
shc_0488,4,20.0,5,50.0,3,0.9,3,3.0,3,5,"High-performance spray foam insulation was installed throughout the walls, attic, and basement, providing maximum energy efficiency. The home has a functioning central HVAC system of moderate age and efficiency, with no major defects observed but no recent high-efficiency upgrades."
shc_0489,4,20.0,5,50.0,3,0.9,4,3.5,4,5,"High-performance spray foam insulation was installed throughout the walls, attic, and basement, providing maximum energy efficiency. The HVAC system was recently replaced with a standard high-efficiency model and is expected to operate efficiently."
shc_0490,4,20.0,5,50.0,3,0.9,5,4.0,4,5,"High-performance spray foam insulation was installed throughout the walls, attic, and basement, providing maximum energy efficiency. The HVAC system was recently replaced with a standard high-efficiency model and is expected to operate efficiently."
shc_0491,4,20.0,5,50.0,4,0.95,1,1.0,3,5,"High-performance spray foam insulation was installed throughout the walls, attic, and basement, providing maximum energy efficiency. The home has a functioning central HVAC system of moderate age and efficiency, with no major defects observed but no recent high-efficiency upgrades."
shc_0492,4,20.0,5,50.0,4,0.95,2,2.0,3,5,"High-performance spray foam insulation was installed throughout the walls, attic, and basement, providing maximum energy efficiency. The home has a functioning central HVAC system of moderate age and efficiency, with no major defects observed but no recent high-efficiency upgrades."
shc_0493,4,20.0,5,50.0,4,0.95,3,3.0,4,5,"High-performance spray foam insulation was installed throughout the walls, attic, and basement, providing maximum energy efficiency. The HVAC system was recently replaced with a standard high-efficiency model and is expected to operate efficiently."
shc_0494,4,20.0,5,50.0,4,0.95,4,3.5,4,5,"High-performance spray foam insulation was installed throughout the walls, attic, and basement, providing maximum energy efficiency. The HVAC system was recently replaced with a standard high-efficiency model and is expected to operate efficiently."
shc_0495,4,20.0,5,50.0,4,0.95,5,4.0,5,5,"High-performance spray foam insulation was installed throughout the walls, attic, and basement, providing maximum energy efficiency. A state-of-the-art HVAC system with smart thermostats and variable-speed compressors was recently installed, maximizing energy efficiency."
shc_0496,4,20.0,5,50.0,5,1.0,1,1.0,3,5,"High-performance spray foam insulation was installed throughout the walls, attic, and basement, providing maximum energy efficiency. The home has a functioning central HVAC system of moderate age and efficiency, with no major defects observed but no recent high-efficiency upgrades."
shc_0497,4,20.0,5,50.0,5,1.0,2,2.0,4,5,"High-performance spray foam insulation was installed throughout the walls, attic, and basement, providing maximum energy efficiency. The HVAC system was recently replaced with a standard high-efficiency model and is expected to operate efficiently."
shc_0498,4,20.0,5,50.0,5,1.0,3,3.0,4,5,"High-performance spray foam insulation was installed throughout the walls, attic, and basement, providing maximum energy efficiency. The HVAC system was recently replaced with a standard high-efficiency model and is expected to operate efficiently."
shc_0499,4,20.0,5,50.0,5,1.0,4,3.5,5,5,"High-performance spray foam insulation was installed throughout the walls, attic, and basement, providing maximum energy efficiency. A state-of-the-art HVAC system with smart thermostats and variable-speed compressors was recently installed, maximizing energy efficiency."
shc_0500,4,20.0,5,50.0,5,1.0,5,4.0,5,5,"High-performance spray foam insulation was installed throughout the walls, attic, and basement, providing maximum energy efficiency. A state-of-the-art HVAC system with smart thermostats and variable-speed compressors was recently installed, maximizing energy efficiency."
shc_0501,5,30.0,1,10.0,1,0.7,1,1.0,1,3,"Walls appear to be adequately insulated based on construction year, though no upgrades were observed. The home has an aging central HVAC system showing substantial exterior corrosion and poor operating efficiency."
shc_0502,5,30.0,1,10.0,1,0.7,2,2.0,2,3,"Walls appear to be adequately insulated based on construction year, though no upgrades were observed. The HVAC system appears to be in working condition but is an older standard-efficiency model."
shc_0503,5,30.0,1,10.0,1,0.7,3,3.0,2,3,"Walls appear to be adequately insulated based on construction year, though no upgrades were observed. The HVAC system appears to be in working condition but is an older standard-efficiency model."
shc_0504,5,30.0,1,10.0,1,0.7,4,3.5,3,3,"Walls appear to be adequately insulated based on construction year, though no upgrades were observed. The home has a functioning central HVAC system of moderate age and efficiency, with no major defects observed but no recent high-efficiency upgrades."
shc_0505,5,30.0,1,10.0,1,0.7,5,4.0,3,3,"Walls appear to be adequately insulated based on construction year, though no upgrades were observed. The home has a functioning central HVAC system of moderate age and efficiency, with no major defects observed but no recent high-efficiency upgrades."
shc_0506,5,30.0,1,10.0,2,0.8,1,1.0,2,3,"Walls appear to be adequately insulated based on construction year, though no upgrades were observed. The HVAC system appears to be in working condition but is an older standard-efficiency model."
shc_0507,5,30.0,1,10.0,2,0.8,2,2.0,2,3,"Walls appear to be adequately insulated based on construction year, though no upgrades were observed. The HVAC system appears to be in working condition but is an older standard-efficiency model."
shc_0508,5,30.0,1,10.0,2,0.8,3,3.0,3,3,"Walls appear to be adequately insulated based on construction year, though no upgrades were observed. The home has a functioning central HVAC system of moderate age and efficiency, with no major defects observed but no recent high-efficiency upgrades."
shc_0509,5,30.0,1,10.0,2,0.8,4,3.5,3,3,"Walls appear to be adequately insulated based on construction year, though no upgrades were observed. The home has a functioning central HVAC system of moderate age and efficiency, with no major defects observed but no recent high-efficiency upgrades."
shc_0510,5,30.0,1,10.0,2,0.8,5,4.0,4,3,"Walls appear to be adequately insulated based on construction year, though no upgrades were observed. The HVAC system was recently replaced with a standard high-efficiency model and is expected to operate efficiently."
shc_0511,5,30.0,1,10.0,3,0.9,1,1.0,2,3,"Walls appear to be adequately insulated based on construction year, though no upgrades were observed. The HVAC system appears to be in working condition but is an older standard-efficiency model."
shc_0512,5,30.0,1,10.0,3,0.9,2,2.0,3,3,"Walls appear to be adequately insulated based on construction year, though no upgrades were observed. The home has a functioning central HVAC system of moderate age and efficiency, with no major defects observed but no recent high-efficiency upgrades."
shc_0513,5,30.0,1,10.0,3,0.9,3,3.0,3,3,"Walls appear to be adequately insulated based on construction year, though no upgrades were observed. The home has a functioning central HVAC system of moderate age and efficiency, with no major defects observed but no recent high-efficiency upgrades."
shc_0514,5,30.0,1,10.0,3,0.9,4,3.5,4,3,"Walls appear to be adequately insulated based on construction year, though no upgrades were observed. The HVAC system was recently replaced with a standard high-efficiency model and is expected to operate efficiently."
shc_0515,5,30.0,1,10.0,3,0.9,5,4.0,4,3,"Walls appear to be adequately insulated based on construction year, though no upgrades were observed. The HVAC system was recently replaced with a standard high-efficiency model and is expected to operate efficiently."
shc_0516,5,30.0,1,10.0,4,0.95,1,1.0,3,3,"Walls appear to be adequately insulated based on construction year, though no upgrades were observed. The home has a functioning central HVAC system of moderate age and efficiency, with no major defects observed but no recent high-efficiency upgrades."
shc_0517,5,30.0,1,10.0,4,0.95,2,2.0,3,3,"Walls appear to be adequately insulated based on construction year, though no upgrades were observed. The home has a functioning central HVAC system of moderate age and efficiency, with no major defects observed but no recent high-efficiency upgrades."
shc_0518,5,30.0,1,10.0,4,0.95,3,3.0,4,3,"Walls appear to be adequately insulated based on construction year, though no upgrades were observed. The HVAC system was recently replaced with a standard high-efficiency model and is expected to operate efficiently."
shc_0519,5,30.0,1,10.0,4,0.95,4,3.5,4,3,"Walls appear to be adequately insulated based on construction year, though no upgrades were observed. The HVAC system was recently replaced with a standard high-efficiency model and is expected to operate efficiently."
shc_0520,5,30.0,1,10.0,4,0.95,5,4.0,5,3,"Walls appear to be adequately insulated based on construction year, though no upgrades were observed. A state-of-the-art HVAC system with smart thermostats and variable-speed compressors was recently installed, maximizing energy efficiency."
shc_0521,5,30.0,1,10.0,5,1.0,1,1.0,3,3,"Walls appear to be adequately insulated based on construction year, though no upgrades were observed. The home has a functioning central HVAC system of moderate age and efficiency, with no major defects observed but no recent high-efficiency upgrades."
shc_0522,5,30.0,1,10.0,5,1.0,2,2.0,4,3,"Walls appear to be adequately insulated based on construction year, though no upgrades were observed. The HVAC system was recently replaced with a standard high-efficiency model and is expected to operate efficiently."
shc_0523,5,30.0,1,10.0,5,1.0,3,3.0,4,3,"Walls appear to be adequately insulated based on construction year, though no upgrades were observed. The HVAC system was recently replaced with a standard high-efficiency model and is expected to operate efficiently."
shc_0524,5,30.0,1,10.0,5,1.0,4,3.5,5,3,"Walls appear to be adequately insulated based on construction year, though no upgrades were observed. A state-of-the-art HVAC system with smart thermostats and variable-speed compressors was recently installed, maximizing energy efficiency."
shc_0525,5,30.0,1,10.0,5,1.0,5,4.0,5,3,"Walls appear to be adequately insulated based on construction year, though no upgrades were observed. A state-of-the-art HVAC system with smart thermostats and variable-speed compressors was recently installed, maximizing energy efficiency."
shc_0526,5,30.0,2,20.0,1,0.7,1,1.0,1,4,"Blown-in insulation is present in the attic to a depth of approximately 10 inches, providing good thermal resistance. The home has an aging central HVAC system showing substantial exterior corrosion and poor operating efficiency."
shc_0527,5,30.0,2,20.0,1,0.7,2,2.0,2,4,"Blown-in insulation is present in the attic to a depth of approximately 10 inches, providing good thermal resistance. The HVAC system appears to be in working condition but is an older standard-efficiency model."
shc_0528,5,30.0,2,20.0,1,0.7,3,3.0,2,4,"Blown-in insulation is present in the attic to a depth of approximately 10 inches, providing good thermal resistance. The HVAC system appears to be in working condition but is an older standard-efficiency model."
shc_0529,5,30.0,2,20.0,1,0.7,4,3.5,3,4,"Blown-in insulation is present in the attic to a depth of approximately 10 inches, providing good thermal resistance. The home has a functioning central HVAC system of moderate age and efficiency, with no major defects observed but no recent high-efficiency upgrades."
shc_0530,5,30.0,2,20.0,1,0.7,5,4.0,3,4,"Blown-in insulation is present in the attic to a depth of approximately 10 inches, providing good thermal resistance. The home has a functioning central HVAC system of moderate age and efficiency, with no major defects observed but no recent high-efficiency upgrades."
shc_0531,5,30.0,2,20.0,2,0.8,1,1.0,2,4,"Blown-in insulation is present in the attic to a depth of approximately 10 inches, providing good thermal resistance. The HVAC system appears to be in working condition but is an older standard-efficiency model."
shc_0532,5,30.0,2,20.0,2,0.8,2,2.0,2,4,"Blown-in insulation is present in the attic to a depth of approximately 10 inches, providing good thermal resistance. The HVAC system appears to be in working condition but is an older standard-efficiency model."
shc_0533,5,30.0,2,20.0,2,0.8,3,3.0,3,4,"Blown-in insulation is present in the attic to a depth of approximately 10 inches, providing good thermal resistance. The home has a functioning central HVAC system of moderate age and efficiency, with no major defects observed but no recent high-efficiency upgrades."
shc_0534,5,30.0,2,20.0,2,0.8,4,3.5,3,4,"Blown-in insulation is present in the attic to a depth of approximately 10 inches, providing good thermal resistance. The home has a functioning central HVAC system of moderate age and efficiency, with no major defects observed but no recent high-efficiency upgrades."
shc_0535,5,30.0,2,20.0,2,0.8,5,4.0,4,4,"Blown-in insulation is present in the attic to a depth of approximately 10 inches, providing good thermal resistance. The HVAC system was recently replaced with a standard high-efficiency model and is expected to operate efficiently."
shc_0536,5,30.0,2,20.0,3,0.9,1,1.0,2,4,"Blown-in insulation is present in the attic to a depth of approximately 10 inches, providing good thermal resistance. The HVAC system appears to be in working condition but is an older standard-efficiency model."
shc_0537,5,30.0,2,20.0,3,0.9,2,2.0,3,4,"Blown-in insulation is present in the attic to a depth of approximately 10 inches, providing good thermal resistance. The home has a functioning central HVAC system of moderate age and efficiency, with no major defects observed but no recent high-efficiency upgrades."
shc_0538,5,30.0,2,20.0,3,0.9,3,3.0,3,4,"Blown-in insulation is present in the attic to a depth of approximately 10 inches, providing good thermal resistance. The home has a functioning central HVAC system of moderate age and efficiency, with no major defects observed but no recent high-efficiency upgrades."
shc_0539,5,30.0,2,20.0,3,0.9,4,3.5,4,4,"Blown-in insulation is present in the attic to a depth of approximately 10 inches, providing good thermal resistance. The HVAC system was recently replaced with a standard high-efficiency model and is expected to operate efficiently."
shc_0540,5,30.0,2,20.0,3,0.9,5,4.0,4,4,"Blown-in insulation is present in the attic to a depth of approximately 10 inches, providing good thermal resistance. The HVAC system was recently replaced with a standard high-efficiency model and is expected to operate efficiently."
shc_0541,5,30.0,2,20.0,4,0.95,1,1.0,3,4,"Blown-in insulation is present in the attic to a depth of approximately 10 inches, providing good thermal resistance. The home has a functioning central HVAC system of moderate age and efficiency, with no major defects observed but no recent high-efficiency upgrades."
shc_0542,5,30.0,2,20.0,4,0.95,2,2.0,3,4,"Blown-in insulation is present in the attic to a depth of approximately 10 inches, providing good thermal resistance. The home has a functioning central HVAC system of moderate age and efficiency, with no major defects observed but no recent high-efficiency upgrades."
shc_0543,5,30.0,2,20.0,4,0.95,3,3.0,4,4,"Blown-in insulation is present in the attic to a depth of approximately 10 inches, providing good thermal resistance. The HVAC system was recently replaced with a standard high-efficiency model and is expected to operate efficiently."
shc_0544,5,30.0,2,20.0,4,0.95,4,3.5,4,4,"Blown-in insulation is present in the attic to a depth of approximately 10 inches, providing good thermal resistance. The HVAC system was recently replaced with a standard high-efficiency model and is expected to operate efficiently."
shc_0545,5,30.0,2,20.0,4,0.95,5,4.0,5,4,"Blown-in insulation is present in the attic to a depth of approximately 10 inches, providing good thermal resistance. A state-of-the-art HVAC system with smart thermostats and variable-speed compressors was recently installed, maximizing energy efficiency."
shc_0546,5,30.0,2,20.0,5,1.0,1,1.0,3,4,"Blown-in insulation is present in the attic to a depth of approximately 10 inches, providing good thermal resistance. The home has a functioning central HVAC system of moderate age and efficiency, with no major defects observed but no recent high-efficiency upgrades."
shc_0547,5,30.0,2,20.0,5,1.0,2,2.0,4,4,"Blown-in insulation is present in the attic to a depth of approximately 10 inches, providing good thermal resistance. The HVAC system was recently replaced with a standard high-efficiency model and is expected to operate efficiently."
shc_0548,5,30.0,2,20.0,5,1.0,3,3.0,4,4,"Blown-in insulation is present in the attic to a depth of approximately 10 inches, providing good thermal resistance. The HVAC system was recently replaced with a standard high-efficiency model and is expected to operate efficiently."
shc_0549,5,30.0,2,20.0,5,1.0,4,3.5,5,4,"Blown-in insulation is present in the attic to a depth of approximately 10 inches, providing good thermal resistance. A state-of-the-art HVAC system with smart thermostats and variable-speed compressors was recently installed, maximizing energy efficiency."
shc_0550,5,30.0,2,20.0,5,1.0,5,4.0,5,4,"Blown-in insulation is present in the attic to a depth of approximately 10 inches, providing good thermal resistance. A state-of-the-art HVAC system with smart thermostats and variable-speed compressors was recently installed, maximizing energy efficiency."
shc_0551,5,30.0,3,30.0,1,0.7,1,1.0,1,4,"Blown-in insulation is present in the attic to a depth of approximately 10 inches, providing good thermal resistance. The home has an aging central HVAC system showing substantial exterior corrosion and poor operating efficiency."
shc_0552,5,30.0,3,30.0,1,0.7,2,2.0,2,4,"Blown-in insulation is present in the attic to a depth of approximately 10 inches, providing good thermal resistance. The HVAC system appears to be in working condition but is an older standard-efficiency model."
shc_0553,5,30.0,3,30.0,1,0.7,3,3.0,2,4,"Blown-in insulation is present in the attic to a depth of approximately 10 inches, providing good thermal resistance. The HVAC system appears to be in working condition but is an older standard-efficiency model."
shc_0554,5,30.0,3,30.0,1,0.7,4,3.5,3,4,"Blown-in insulation is present in the attic to a depth of approximately 10 inches, providing good thermal resistance. The home has a functioning central HVAC system of moderate age and efficiency, with no major defects observed but no recent high-efficiency upgrades."
shc_0555,5,30.0,3,30.0,1,0.7,5,4.0,3,4,"Blown-in insulation is present in the attic to a depth of approximately 10 inches, providing good thermal resistance. The home has a functioning central HVAC system of moderate age and efficiency, with no major defects observed but no recent high-efficiency upgrades."
shc_0556,5,30.0,3,30.0,2,0.8,1,1.0,2,4,"Blown-in insulation is present in the attic to a depth of approximately 10 inches, providing good thermal resistance. The HVAC system appears to be in working condition but is an older standard-efficiency model."
shc_0557,5,30.0,3,30.0,2,0.8,2,2.0,2,4,"Blown-in insulation is present in the attic to a depth of approximately 10 inches, providing good thermal resistance. The HVAC system appears to be in working condition but is an older standard-efficiency model."
shc_0558,5,30.0,3,30.0,2,0.8,3,3.0,3,4,"Blown-in insulation is present in the attic to a depth of approximately 10 inches, providing good thermal resistance. The home has a functioning central HVAC system of moderate age and efficiency, with no major defects observed but no recent high-efficiency upgrades."
shc_0559,5,30.0,3,30.0,2,0.8,4,3.5,3,4,"Blown-in insulation is present in the attic to a depth of approximately 10 inches, providing good thermal resistance. The home has a functioning central HVAC system of moderate age and efficiency, with no major defects observed but no recent high-efficiency upgrades."
shc_0560,5,30.0,3,30.0,2,0.8,5,4.0,4,4,"Blown-in insulation is present in the attic to a depth of approximately 10 inches, providing good thermal resistance. The HVAC system was recently replaced with a standard high-efficiency model and is expected to operate efficiently."
shc_0561,5,30.0,3,30.0,3,0.9,1,1.0,2,4,"Blown-in insulation is present in the attic to a depth of approximately 10 inches, providing good thermal resistance. The HVAC system appears to be in working condition but is an older standard-efficiency model."
shc_0562,5,30.0,3,30.0,3,0.9,2,2.0,3,4,"Blown-in insulation is present in the attic to a depth of approximately 10 inches, providing good thermal resistance. The home has a functioning central HVAC system of moderate age and efficiency, with no major defects observed but no recent high-efficiency upgrades."
shc_0563,5,30.0,3,30.0,3,0.9,3,3.0,3,4,"Blown-in insulation is present in the attic to a depth of approximately 10 inches, providing good thermal resistance. The home has a functioning central HVAC system of moderate age and efficiency, with no major defects observed but no recent high-efficiency upgrades."
shc_0564,5,30.0,3,30.0,3,0.9,4,3.5,4,4,"Blown-in insulation is present in the attic to a depth of approximately 10 inches, providing good thermal resistance. The HVAC system was recently replaced with a standard high-efficiency model and is expected to operate efficiently."
shc_0565,5,30.0,3,30.0,3,0.9,5,4.0,4,4,"Blown-in insulation is present in the attic to a depth of approximately 10 inches, providing good thermal resistance. The HVAC system was recently replaced with a standard high-efficiency model and is expected to operate efficiently."
shc_0566,5,30.0,3,30.0,4,0.95,1,1.0,3,4,"Blown-in insulation is present in the attic to a depth of approximately 10 inches, providing good thermal resistance. The home has a functioning central HVAC system of moderate age and efficiency, with no major defects observed but no recent high-efficiency upgrades."
shc_0567,5,30.0,3,30.0,4,0.95,2,2.0,3,4,"Blown-in insulation is present in the attic to a depth of approximately 10 inches, providing good thermal resistance. The home has a functioning central HVAC system of moderate age and efficiency, with no major defects observed but no recent high-efficiency upgrades."
shc_0568,5,30.0,3,30.0,4,0.95,3,3.0,4,4,"Blown-in insulation is present in the attic to a depth of approximately 10 inches, providing good thermal resistance. The HVAC system was recently replaced with a standard high-efficiency model and is expected to operate efficiently."
shc_0569,5,30.0,3,30.0,4,0.95,4,3.5,4,4,"Blown-in insulation is present in the attic to a depth of approximately 10 inches, providing good thermal resistance. The HVAC system was recently replaced with a standard high-efficiency model and is expected to operate efficiently."
shc_0570,5,30.0,3,30.0,4,0.95,5,4.0,5,4,"Blown-in insulation is present in the attic to a depth of approximately 10 inches, providing good thermal resistance. A state-of-the-art HVAC system with smart thermostats and variable-speed compressors was recently installed, maximizing energy efficiency."
shc_0571,5,30.0,3,30.0,5,1.0,1,1.0,3,4,"Blown-in insulation is present in the attic to a depth of approximately 10 inches, providing good thermal resistance. The home has a functioning central HVAC system of moderate age and efficiency, with no major defects observed but no recent high-efficiency upgrades."
shc_0572,5,30.0,3,30.0,5,1.0,2,2.0,4,4,"Blown-in insulation is present in the attic to a depth of approximately 10 inches, providing good thermal resistance. The HVAC system was recently replaced with a standard high-efficiency model and is expected to operate efficiently."
shc_0573,5,30.0,3,30.0,5,1.0,3,3.0,4,4,"Blown-in insulation is present in the attic to a depth of approximately 10 inches, providing good thermal resistance. The HVAC system was recently replaced with a standard high-efficiency model and is expected to operate efficiently."
shc_0574,5,30.0,3,30.0,5,1.0,4,3.5,5,4,"Blown-in insulation is present in the attic to a depth of approximately 10 inches, providing good thermal resistance. A state-of-the-art HVAC system with smart thermostats and variable-speed compressors was recently installed, maximizing energy efficiency."
shc_0575,5,30.0,3,30.0,5,1.0,5,4.0,5,4,"Blown-in insulation is present in the attic to a depth of approximately 10 inches, providing good thermal resistance. A state-of-the-art HVAC system with smart thermostats and variable-speed compressors was recently installed, maximizing energy efficiency."
shc_0576,5,30.0,4,40.0,1,0.7,1,1.0,1,5,"High-performance spray foam insulation was installed throughout the walls, attic, and basement, providing maximum energy efficiency. The home has an aging central HVAC system showing substantial exterior corrosion and poor operating efficiency."
shc_0577,5,30.0,4,40.0,1,0.7,2,2.0,2,5,"High-performance spray foam insulation was installed throughout the walls, attic, and basement, providing maximum energy efficiency. The HVAC system appears to be in working condition but is an older standard-efficiency model."
shc_0578,5,30.0,4,40.0,1,0.7,3,3.0,2,5,"High-performance spray foam insulation was installed throughout the walls, attic, and basement, providing maximum energy efficiency. The HVAC system appears to be in working condition but is an older standard-efficiency model."
shc_0579,5,30.0,4,40.0,1,0.7,4,3.5,3,5,"High-performance spray foam insulation was installed throughout the walls, attic, and basement, providing maximum energy efficiency. The home has a functioning central HVAC system of moderate age and efficiency, with no major defects observed but no recent high-efficiency upgrades."
shc_0580,5,30.0,4,40.0,1,0.7,5,4.0,3,5,"High-performance spray foam insulation was installed throughout the walls, attic, and basement, providing maximum energy efficiency. The home has a functioning central HVAC system of moderate age and efficiency, with no major defects observed but no recent high-efficiency upgrades."
shc_0581,5,30.0,4,40.0,2,0.8,1,1.0,2,5,"High-performance spray foam insulation was installed throughout the walls, attic, and basement, providing maximum energy efficiency. The HVAC system appears to be in working condition but is an older standard-efficiency model."
shc_0582,5,30.0,4,40.0,2,0.8,2,2.0,2,5,"High-performance spray foam insulation was installed throughout the walls, attic, and basement, providing maximum energy efficiency. The HVAC system appears to be in working condition but is an older standard-efficiency model."
shc_0583,5,30.0,4,40.0,2,0.8,3,3.0,3,5,"High-performance spray foam insulation was installed throughout the walls, attic, and basement, providing maximum energy efficiency. The home has a functioning central HVAC system of moderate age and efficiency, with no major defects observed but no recent high-efficiency upgrades."
shc_0584,5,30.0,4,40.0,2,0.8,4,3.5,3,5,"High-performance spray foam insulation was installed throughout the walls, attic, and basement, providing maximum energy efficiency. The home has a functioning central HVAC system of moderate age and efficiency, with no major defects observed but no recent high-efficiency upgrades."
shc_0585,5,30.0,4,40.0,2,0.8,5,4.0,4,5,"High-performance spray foam insulation was installed throughout the walls, attic, and basement, providing maximum energy efficiency. The HVAC system was recently replaced with a standard high-efficiency model and is expected to operate efficiently."
shc_0586,5,30.0,4,40.0,3,0.9,1,1.0,2,5,"High-performance spray foam insulation was installed throughout the walls, attic, and basement, providing maximum energy efficiency. The HVAC system appears to be in working condition but is an older standard-efficiency model."
shc_0587,5,30.0,4,40.0,3,0.9,2,2.0,3,5,"High-performance spray foam insulation was installed throughout the walls, attic, and basement, providing maximum energy efficiency. The home has a functioning central HVAC system of moderate age and efficiency, with no major defects observed but no recent high-efficiency upgrades."
shc_0588,5,30.0,4,40.0,3,0.9,3,3.0,3,5,"High-performance spray foam insulation was installed throughout the walls, attic, and basement, providing maximum energy efficiency. The home has a functioning central HVAC system of moderate age and efficiency, with no major defects observed but no recent high-efficiency upgrades."
shc_0589,5,30.0,4,40.0,3,0.9,4,3.5,4,5,"High-performance spray foam insulation was installed throughout the walls, attic, and basement, providing maximum energy efficiency. The HVAC system was recently replaced with a standard high-efficiency model and is expected to operate efficiently."
shc_0590,5,30.0,4,40.0,3,0.9,5,4.0,4,5,"High-performance spray foam insulation was installed throughout the walls, attic, and basement, providing maximum energy efficiency. The HVAC system was recently replaced with a standard high-efficiency model and is expected to operate efficiently."
shc_0591,5,30.0,4,40.0,4,0.95,1,1.0,3,5,"High-performance spray foam insulation was installed throughout the walls, attic, and basement, providing maximum energy efficiency. The home has a functioning central HVAC system of moderate age and efficiency, with no major defects observed but no recent high-efficiency upgrades."
shc_0592,5,30.0,4,40.0,4,0.95,2,2.0,3,5,"High-performance spray foam insulation was installed throughout the walls, attic, and basement, providing maximum energy efficiency. The home has a functioning central HVAC system of moderate age and efficiency, with no major defects observed but no recent high-efficiency upgrades."
shc_0593,5,30.0,4,40.0,4,0.95,3,3.0,4,5,"High-performance spray foam insulation was installed throughout the walls, attic, and basement, providing maximum energy efficiency. The HVAC system was recently replaced with a standard high-efficiency model and is expected to operate efficiently."
shc_0594,5,30.0,4,40.0,4,0.95,4,3.5,4,5,"High-performance spray foam insulation was installed throughout the walls, attic, and basement, providing maximum energy efficiency. The HVAC system was recently replaced with a standard high-efficiency model and is expected to operate efficiently."
shc_0595,5,30.0,4,40.0,4,0.95,5,4.0,5,5,"High-performance spray foam insulation was installed throughout the walls, attic, and basement, providing maximum energy efficiency. A state-of-the-art HVAC system with smart thermostats and variable-speed compressors was recently installed, maximizing energy efficiency."
shc_0596,5,30.0,4,40.0,5,1.0,1,1.0,3,5,"High-performance spray foam insulation was installed throughout the walls, attic, and basement, providing maximum energy efficiency. The home has a functioning central HVAC system of moderate age and efficiency, with no major defects observed but no recent high-efficiency upgrades."
shc_0597,5,30.0,4,40.0,5,1.0,2,2.0,4,5,"High-performance spray foam insulation was installed throughout the walls, attic, and basement, providing maximum energy efficiency. The HVAC system was recently replaced with a standard high-efficiency model and is expected to operate efficiently."
shc_0598,5,30.0,4,40.0,5,1.0,3,3.0,4,5,"High-performance spray foam insulation was installed throughout the walls, attic, and basement, providing maximum energy efficiency. The HVAC system was recently replaced with a standard high-efficiency model and is expected to operate efficiently."
shc_0599,5,30.0,4,40.0,5,1.0,4,3.5,5,5,"High-performance spray foam insulation was installed throughout the walls, attic, and basement, providing maximum energy efficiency. A state-of-the-art HVAC system with smart thermostats and variable-speed compressors was recently installed, maximizing energy efficiency."
shc_0600,5,30.0,4,40.0,5,1.0,5,4.0,5,5,"High-performance spray foam insulation was installed throughout the walls, attic, and basement, providing maximum energy efficiency. A state-of-the-art HVAC system with smart thermostats and variable-speed compressors was recently installed, maximizing energy efficiency."
shc_0601,5,30.0,5,50.0,1,0.7,1,1.0,1,5,"High-performance spray foam insulation was installed throughout the walls, attic, and basement, providing maximum energy efficiency. The home has an aging central HVAC system showing substantial exterior corrosion and poor operating efficiency."
shc_0602,5,30.0,5,50.0,1,0.7,2,2.0,2,5,"High-performance spray foam insulation was installed throughout the walls, attic, and basement, providing maximum energy efficiency. The HVAC system appears to be in working condition but is an older standard-efficiency model."
shc_0603,5,30.0,5,50.0,1,0.7,3,3.0,2,5,"High-performance spray foam insulation was installed throughout the walls, attic, and basement, providing maximum energy efficiency. The HVAC system appears to be in working condition but is an older standard-efficiency model."
shc_0604,5,30.0,5,50.0,1,0.7,4,3.5,3,5,"High-performance spray foam insulation was installed throughout the walls, attic, and basement, providing maximum energy efficiency. The home has a functioning central HVAC system of moderate age and efficiency, with no major defects observed but no recent high-efficiency upgrades."
shc_0605,5,30.0,5,50.0,1,0.7,5,4.0,3,5,"High-performance spray foam insulation was installed throughout the walls, attic, and basement, providing maximum energy efficiency. The home has a functioning central HVAC system of moderate age and efficiency, with no major defects observed but no recent high-efficiency upgrades."
shc_0606,5,30.0,5,50.0,2,0.8,1,1.0,2,5,"High-performance spray foam insulation was installed throughout the walls, attic, and basement, providing maximum energy efficiency. The HVAC system appears to be in working condition but is an older standard-efficiency model."
shc_0607,5,30.0,5,50.0,2,0.8,2,2.0,2,5,"High-performance spray foam insulation was installed throughout the walls, attic, and basement, providing maximum energy efficiency. The HVAC system appears to be in working condition but is an older standard-efficiency model."
shc_0608,5,30.0,5,50.0,2,0.8,3,3.0,3,5,"High-performance spray foam insulation was installed throughout the walls, attic, and basement, providing maximum energy efficiency. The home has a functioning central HVAC system of moderate age and efficiency, with no major defects observed but no recent high-efficiency upgrades."
shc_0609,5,30.0,5,50.0,2,0.8,4,3.5,3,5,"High-performance spray foam insulation was installed throughout the walls, attic, and basement, providing maximum energy efficiency. The home has a functioning central HVAC system of moderate age and efficiency, with no major defects observed but no recent high-efficiency upgrades."
shc_0610,5,30.0,5,50.0,2,0.8,5,4.0,4,5,"High-performance spray foam insulation was installed throughout the walls, attic, and basement, providing maximum energy efficiency. The HVAC system was recently replaced with a standard high-efficiency model and is expected to operate efficiently."
shc_0611,5,30.0,5,50.0,3,0.9,1,1.0,2,5,"High-performance spray foam insulation was installed throughout the walls, attic, and basement, providing maximum energy efficiency. The HVAC system appears to be in working condition but is an older standard-efficiency model."
shc_0612,5,30.0,5,50.0,3,0.9,2,2.0,3,5,"High-performance spray foam insulation was installed throughout the walls, attic, and basement, providing maximum energy efficiency. The home has a functioning central HVAC system of moderate age and efficiency, with no major defects observed but no recent high-efficiency upgrades."
shc_0613,5,30.0,5,50.0,3,0.9,3,3.0,3,5,"High-performance spray foam insulation was installed throughout the walls, attic, and basement, providing maximum energy efficiency. The home has a functioning central HVAC system of moderate age and efficiency, with no major defects observed but no recent high-efficiency upgrades."
shc_0614,5,30.0,5,50.0,3,0.9,4,3.5,4,5,"High-performance spray foam insulation was installed throughout the walls, attic, and basement, providing maximum energy efficiency. The HVAC system was recently replaced with a standard high-efficiency model and is expected to operate efficiently."
shc_0615,5,30.0,5,50.0,3,0.9,5,4.0,4,5,"High-performance spray foam insulation was installed throughout the walls, attic, and basement, providing maximum energy efficiency. The HVAC system was recently replaced with a standard high-efficiency model and is expected to operate efficiently."
shc_0616,5,30.0,5,50.0,4,0.95,1,1.0,3,5,"High-performance spray foam insulation was installed throughout the walls, attic, and basement, providing maximum energy efficiency. The home has a functioning central HVAC system of moderate age and efficiency, with no major defects observed but no recent high-efficiency upgrades."
shc_0617,5,30.0,5,50.0,4,0.95,2,2.0,3,5,"High-performance spray foam insulation was installed throughout the walls, attic, and basement, providing maximum energy efficiency. The home has a functioning central HVAC system of moderate age and efficiency, with no major defects observed but no recent high-efficiency upgrades."
shc_0618,5,30.0,5,50.0,4,0.95,3,3.0,4,5,"High-performance spray foam insulation was installed throughout the walls, attic, and basement, providing maximum energy efficiency. The HVAC system was recently replaced with a standard high-efficiency model and is expected to operate efficiently."
shc_0619,5,30.0,5,50.0,4,0.95,4,3.5,4,5,"High-performance spray foam insulation was installed throughout the walls, attic, and basement, providing maximum energy efficiency. The HVAC system was recently replaced with a standard high-efficiency model and is expected to operate efficiently."
shc_0620,5,30.0,5,50.0,4,0.95,5,4.0,5,5,"High-performance spray foam insulation was installed throughout the walls, attic, and basement, providing maximum energy efficiency. A state-of-the-art HVAC system with smart thermostats and variable-speed compressors was recently installed, maximizing energy efficiency."
shc_0621,5,30.0,5,50.0,5,1.0,1,1.0,3,5,"High-performance spray foam insulation was installed throughout the walls, attic, and basement, providing maximum energy efficiency. The home has a functioning central HVAC system of moderate age and efficiency, with no major defects observed but no recent high-efficiency upgrades."
shc_0622,5,30.0,5,50.0,5,1.0,2,2.0,4,5,"High-performance spray foam insulation was installed throughout the walls, attic, and basement, providing maximum energy efficiency. The HVAC system was recently replaced with a standard high-efficiency model and is expected to operate efficiently."
shc_0623,5,30.0,5,50.0,5,1.0,3,3.0,4,5,"High-performance spray foam insulation was installed throughout the walls, attic, and basement, providing maximum energy efficiency. The HVAC system was recently replaced with a standard high-efficiency model and is expected to operate efficiently."
shc_0624,5,30.0,5,50.0,5,1.0,4,3.5,5,5,"High-performance spray foam insulation was installed throughout the walls, attic, and basement, providing maximum energy efficiency. A state-of-the-art HVAC system with smart thermostats and variable-speed compressors was recently installed, maximizing energy efficiency."
shc_0625,5,30.0,5,50.0,5,1.0,5,4.0,5,5,"High-performance spray foam insulation was installed throughout the walls, attic, and basement, providing maximum energy efficiency. A state-of-the-art HVAC system with smart thermostats and variable-speed compressors was recently installed, maximizing energy efficiency."
