concept,a_record_id,b_record_id,a_text_efficiency_level,a_structured_efficiency_level,b_text_efficiency_level,b_structured_efficiency_level,positive_support,negative_support,support_balance,fused_a,fused_b,fused_delta,passed,delta_text_hvac,delta_structured_hvac,delta_text_insulation,delta_structured_insulation
hvac,combined_hvac_text1_structured1,combined_hvac_text1_structured2,1,1,1,2,0,1.0,-1.0,2.0987410277480563,1.5987410277480563,-0.5,True,0.0,-1.0,,
hvac,combined_hvac_text1_structured1,combined_hvac_text1_structured3,1,1,1,3,0,2.0,-2.0,2.0987410277480563,1.0987410277480563,-1.0,True,0.0,-2.0,,
hvac,combined_hvac_text1_structured1,combined_hvac_text1_structured4,1,1,1,4,0,3.0,-3.0,2.0987410277480563,0.5987410277480563,-1.5,True,0.0,-3.0,,
hvac,combined_hvac_text1_structured1,combined_hvac_text1_structured5,1,1,1,5,0,4.0,-4.0,2.0987410277480563,0.09874102774805626,-2.0,True,0.0,-4.0,,
hvac,combined_hvac_text1_structured1,combined_hvac_text2_structured1,1,1,2,1,0,1.3382960143094476,-1.3382960143094476,2.0987410277480563,1.4295930205933325,-0.6691480071547238,True,-1.3382960143094476,0.0,,
hvac,combined_hvac_text1_structured1,combined_hvac_text2_structured2,1,1,2,2,0,2.3382960143094476,-2.3382960143094476,2.0987410277480563,0.9295930205933325,-1.1691480071547238,True,-1.3382960143094476,-1.0,,
hvac,combined_hvac_text1_structured1,combined_hvac_text2_structured3,1,1,2,3,0,3.3382960143094476,-3.3382960143094476,2.0987410277480563,0.4295930205933325,-1.6691480071547238,True,-1.3382960143094476,-2.0,,
hvac,combined_hvac_text1_structured1,combined_hvac_text2_structured4,1,1,2,4,0,4.338296014309448,-4.338296014309448,2.0987410277480563,-0.07040697940666751,-2.169148007154724,True,-1.3382960143094476,-3.0,,
hvac,combined_hvac_text1_structured1,combined_hvac_text2_structured5,1,1,2,5,0,5.338296014309448,-5.338296014309448,2.0987410277480563,-0.5704069794066675,-2.669148007154724,True,-1.3382960143094476,-4.0,,
hvac,combined_hvac_text1_structured1,combined_hvac_text3_structured1,1,1,3,1,0,1.6728700178868092,-1.6728700178868092,2.0987410277480563,1.2623060188046518,-0.8364350089434045,True,-1.6728700178868092,0.0,,
hvac,combined_hvac_text1_structured1,combined_hvac_text3_structured2,1,1,3,2,0,2.672870017886809,-2.672870017886809,2.0987410277480563,0.7623060188046517,-1.3364350089434045,True,-1.6728700178868092,-1.0,,
hvac,combined_hvac_text1_structured1,combined_hvac_text3_structured3,1,1,3,3,0,3.672870017886809,-3.672870017886809,2.0987410277480563,0.26230601880465165,-1.8364350089434045,True,-1.6728700178868092,-2.0,,
hvac,combined_hvac_text1_structured1,combined_hvac_text3_structured4,1,1,3,4,0,4.672870017886809,-4.672870017886809,2.0987410277480563,-0.23769398119534835,-2.3364350089434045,True,-1.6728700178868092,-3.0,,
hvac,combined_hvac_text1_structured1,combined_hvac_text3_structured5,1,1,3,5,0,5.672870017886809,-5.672870017886809,2.0987410277480563,-0.7376939811953483,-2.8364350089434045,True,-1.6728700178868092,-4.0,,
hvac,combined_hvac_text1_structured1,combined_hvac_text4_structured1,1,1,4,1,0,3.345740035773618,-3.345740035773618,2.0987410277480563,0.42587100986124715,-1.672870017886809,True,-3.345740035773618,0.0,,
hvac,combined_hvac_text1_structured1,combined_hvac_text4_structured2,1,1,4,2,0,4.345740035773618,-4.345740035773618,2.0987410277480563,-0.07412899013875285,-2.172870017886809,True,-3.345740035773618,-1.0,,
hvac,combined_hvac_text1_structured1,combined_hvac_text4_structured3,1,1,4,3,0,5.345740035773618,-5.345740035773618,2.0987410277480563,-0.5741289901387528,-2.672870017886809,True,-3.345740035773618,-2.0,,
hvac,combined_hvac_text1_structured1,combined_hvac_text4_structured4,1,1,4,4,0,6.345740035773618,-6.345740035773618,2.0987410277480563,-1.0741289901387527,-3.172870017886809,True,-3.345740035773618,-3.0,,
hvac,combined_hvac_text1_structured1,combined_hvac_text4_structured5,1,1,4,5,0,7.345740035773618,-7.345740035773618,2.0987410277480563,-1.5741289901387527,-3.672870017886809,True,-3.345740035773618,-4.0,,
hvac,combined_hvac_text1_structured1,combined_hvac_text5_structured1,1,1,5,1,0,3.345740035773618,-3.345740035773618,2.0987410277480563,0.42587100986124715,-1.672870017886809,True,-3.345740035773618,0.0,,
hvac,combined_hvac_text1_structured1,combined_hvac_text5_structured2,1,1,5,2,0,4.345740035773618,-4.345740035773618,2.0987410277480563,-0.07412899013875285,-2.172870017886809,True,-3.345740035773618,-1.0,,
hvac,combined_hvac_text1_structured1,combined_hvac_text5_structured3,1,1,5,3,0,5.345740035773618,-5.345740035773618,2.0987410277480563,-0.5741289901387528,-2.672870017886809,True,-3.345740035773618,-2.0,,
hvac,combined_hvac_text1_structured1,combined_hvac_text5_structured4,1,1,5,4,0,6.345740035773618,-6.345740035773618,2.0987410277480563,-1.0741289901387527,-3.172870017886809,True,-3.345740035773618,-3.0,,
hvac,combined_hvac_text1_structured1,combined_hvac_text5_structured5,1,1,5,5,0,7.345740035773618,-7.345740035773618,2.0987410277480563,-1.5741289901387527,-3.672870017886809,True,-3.345740035773618,-4.0,,
hvac,combined_hvac_text1_structured2,combined_hvac_text1_structured3,1,2,1,3,0,1.0,-1.0,1.5987410277480563,1.0987410277480563,-0.5,True,0.0,-1.0,,
hvac,combined_hvac_text1_structured2,combined_hvac_text1_structured4,1,2,1,4,0,2.0,-2.0,1.5987410277480563,0.5987410277480563,-1.0,True,0.0,-2.0,,
hvac,combined_hvac_text1_structured2,combined_hvac_text1_structured5,1,2,1,5,0,3.0,-3.0,1.5987410277480563,0.09874102774805626,-1.5,True,0.0,-3.0,,
hvac,combined_hvac_text1_structured2,combined_hvac_text2_structured1,1,2,2,1,1.0,1.3382960143094476,-0.33829601430944756,1.5987410277480563,1.4295930205933325,-0.16914800715472378,True,-1.3382960143094476,1.0,,
hvac,combined_hvac_text1_structured2,combined_hvac_text2_structured2,1,2,2,2,0,1.3382960143094476,-1.3382960143094476,1.5987410277480563,0.9295930205933325,-0.6691480071547238,True,-1.3382960143094476,0.0,,
hvac,combined_hvac_text1_structured2,combined_hvac_text2_structured3,1,2,2,3,0,2.3382960143094476,-2.3382960143094476,1.5987410277480563,0.4295930205933325,-1.1691480071547238,True,-1.3382960143094476,-1.0,,
hvac,combined_hvac_text1_structured2,combined_hvac_text2_structured4,1,2,2,4,0,3.3382960143094476,-3.3382960143094476,1.5987410277480563,-0.07040697940666751,-1.6691480071547238,True,-1.3382960143094476,-2.0,,
hvac,combined_hvac_text1_structured2,combined_hvac_text2_structured5,1,2,2,5,0,4.338296014309448,-4.338296014309448,1.5987410277480563,-0.5704069794066675,-2.169148007154724,True,-1.3382960143094476,-3.0,,
hvac,combined_hvac_text1_structured2,combined_hvac_text3_structured1,1,2,3,1,1.0,1.6728700178868092,-0.6728700178868092,1.5987410277480563,1.2623060188046518,-0.3364350089434045,True,-1.6728700178868092,1.0,,
hvac,combined_hvac_text1_structured2,combined_hvac_text3_structured2,1,2,3,2,0,1.6728700178868092,-1.6728700178868092,1.5987410277480563,0.7623060188046517,-0.8364350089434046,True,-1.6728700178868092,0.0,,
hvac,combined_hvac_text1_structured2,combined_hvac_text3_structured3,1,2,3,3,0,2.672870017886809,-2.672870017886809,1.5987410277480563,0.26230601880465165,-1.3364350089434045,True,-1.6728700178868092,-1.0,,
hvac,combined_hvac_text1_structured2,combined_hvac_text3_structured4,1,2,3,4,0,3.672870017886809,-3.672870017886809,1.5987410277480563,-0.23769398119534835,-1.8364350089434045,True,-1.6728700178868092,-2.0,,
hvac,combined_hvac_text1_structured2,combined_hvac_text3_structured5,1,2,3,5,0,4.672870017886809,-4.672870017886809,1.5987410277480563,-0.7376939811953483,-2.3364350089434045,True,-1.6728700178868092,-3.0,,
hvac,combined_hvac_text1_structured2,combined_hvac_text4_structured1,1,2,4,1,1.0,3.345740035773618,-2.345740035773618,1.5987410277480563,0.42587100986124715,-1.172870017886809,True,-3.345740035773618,1.0,,
hvac,combined_hvac_text1_structured2,combined_hvac_text4_structured2,1,2,4,2,0,3.345740035773618,-3.345740035773618,1.5987410277480563,-0.07412899013875285,-1.672870017886809,True,-3.345740035773618,0.0,,
hvac,combined_hvac_text1_structured2,combined_hvac_text4_structured3,1,2,4,3,0,4.345740035773618,-4.345740035773618,1.5987410277480563,-0.5741289901387528,-2.172870017886809,True,-3.345740035773618,-1.0,,
hvac,combined_hvac_text1_structured2,combined_hvac_text4_structured4,1,2,4,4,0,5.345740035773618,-5.345740035773618,1.5987410277480563,-1.0741289901387527,-2.672870017886809,True,-3.345740035773618,-2.0,,
hvac,combined_hvac_text1_structured2,combined_hvac_text4_structured5,1,2,4,5,0,6.345740035773618,-6.345740035773618,1.5987410277480563,-1.5741289901387527,-3.172870017886809,True,-3.345740035773618,-3.0,,
hvac,combined_hvac_text1_structured2,combined_hvac_text5_structured1,1,2,5,1,1.0,3.345740035773618,-2.345740035773618,1.5987410277480563,0.42587100986124715,-1.172870017886809,True,-3.345740035773618,1.0,,
hvac,combined_hvac_text1_structured2,combined_hvac_text5_structured2,1,2,5,2,0,3.345740035773618,-3.345740035773618,1.5987410277480563,-0.07412899013875285,-1.672870017886809,True,-3.345740035773618,0.0,,
hvac,combined_hvac_text1_structured2,combined_hvac_text5_structured3,1,2,5,3,0,4.345740035773618,-4.345740035773618,1.5987410277480563,-0.5741289901387528,-2.172870017886809,True,-3.345740035773618,-1.0,,
hvac,combined_hvac_text1_structured2,combined_hvac_text5_structured4,1,2,5,4,0,5.345740035773618,-5.345740035773618,1.5987410277480563,-1.0741289901387527,-2.672870017886809,True,-3.345740035773618,-2.0,,
hvac,combined_hvac_text1_structured2,combined_hvac_text5_structured5,1,2,5,5,0,6.345740035773618,-6.345740035773618,1.5987410277480563,-1.5741289901387527,-3.172870017886809,True,-3.345740035773618,-3.0,,
hvac,combined_hvac_text1_structured3,combined_hvac_text1_structured4,1,3,1,4,0,1.0,-1.0,1.0987410277480563,0.5987410277480563,-0.5,True,0.0,-1.0,,
hvac,combined_hvac_text1_structured3,combined_hvac_text1_structured5,1,3,1,5,0,2.0,-2.0,1.0987410277480563,0.09874102774805626,-1.0,True,0.0,-2.0,,
hvac,combined_hvac_text1_structured3,combined_hvac_text2_structured1,1,3,2,1,2.0,1.3382960143094476,0.6617039856905524,1.0987410277480563,1.4295930205933325,0.3308519928452762,True,-1.3382960143094476,2.0,,
hvac,combined_hvac_text1_structured3,combined_hvac_text2_structured2,1,3,2,2,1.0,1.3382960143094476,-0.33829601430944756,1.0987410277480563,0.9295930205933325,-0.16914800715472378,True,-1.3382960143094476,1.0,,
hvac,combined_hvac_text1_structured3,combined_hvac_text2_structured3,1,3,2,3,0,1.3382960143094476,-1.3382960143094476,1.0987410277480563,0.4295930205933325,-0.6691480071547238,True,-1.3382960143094476,0.0,,
hvac,combined_hvac_text1_structured3,combined_hvac_text2_structured4,1,3,2,4,0,2.3382960143094476,-2.3382960143094476,1.0987410277480563,-0.07040697940666751,-1.1691480071547238,True,-1.3382960143094476,-1.0,,
hvac,combined_hvac_text1_structured3,combined_hvac_text2_structured5,1,3,2,5,0,3.3382960143094476,-3.3382960143094476,1.0987410277480563,-0.5704069794066675,-1.6691480071547238,True,-1.3382960143094476,-2.0,,
hvac,combined_hvac_text1_structured3,combined_hvac_text3_structured1,1,3,3,1,2.0,1.6728700178868092,0.3271299821131908,1.0987410277480563,1.2623060188046518,0.1635649910565955,True,-1.6728700178868092,2.0,,
hvac,combined_hvac_text1_structured3,combined_hvac_text3_structured2,1,3,3,2,1.0,1.6728700178868092,-0.6728700178868092,1.0987410277480563,0.7623060188046517,-0.3364350089434046,True,-1.6728700178868092,1.0,,
hvac,combined_hvac_text1_structured3,combined_hvac_text3_structured3,1,3,3,3,0,1.6728700178868092,-1.6728700178868092,1.0987410277480563,0.26230601880465165,-0.8364350089434046,True,-1.6728700178868092,0.0,,
hvac,combined_hvac_text1_structured3,combined_hvac_text3_structured4,1,3,3,4,0,2.672870017886809,-2.672870017886809,1.0987410277480563,-0.23769398119534835,-1.3364350089434045,True,-1.6728700178868092,-1.0,,
hvac,combined_hvac_text1_structured3,combined_hvac_text3_structured5,1,3,3,5,0,3.672870017886809,-3.672870017886809,1.0987410277480563,-0.7376939811953483,-1.8364350089434045,True,-1.6728700178868092,-2.0,,
hvac,combined_hvac_text1_structured3,combined_hvac_text4_structured1,1,3,4,1,2.0,3.345740035773618,-1.345740035773618,1.0987410277480563,0.42587100986124715,-0.6728700178868091,True,-3.345740035773618,2.0,,
hvac,combined_hvac_text1_structured3,combined_hvac_text4_structured2,1,3,4,2,1.0,3.345740035773618,-2.345740035773618,1.0987410277480563,-0.07412899013875285,-1.172870017886809,True,-3.345740035773618,1.0,,
hvac,combined_hvac_text1_structured3,combined_hvac_text4_structured3,1,3,4,3,0,3.345740035773618,-3.345740035773618,1.0987410277480563,-0.5741289901387528,-1.672870017886809,True,-3.345740035773618,0.0,,
hvac,combined_hvac_text1_structured3,combined_hvac_text4_structured4,1,3,4,4,0,4.345740035773618,-4.345740035773618,1.0987410277480563,-1.0741289901387527,-2.172870017886809,True,-3.345740035773618,-1.0,,
hvac,combined_hvac_text1_structured3,combined_hvac_text4_structured5,1,3,4,5,0,5.345740035773618,-5.345740035773618,1.0987410277480563,-1.5741289901387527,-2.672870017886809,True,-3.345740035773618,-2.0,,
hvac,combined_hvac_text1_structured3,combined_hvac_text5_structured1,1,3,5,1,2.0,3.345740035773618,-1.345740035773618,1.0987410277480563,0.42587100986124715,-0.6728700178868091,True,-3.345740035773618,2.0,,
hvac,combined_hvac_text1_structured3,combined_hvac_text5_structured2,1,3,5,2,1.0,3.345740035773618,-2.345740035773618,1.0987410277480563,-0.07412899013875285,-1.172870017886809,True,-3.345740035773618,1.0,,
hvac,combined_hvac_text1_structured3,combined_hvac_text5_structured3,1,3,5,3,0,3.345740035773618,-3.345740035773618,1.0987410277480563,-0.5741289901387528,-1.672870017886809,True,-3.345740035773618,0.0,,
hvac,combined_hvac_text1_structured3,combined_hvac_text5_structured4,1,3,5,4,0,4.345740035773618,-4.345740035773618,1.0987410277480563,-1.0741289901387527,-2.172870017886809,True,-3.345740035773618,-1.0,,
hvac,combined_hvac_text1_structured3,combined_hvac_text5_structured5,1,3,5,5,0,5.345740035773618,-5.345740035773618,1.0987410277480563,-1.5741289901387527,-2.672870017886809,True,-3.345740035773618,-2.0,,
hvac,combined_hvac_text1_structured4,combined_hvac_text1_structured5,1,4,1,5,0,1.0,-1.0,0.5987410277480563,0.09874102774805626,-0.5,True,0.0,-1.0,,
hvac,combined_hvac_text1_structured4,combined_hvac_text2_structured1,1,4,2,1,3.0,1.3382960143094476,1.6617039856905524,0.5987410277480563,1.4295930205933325,0.8308519928452762,True,-1.3382960143094476,3.0,,
hvac,combined_hvac_text1_structured4,combined_hvac_text2_structured2,1,4,2,2,2.0,1.3382960143094476,0.6617039856905524,0.5987410277480563,0.9295930205933325,0.3308519928452762,True,-1.3382960143094476,2.0,,
hvac,combined_hvac_text1_structured4,combined_hvac_text2_structured3,1,4,2,3,1.0,1.3382960143094476,-0.33829601430944756,0.5987410277480563,0.4295930205933325,-0.16914800715472378,True,-1.3382960143094476,1.0,,
hvac,combined_hvac_text1_structured4,combined_hvac_text2_structured4,1,4,2,4,0,1.3382960143094476,-1.3382960143094476,0.5987410277480563,-0.07040697940666751,-0.6691480071547238,True,-1.3382960143094476,0.0,,
hvac,combined_hvac_text1_structured4,combined_hvac_text2_structured5,1,4,2,5,0,2.3382960143094476,-2.3382960143094476,0.5987410277480563,-0.5704069794066675,-1.1691480071547238,True,-1.3382960143094476,-1.0,,
hvac,combined_hvac_text1_structured4,combined_hvac_text3_structured1,1,4,3,1,3.0,1.6728700178868092,1.3271299821131908,0.5987410277480563,1.2623060188046518,0.6635649910565955,True,-1.6728700178868092,3.0,,
hvac,combined_hvac_text1_structured4,combined_hvac_text3_structured2,1,4,3,2,2.0,1.6728700178868092,0.3271299821131908,0.5987410277480563,0.7623060188046517,0.1635649910565954,True,-1.6728700178868092,2.0,,
hvac,combined_hvac_text1_structured4,combined_hvac_text3_structured3,1,4,3,3,1.0,1.6728700178868092,-0.6728700178868092,0.5987410277480563,0.26230601880465165,-0.3364350089434046,True,-1.6728700178868092,1.0,,
hvac,combined_hvac_text1_structured4,combined_hvac_text3_structured4,1,4,3,4,0,1.6728700178868092,-1.6728700178868092,0.5987410277480563,-0.23769398119534835,-0.8364350089434046,True,-1.6728700178868092,0.0,,
hvac,combined_hvac_text1_structured4,combined_hvac_text3_structured5,1,4,3,5,0,2.672870017886809,-2.672870017886809,0.5987410277480563,-0.7376939811953483,-1.3364350089434045,True,-1.6728700178868092,-1.0,,
hvac,combined_hvac_text1_structured4,combined_hvac_text4_structured1,1,4,4,1,3.0,3.345740035773618,-0.345740035773618,0.5987410277480563,0.42587100986124715,-0.1728700178868091,True,-3.345740035773618,3.0,,
hvac,combined_hvac_text1_structured4,combined_hvac_text4_structured2,1,4,4,2,2.0,3.345740035773618,-1.345740035773618,0.5987410277480563,-0.07412899013875285,-0.6728700178868091,True,-3.345740035773618,2.0,,
hvac,combined_hvac_text1_structured4,combined_hvac_text4_structured3,1,4,4,3,1.0,3.345740035773618,-2.345740035773618,0.5987410277480563,-0.5741289901387528,-1.172870017886809,True,-3.345740035773618,1.0,,
hvac,combined_hvac_text1_structured4,combined_hvac_text4_structured4,1,4,4,4,0,3.345740035773618,-3.345740035773618,0.5987410277480563,-1.0741289901387527,-1.672870017886809,True,-3.345740035773618,0.0,,
hvac,combined_hvac_text1_structured4,combined_hvac_text4_structured5,1,4,4,5,0,4.345740035773618,-4.345740035773618,0.5987410277480563,-1.5741289901387527,-2.172870017886809,True,-3.345740035773618,-1.0,,
hvac,combined_hvac_text1_structured4,combined_hvac_text5_structured1,1,4,5,1,3.0,3.345740035773618,-0.345740035773618,0.5987410277480563,0.42587100986124715,-0.1728700178868091,True,-3.345740035773618,3.0,,
hvac,combined_hvac_text1_structured4,combined_hvac_text5_structured2,1,4,5,2,2.0,3.345740035773618,-1.345740035773618,0.5987410277480563,-0.07412899013875285,-0.6728700178868091,True,-3.345740035773618,2.0,,
hvac,combined_hvac_text1_structured4,combined_hvac_text5_structured3,1,4,5,3,1.0,3.345740035773618,-2.345740035773618,0.5987410277480563,-0.5741289901387528,-1.172870017886809,True,-3.345740035773618,1.0,,
hvac,combined_hvac_text1_structured4,combined_hvac_text5_structured4,1,4,5,4,0,3.345740035773618,-3.345740035773618,0.5987410277480563,-1.0741289901387527,-1.672870017886809,True,-3.345740035773618,0.0,,
hvac,combined_hvac_text1_structured4,combined_hvac_text5_structured5,1,4,5,5,0,4.345740035773618,-4.345740035773618,0.5987410277480563,-1.5741289901387527,-2.172870017886809,True,-3.345740035773618,-1.0,,
hvac,combined_hvac_text1_structured5,combined_hvac_text2_structured1,1,5,2,1,4.0,1.3382960143094476,2.6617039856905524,0.09874102774805626,1.4295930205933325,1.3308519928452762,True,-1.3382960143094476,4.0,,
hvac,combined_hvac_text1_structured5,combined_hvac_text2_structured2,1,5,2,2,3.0,1.3382960143094476,1.6617039856905524,0.09874102774805626,0.9295930205933325,0.8308519928452762,True,-1.3382960143094476,3.0,,
hvac,combined_hvac_text1_structured5,combined_hvac_text2_structured3,1,5,2,3,2.0,1.3382960143094476,0.6617039856905524,0.09874102774805626,0.4295930205933325,0.3308519928452762,True,-1.3382960143094476,2.0,,
hvac,combined_hvac_text1_structured5,combined_hvac_text2_structured4,1,5,2,4,1.0,1.3382960143094476,-0.33829601430944756,0.09874102774805626,-0.07040697940666751,-0.16914800715472378,True,-1.3382960143094476,1.0,,
hvac,combined_hvac_text1_structured5,combined_hvac_text2_structured5,1,5,2,5,0,1.3382960143094476,-1.3382960143094476,0.09874102774805626,-0.5704069794066675,-0.6691480071547238,True,-1.3382960143094476,0.0,,
hvac,combined_hvac_text1_structured5,combined_hvac_text3_structured1,1,5,3,1,4.0,1.6728700178868092,2.327129982113191,0.09874102774805626,1.2623060188046518,1.1635649910565955,True,-1.6728700178868092,4.0,,
hvac,combined_hvac_text1_structured5,combined_hvac_text3_structured2,1,5,3,2,3.0,1.6728700178868092,1.3271299821131908,0.09874102774805626,0.7623060188046517,0.6635649910565954,True,-1.6728700178868092,3.0,,
hvac,combined_hvac_text1_structured5,combined_hvac_text3_structured3,1,5,3,3,2.0,1.6728700178868092,0.3271299821131908,0.09874102774805626,0.26230601880465165,0.1635649910565954,True,-1.6728700178868092,2.0,,
hvac,combined_hvac_text1_structured5,combined_hvac_text3_structured4,1,5,3,4,1.0,1.6728700178868092,-0.6728700178868092,0.09874102774805626,-0.23769398119534835,-0.3364350089434046,True,-1.6728700178868092,1.0,,
hvac,combined_hvac_text1_structured5,combined_hvac_text3_structured5,1,5,3,5,0,1.6728700178868092,-1.6728700178868092,0.09874102774805626,-0.7376939811953483,-0.8364350089434046,True,-1.6728700178868092,0.0,,
hvac,combined_hvac_text1_structured5,combined_hvac_text4_structured1,1,5,4,1,4.0,3.345740035773618,0.654259964226382,0.09874102774805626,0.42587100986124715,0.3271299821131909,True,-3.345740035773618,4.0,,
hvac,combined_hvac_text1_structured5,combined_hvac_text4_structured2,1,5,4,2,3.0,3.345740035773618,-0.345740035773618,0.09874102774805626,-0.07412899013875285,-0.1728700178868091,True,-3.345740035773618,3.0,,
hvac,combined_hvac_text1_structured5,combined_hvac_text4_structured3,1,5,4,3,2.0,3.345740035773618,-1.345740035773618,0.09874102774805626,-0.5741289901387528,-0.6728700178868091,True,-3.345740035773618,2.0,,
hvac,combined_hvac_text1_structured5,combined_hvac_text4_structured4,1,5,4,4,1.0,3.345740035773618,-2.345740035773618,0.09874102774805626,-1.0741289901387527,-1.172870017886809,True,-3.345740035773618,1.0,,
hvac,combined_hvac_text1_structured5,combined_hvac_text4_structured5,1,5,4,5,0,3.345740035773618,-3.345740035773618,0.09874102774805626,-1.5741289901387527,-1.672870017886809,True,-3.345740035773618,0.0,,
hvac,combined_hvac_text1_structured5,combined_hvac_text5_structured1,1,5,5,1,4.0,3.345740035773618,0.654259964226382,0.09874102774805626,0.42587100986124715,0.3271299821131909,True,-3.345740035773618,4.0,,
hvac,combined_hvac_text1_structured5,combined_hvac_text5_structured2,1,5,5,2,3.0,3.345740035773618,-0.345740035773618,0.09874102774805626,-0.07412899013875285,-0.1728700178868091,True,-3.345740035773618,3.0,,
hvac,combined_hvac_text1_structured5,combined_hvac_text5_structured3,1,5,5,3,2.0,3.345740035773618,-1.345740035773618,0.09874102774805626,-0.5741289901387528,-0.6728700178868091,True,-3.345740035773618,2.0,,
hvac,combined_hvac_text1_structured5,combined_hvac_text5_structured4,1,5,5,4,1.0,3.345740035773618,-2.345740035773618,0.09874102774805626,-1.0741289901387527,-1.172870017886809,True,-3.345740035773618,1.0,,
hvac,combined_hvac_text1_structured5,combined_hvac_text5_structured5,1,5,5,5,0,3.345740035773618,-3.345740035773618,0.09874102774805626,-1.5741289901387527,-1.672870017886809,True,-3.345740035773618,0.0,,
hvac,combined_hvac_text2_structured1,combined_hvac_text2_structured2,2,1,2,2,0,1.0,-1.0,1.4295930205933325,0.9295930205933325,-0.5,True,0.0,-1.0,,
hvac,combined_hvac_text2_structured1,combined_hvac_text2_structured3,2,1,2,3,0,2.0,-2.0,1.4295930205933325,0.4295930205933325,-1.0,True,0.0,-2.0,,
hvac,combined_hvac_text2_structured1,combined_hvac_text2_structured4,2,1,2,4,0,3.0,-3.0,1.4295930205933325,-0.07040697940666751,-1.5,True,0.0,-3.0,,
hvac,combined_hvac_text2_structured1,combined_hvac_text2_structured5,2,1,2,5,0,4.0,-4.0,1.4295930205933325,-0.5704069794066675,-2.0,True,0.0,-4.0,,
hvac,combined_hvac_text2_structured1,combined_hvac_text3_structured1,2,1,3,1,0,0.33457400357736167,-0.33457400357736167,1.4295930205933325,1.2623060188046518,-0.16728700178868072,True,-0.33457400357736167,0.0,,
hvac,combined_hvac_text2_structured1,combined_hvac_text3_structured2,2,1,3,2,0,1.3345740035773617,-1.3345740035773617,1.4295930205933325,0.7623060188046517,-0.6672870017886808,True,-0.33457400357736167,-1.0,,
hvac,combined_hvac_text2_structured1,combined_hvac_text3_structured3,2,1,3,3,0,2.3345740035773614,-2.3345740035773614,1.4295930205933325,0.26230601880465165,-1.1672870017886807,True,-0.33457400357736167,-2.0,,
hvac,combined_hvac_text2_structured1,combined_hvac_text3_structured4,2,1,3,4,0,3.3345740035773614,-3.3345740035773614,1.4295930205933325,-0.23769398119534835,-1.6672870017886807,True,-0.33457400357736167,-3.0,,
hvac,combined_hvac_text2_structured1,combined_hvac_text3_structured5,2,1,3,5,0,4.3345740035773614,-4.3345740035773614,1.4295930205933325,-0.7376939811953483,-2.1672870017886807,True,-0.33457400357736167,-4.0,,
hvac,combined_hvac_text2_structured1,combined_hvac_text4_structured1,2,1,4,1,0,2.0074440214641704,-2.0074440214641704,1.4295930205933325,0.42587100986124715,-1.0037220107320852,True,-2.0074440214641704,0.0,,
hvac,combined_hvac_text2_structured1,combined_hvac_text4_structured2,2,1,4,2,0,3.0074440214641704,-3.0074440214641704,1.4295930205933325,-0.07412899013875285,-1.5037220107320852,True,-2.0074440214641704,-1.0,,
hvac,combined_hvac_text2_structured1,combined_hvac_text4_structured3,2,1,4,3,0,4.0074440214641704,-4.0074440214641704,1.4295930205933325,-0.5741289901387528,-2.0037220107320852,True,-2.0074440214641704,-2.0,,
hvac,combined_hvac_text2_structured1,combined_hvac_text4_structured4,2,1,4,4,0,5.0074440214641704,-5.0074440214641704,1.4295930205933325,-1.0741289901387527,-2.5037220107320852,True,-2.0074440214641704,-3.0,,
hvac,combined_hvac_text2_structured1,combined_hvac_text4_structured5,2,1,4,5,0,6.0074440214641704,-6.0074440214641704,1.4295930205933325,-1.5741289901387527,-3.0037220107320852,True,-2.0074440214641704,-4.0,,
hvac,combined_hvac_text2_structured1,combined_hvac_text5_structured1,2,1,5,1,0,2.0074440214641704,-2.0074440214641704,1.4295930205933325,0.42587100986124715,-1.0037220107320852,True,-2.0074440214641704,0.0,,
hvac,combined_hvac_text2_structured1,combined_hvac_text5_structured2,2,1,5,2,0,3.0074440214641704,-3.0074440214641704,1.4295930205933325,-0.07412899013875285,-1.5037220107320852,True,-2.0074440214641704,-1.0,,
hvac,combined_hvac_text2_structured1,combined_hvac_text5_structured3,2,1,5,3,0,4.0074440214641704,-4.0074440214641704,1.4295930205933325,-0.5741289901387528,-2.0037220107320852,True,-2.0074440214641704,-2.0,,
hvac,combined_hvac_text2_structured1,combined_hvac_text5_structured4,2,1,5,4,0,5.0074440214641704,-5.0074440214641704,1.4295930205933325,-1.0741289901387527,-2.5037220107320852,True,-2.0074440214641704,-3.0,,
hvac,combined_hvac_text2_structured1,combined_hvac_text5_structured5,2,1,5,5,0,6.0074440214641704,-6.0074440214641704,1.4295930205933325,-1.5741289901387527,-3.0037220107320852,True,-2.0074440214641704,-4.0,,
hvac,combined_hvac_text2_structured2,combined_hvac_text2_structured3,2,2,2,3,0,1.0,-1.0,0.9295930205933325,0.4295930205933325,-0.5,True,0.0,-1.0,,
hvac,combined_hvac_text2_structured2,combined_hvac_text2_structured4,2,2,2,4,0,2.0,-2.0,0.9295930205933325,-0.07040697940666751,-1.0,True,0.0,-2.0,,
hvac,combined_hvac_text2_structured2,combined_hvac_text2_structured5,2,2,2,5,0,3.0,-3.0,0.9295930205933325,-0.5704069794066675,-1.5,True,0.0,-3.0,,
hvac,combined_hvac_text2_structured2,combined_hvac_text3_structured1,2,2,3,1,1.0,0.33457400357736167,0.6654259964226383,0.9295930205933325,1.2623060188046518,0.3327129982113193,True,-0.33457400357736167,1.0,,
hvac,combined_hvac_text2_structured2,combined_hvac_text3_structured2,2,2,3,2,0,0.33457400357736167,-0.33457400357736167,0.9295930205933325,0.7623060188046517,-0.16728700178868083,True,-0.33457400357736167,0.0,,
hvac,combined_hvac_text2_structured2,combined_hvac_text3_structured3,2,2,3,3,0,1.3345740035773617,-1.3345740035773617,0.9295930205933325,0.26230601880465165,-0.6672870017886808,True,-0.33457400357736167,-1.0,,
hvac,combined_hvac_text2_structured2,combined_hvac_text3_structured4,2,2,3,4,0,2.3345740035773614,-2.3345740035773614,0.9295930205933325,-0.23769398119534835,-1.1672870017886807,True,-0.33457400357736167,-2.0,,
hvac,combined_hvac_text2_structured2,combined_hvac_text3_structured5,2,2,3,5,0,3.3345740035773614,-3.3345740035773614,0.9295930205933325,-0.7376939811953483,-1.6672870017886807,True,-0.33457400357736167,-3.0,,
hvac,combined_hvac_text2_structured2,combined_hvac_text4_structured1,2,2,4,1,1.0,2.0074440214641704,-1.0074440214641704,0.9295930205933325,0.42587100986124715,-0.5037220107320853,True,-2.0074440214641704,1.0,,
hvac,combined_hvac_text2_structured2,combined_hvac_text4_structured2,2,2,4,2,0,2.0074440214641704,-2.0074440214641704,0.9295930205933325,-0.07412899013875285,-1.0037220107320852,True,-2.0074440214641704,0.0,,
hvac,combined_hvac_text2_structured2,combined_hvac_text4_structured3,2,2,4,3,0,3.0074440214641704,-3.0074440214641704,0.9295930205933325,-0.5741289901387528,-1.5037220107320852,True,-2.0074440214641704,-1.0,,
hvac,combined_hvac_text2_structured2,combined_hvac_text4_structured4,2,2,4,4,0,4.0074440214641704,-4.0074440214641704,0.9295930205933325,-1.0741289901387527,-2.0037220107320852,True,-2.0074440214641704,-2.0,,
hvac,combined_hvac_text2_structured2,combined_hvac_text4_structured5,2,2,4,5,0,5.0074440214641704,-5.0074440214641704,0.9295930205933325,-1.5741289901387527,-2.5037220107320852,True,-2.0074440214641704,-3.0,,
hvac,combined_hvac_text2_structured2,combined_hvac_text5_structured1,2,2,5,1,1.0,2.0074440214641704,-1.0074440214641704,0.9295930205933325,0.42587100986124715,-0.5037220107320853,True,-2.0074440214641704,1.0,,
hvac,combined_hvac_text2_structured2,combined_hvac_text5_structured2,2,2,5,2,0,2.0074440214641704,-2.0074440214641704,0.9295930205933325,-0.07412899013875285,-1.0037220107320852,True,-2.0074440214641704,0.0,,
hvac,combined_hvac_text2_structured2,combined_hvac_text5_structured3,2,2,5,3,0,3.0074440214641704,-3.0074440214641704,0.9295930205933325,-0.5741289901387528,-1.5037220107320852,True,-2.0074440214641704,-1.0,,
hvac,combined_hvac_text2_structured2,combined_hvac_text5_structured4,2,2,5,4,0,4.0074440214641704,-4.0074440214641704,0.9295930205933325,-1.0741289901387527,-2.0037220107320852,True,-2.0074440214641704,-2.0,,
hvac,combined_hvac_text2_structured2,combined_hvac_text5_structured5,2,2,5,5,0,5.0074440214641704,-5.0074440214641704,0.9295930205933325,-1.5741289901387527,-2.5037220107320852,True,-2.0074440214641704,-3.0,,
hvac,combined_hvac_text2_structured3,combined_hvac_text2_structured4,2,3,2,4,0,1.0,-1.0,0.4295930205933325,-0.07040697940666751,-0.5,True,0.0,-1.0,,
hvac,combined_hvac_text2_structured3,combined_hvac_text2_structured5,2,3,2,5,0,2.0,-2.0,0.4295930205933325,-0.5704069794066675,-1.0,True,0.0,-2.0,,
hvac,combined_hvac_text2_structured3,combined_hvac_text3_structured1,2,3,3,1,2.0,0.33457400357736167,1.6654259964226383,0.4295930205933325,1.2623060188046518,0.8327129982113193,True,-0.33457400357736167,2.0,,
hvac,combined_hvac_text2_structured3,combined_hvac_text3_structured2,2,3,3,2,1.0,0.33457400357736167,0.6654259964226383,0.4295930205933325,0.7623060188046517,0.33271299821131917,True,-0.33457400357736167,1.0,,
hvac,combined_hvac_text2_structured3,combined_hvac_text3_structured3,2,3,3,3,0,0.33457400357736167,-0.33457400357736167,0.4295930205933325,0.26230601880465165,-0.16728700178868083,True,-0.33457400357736167,0.0,,
hvac,combined_hvac_text2_structured3,combined_hvac_text3_structured4,2,3,3,4,0,1.3345740035773617,-1.3345740035773617,0.4295930205933325,-0.23769398119534835,-0.6672870017886808,True,-0.33457400357736167,-1.0,,
hvac,combined_hvac_text2_structured3,combined_hvac_text3_structured5,2,3,3,5,0,2.3345740035773614,-2.3345740035773614,0.4295930205933325,-0.7376939811953483,-1.1672870017886807,True,-0.33457400357736167,-2.0,,
hvac,combined_hvac_text2_structured3,combined_hvac_text4_structured1,2,3,4,1,2.0,2.0074440214641704,-0.007444021464170447,0.4295930205933325,0.42587100986124715,-0.0037220107320853346,True,-2.0074440214641704,2.0,,
hvac,combined_hvac_text2_structured3,combined_hvac_text4_structured2,2,3,4,2,1.0,2.0074440214641704,-1.0074440214641704,0.4295930205933325,-0.07412899013875285,-0.5037220107320853,True,-2.0074440214641704,1.0,,
hvac,combined_hvac_text2_structured3,combined_hvac_text4_structured3,2,3,4,3,0,2.0074440214641704,-2.0074440214641704,0.4295930205933325,-0.5741289901387528,-1.0037220107320852,True,-2.0074440214641704,0.0,,
hvac,combined_hvac_text2_structured3,combined_hvac_text4_structured4,2,3,4,4,0,3.0074440214641704,-3.0074440214641704,0.4295930205933325,-1.0741289901387527,-1.5037220107320852,True,-2.0074440214641704,-1.0,,
hvac,combined_hvac_text2_structured3,combined_hvac_text4_structured5,2,3,4,5,0,4.0074440214641704,-4.0074440214641704,0.4295930205933325,-1.5741289901387527,-2.0037220107320852,True,-2.0074440214641704,-2.0,,
hvac,combined_hvac_text2_structured3,combined_hvac_text5_structured1,2,3,5,1,2.0,2.0074440214641704,-0.007444021464170447,0.4295930205933325,0.42587100986124715,-0.0037220107320853346,True,-2.0074440214641704,2.0,,
hvac,combined_hvac_text2_structured3,combined_hvac_text5_structured2,2,3,5,2,1.0,2.0074440214641704,-1.0074440214641704,0.4295930205933325,-0.07412899013875285,-0.5037220107320853,True,-2.0074440214641704,1.0,,
hvac,combined_hvac_text2_structured3,combined_hvac_text5_structured3,2,3,5,3,0,2.0074440214641704,-2.0074440214641704,0.4295930205933325,-0.5741289901387528,-1.0037220107320852,True,-2.0074440214641704,0.0,,
hvac,combined_hvac_text2_structured3,combined_hvac_text5_structured4,2,3,5,4,0,3.0074440214641704,-3.0074440214641704,0.4295930205933325,-1.0741289901387527,-1.5037220107320852,True,-2.0074440214641704,-1.0,,
hvac,combined_hvac_text2_structured3,combined_hvac_text5_structured5,2,3,5,5,0,4.0074440214641704,-4.0074440214641704,0.4295930205933325,-1.5741289901387527,-2.0037220107320852,True,-2.0074440214641704,-2.0,,
hvac,combined_hvac_text2_structured4,combined_hvac_text2_structured5,2,4,2,5,0,1.0,-1.0,-0.07040697940666751,-0.5704069794066675,-0.5,True,0.0,-1.0,,
hvac,combined_hvac_text2_structured4,combined_hvac_text3_structured1,2,4,3,1,3.0,0.33457400357736167,2.6654259964226386,-0.07040697940666751,1.2623060188046518,1.3327129982113193,True,-0.33457400357736167,3.0,,
hvac,combined_hvac_text2_structured4,combined_hvac_text3_structured2,2,4,3,2,2.0,0.33457400357736167,1.6654259964226383,-0.07040697940666751,0.7623060188046517,0.8327129982113192,True,-0.33457400357736167,2.0,,
hvac,combined_hvac_text2_structured4,combined_hvac_text3_structured3,2,4,3,3,1.0,0.33457400357736167,0.6654259964226383,-0.07040697940666751,0.26230601880465165,0.33271299821131917,True,-0.33457400357736167,1.0,,
hvac,combined_hvac_text2_structured4,combined_hvac_text3_structured4,2,4,3,4,0,0.33457400357736167,-0.33457400357736167,-0.07040697940666751,-0.23769398119534835,-0.16728700178868083,True,-0.33457400357736167,0.0,,
hvac,combined_hvac_text2_structured4,combined_hvac_text3_structured5,2,4,3,5,0,1.3345740035773617,-1.3345740035773617,-0.07040697940666751,-0.7376939811953483,-0.6672870017886808,True,-0.33457400357736167,-1.0,,
hvac,combined_hvac_text2_structured4,combined_hvac_text4_structured1,2,4,4,1,3.0,2.0074440214641704,0.9925559785358296,-0.07040697940666751,0.42587100986124715,0.49627798926791467,True,-2.0074440214641704,3.0,,
hvac,combined_hvac_text2_structured4,combined_hvac_text4_structured2,2,4,4,2,2.0,2.0074440214641704,-0.007444021464170447,-0.07040697940666751,-0.07412899013875285,-0.0037220107320853346,True,-2.0074440214641704,2.0,,
hvac,combined_hvac_text2_structured4,combined_hvac_text4_structured3,2,4,4,3,1.0,2.0074440214641704,-1.0074440214641704,-0.07040697940666751,-0.5741289901387528,-0.5037220107320853,True,-2.0074440214641704,1.0,,
hvac,combined_hvac_text2_structured4,combined_hvac_text4_structured4,2,4,4,4,0,2.0074440214641704,-2.0074440214641704,-0.07040697940666751,-1.0741289901387527,-1.0037220107320852,True,-2.0074440214641704,0.0,,
hvac,combined_hvac_text2_structured4,combined_hvac_text4_structured5,2,4,4,5,0,3.0074440214641704,-3.0074440214641704,-0.07040697940666751,-1.5741289901387527,-1.5037220107320852,True,-2.0074440214641704,-1.0,,
hvac,combined_hvac_text2_structured4,combined_hvac_text5_structured1,2,4,5,1,3.0,2.0074440214641704,0.9925559785358296,-0.07040697940666751,0.42587100986124715,0.49627798926791467,True,-2.0074440214641704,3.0,,
hvac,combined_hvac_text2_structured4,combined_hvac_text5_structured2,2,4,5,2,2.0,2.0074440214641704,-0.007444021464170447,-0.07040697940666751,-0.07412899013875285,-0.0037220107320853346,True,-2.0074440214641704,2.0,,
hvac,combined_hvac_text2_structured4,combined_hvac_text5_structured3,2,4,5,3,1.0,2.0074440214641704,-1.0074440214641704,-0.07040697940666751,-0.5741289901387528,-0.5037220107320853,True,-2.0074440214641704,1.0,,
hvac,combined_hvac_text2_structured4,combined_hvac_text5_structured4,2,4,5,4,0,2.0074440214641704,-2.0074440214641704,-0.07040697940666751,-1.0741289901387527,-1.0037220107320852,True,-2.0074440214641704,0.0,,
hvac,combined_hvac_text2_structured4,combined_hvac_text5_structured5,2,4,5,5,0,3.0074440214641704,-3.0074440214641704,-0.07040697940666751,-1.5741289901387527,-1.5037220107320852,True,-2.0074440214641704,-1.0,,
hvac,combined_hvac_text2_structured5,combined_hvac_text3_structured1,2,5,3,1,4.0,0.33457400357736167,3.6654259964226386,-0.5704069794066675,1.2623060188046518,1.8327129982113193,True,-0.33457400357736167,4.0,,
hvac,combined_hvac_text2_structured5,combined_hvac_text3_structured2,2,5,3,2,3.0,0.33457400357736167,2.6654259964226386,-0.5704069794066675,0.7623060188046517,1.3327129982113193,True,-0.33457400357736167,3.0,,
hvac,combined_hvac_text2_structured5,combined_hvac_text3_structured3,2,5,3,3,2.0,0.33457400357736167,1.6654259964226383,-0.5704069794066675,0.26230601880465165,0.8327129982113192,True,-0.33457400357736167,2.0,,
hvac,combined_hvac_text2_structured5,combined_hvac_text3_structured4,2,5,3,4,1.0,0.33457400357736167,0.6654259964226383,-0.5704069794066675,-0.23769398119534835,0.33271299821131917,True,-0.33457400357736167,1.0,,
hvac,combined_hvac_text2_structured5,combined_hvac_text3_structured5,2,5,3,5,0,0.33457400357736167,-0.33457400357736167,-0.5704069794066675,-0.7376939811953483,-0.16728700178868083,True,-0.33457400357736167,0.0,,
hvac,combined_hvac_text2_structured5,combined_hvac_text4_structured1,2,5,4,1,4.0,2.0074440214641704,1.9925559785358296,-0.5704069794066675,0.42587100986124715,0.9962779892679147,True,-2.0074440214641704,4.0,,
hvac,combined_hvac_text2_structured5,combined_hvac_text4_structured2,2,5,4,2,3.0,2.0074440214641704,0.9925559785358296,-0.5704069794066675,-0.07412899013875285,0.49627798926791467,True,-2.0074440214641704,3.0,,
hvac,combined_hvac_text2_structured5,combined_hvac_text4_structured3,2,5,4,3,2.0,2.0074440214641704,-0.007444021464170447,-0.5704069794066675,-0.5741289901387528,-0.0037220107320853346,True,-2.0074440214641704,2.0,,
hvac,combined_hvac_text2_structured5,combined_hvac_text4_structured4,2,5,4,4,1.0,2.0074440214641704,-1.0074440214641704,-0.5704069794066675,-1.0741289901387527,-0.5037220107320852,True,-2.0074440214641704,1.0,,
hvac,combined_hvac_text2_structured5,combined_hvac_text4_structured5,2,5,4,5,0,2.0074440214641704,-2.0074440214641704,-0.5704069794066675,-1.5741289901387527,-1.0037220107320852,True,-2.0074440214641704,0.0,,
hvac,combined_hvac_text2_structured5,combined_hvac_text5_structured1,2,5,5,1,4.0,2.0074440214641704,1.9925559785358296,-0.5704069794066675,0.42587100986124715,0.9962779892679147,True,-2.0074440214641704,4.0,,
hvac,combined_hvac_text2_structured5,combined_hvac_text5_structured2,2,5,5,2,3.0,2.0074440214641704,0.9925559785358296,-0.5704069794066675,-0.07412899013875285,0.49627798926791467,True,-2.0074440214641704,3.0,,
hvac,combined_hvac_text2_structured5,combined_hvac_text5_structured3,2,5,5,3,2.0,2.0074440214641704,-0.007444021464170447,-0.5704069794066675,-0.5741289901387528,-0.0037220107320853346,True,-2.0074440214641704,2.0,,
hvac,combined_hvac_text2_structured5,combined_hvac_text5_structured4,2,5,5,4,1.0,2.0074440214641704,-1.0074440214641704,-0.5704069794066675,-1.0741289901387527,-0.5037220107320852,True,-2.0074440214641704,1.0,,
hvac,combined_hvac_text2_structured5,combined_hvac_text5_structured5,2,5,5,5,0,2.0074440214641704,-2.0074440214641704,-0.5704069794066675,-1.5741289901387527,-1.0037220107320852,True,-2.0074440214641704,0.0,,
hvac,combined_hvac_text3_structured1,combined_hvac_text3_structured2,3,1,3,2,0,1.0,-1.0,1.2623060188046518,0.7623060188046517,-0.5000000000000001,True,0.0,-1.0,,
hvac,combined_hvac_text3_structured1,combined_hvac_text3_structured3,3,1,3,3,0,2.0,-2.0,1.2623060188046518,0.26230601880465165,-1.0,True,0.0,-2.0,,
hvac,combined_hvac_text3_structured1,combined_hvac_text3_structured4,3,1,3,4,0,3.0,-3.0,1.2623060188046518,-0.23769398119534835,-1.5,True,0.0,-3.0,,
hvac,combined_hvac_text3_structured1,combined_hvac_text3_structured5,3,1,3,5,0,4.0,-4.0,1.2623060188046518,-0.7376939811953483,-2.0,True,0.0,-4.0,,
hvac,combined_hvac_text3_structured1,combined_hvac_text4_structured1,3,1,4,1,0,1.672870017886809,-1.672870017886809,1.2623060188046518,0.42587100986124715,-0.8364350089434046,True,-1.672870017886809,0.0,,
hvac,combined_hvac_text3_structured1,combined_hvac_text4_structured2,3,1,4,2,0,2.672870017886809,-2.672870017886809,1.2623060188046518,-0.07412899013875285,-1.3364350089434045,True,-1.672870017886809,-1.0,,
hvac,combined_hvac_text3_structured1,combined_hvac_text4_structured3,3,1,4,3,0,3.672870017886809,-3.672870017886809,1.2623060188046518,-0.5741289901387528,-1.8364350089434045,True,-1.672870017886809,-2.0,,
hvac,combined_hvac_text3_structured1,combined_hvac_text4_structured4,3,1,4,4,0,4.672870017886809,-4.672870017886809,1.2623060188046518,-1.0741289901387527,-2.3364350089434045,True,-1.672870017886809,-3.0,,
hvac,combined_hvac_text3_structured1,combined_hvac_text4_structured5,3,1,4,5,0,5.672870017886809,-5.672870017886809,1.2623060188046518,-1.5741289901387527,-2.8364350089434045,True,-1.672870017886809,-4.0,,
hvac,combined_hvac_text3_structured1,combined_hvac_text5_structured1,3,1,5,1,0,1.672870017886809,-1.672870017886809,1.2623060188046518,0.42587100986124715,-0.8364350089434046,True,-1.672870017886809,0.0,,
hvac,combined_hvac_text3_structured1,combined_hvac_text5_structured2,3,1,5,2,0,2.672870017886809,-2.672870017886809,1.2623060188046518,-0.07412899013875285,-1.3364350089434045,True,-1.672870017886809,-1.0,,
hvac,combined_hvac_text3_structured1,combined_hvac_text5_structured3,3,1,5,3,0,3.672870017886809,-3.672870017886809,1.2623060188046518,-0.5741289901387528,-1.8364350089434045,True,-1.672870017886809,-2.0,,
hvac,combined_hvac_text3_structured1,combined_hvac_text5_structured4,3,1,5,4,0,4.672870017886809,-4.672870017886809,1.2623060188046518,-1.0741289901387527,-2.3364350089434045,True,-1.672870017886809,-3.0,,
hvac,combined_hvac_text3_structured1,combined_hvac_text5_structured5,3,1,5,5,0,5.672870017886809,-5.672870017886809,1.2623060188046518,-1.5741289901387527,-2.8364350089434045,True,-1.672870017886809,-4.0,,
hvac,combined_hvac_text3_structured2,combined_hvac_text3_structured3,3,2,3,3,0,1.0,-1.0,0.7623060188046517,0.26230601880465165,-0.5,True,0.0,-1.0,,
hvac,combined_hvac_text3_structured2,combined_hvac_text3_structured4,3,2,3,4,0,2.0,-2.0,0.7623060188046517,-0.23769398119534835,-1.0,True,0.0,-2.0,,
hvac,combined_hvac_text3_structured2,combined_hvac_text3_structured5,3,2,3,5,0,3.0,-3.0,0.7623060188046517,-0.7376939811953483,-1.5,True,0.0,-3.0,,
hvac,combined_hvac_text3_structured2,combined_hvac_text4_structured1,3,2,4,1,1.0,1.672870017886809,-0.672870017886809,0.7623060188046517,0.42587100986124715,-0.3364350089434045,True,-1.672870017886809,1.0,,
hvac,combined_hvac_text3_structured2,combined_hvac_text4_structured2,3,2,4,2,0,1.672870017886809,-1.672870017886809,0.7623060188046517,-0.07412899013875285,-0.8364350089434045,True,-1.672870017886809,0.0,,
hvac,combined_hvac_text3_structured2,combined_hvac_text4_structured3,3,2,4,3,0,2.672870017886809,-2.672870017886809,0.7623060188046517,-0.5741289901387528,-1.3364350089434045,True,-1.672870017886809,-1.0,,
hvac,combined_hvac_text3_structured2,combined_hvac_text4_structured4,3,2,4,4,0,3.672870017886809,-3.672870017886809,0.7623060188046517,-1.0741289901387527,-1.8364350089434045,True,-1.672870017886809,-2.0,,
hvac,combined_hvac_text3_structured2,combined_hvac_text4_structured5,3,2,4,5,0,4.672870017886809,-4.672870017886809,0.7623060188046517,-1.5741289901387527,-2.3364350089434045,True,-1.672870017886809,-3.0,,
hvac,combined_hvac_text3_structured2,combined_hvac_text5_structured1,3,2,5,1,1.0,1.672870017886809,-0.672870017886809,0.7623060188046517,0.42587100986124715,-0.3364350089434045,True,-1.672870017886809,1.0,,
hvac,combined_hvac_text3_structured2,combined_hvac_text5_structured2,3,2,5,2,0,1.672870017886809,-1.672870017886809,0.7623060188046517,-0.07412899013875285,-0.8364350089434045,True,-1.672870017886809,0.0,,
hvac,combined_hvac_text3_structured2,combined_hvac_text5_structured3,3,2,5,3,0,2.672870017886809,-2.672870017886809,0.7623060188046517,-0.5741289901387528,-1.3364350089434045,True,-1.672870017886809,-1.0,,
hvac,combined_hvac_text3_structured2,combined_hvac_text5_structured4,3,2,5,4,0,3.672870017886809,-3.672870017886809,0.7623060188046517,-1.0741289901387527,-1.8364350089434045,True,-1.672870017886809,-2.0,,
hvac,combined_hvac_text3_structured2,combined_hvac_text5_structured5,3,2,5,5,0,4.672870017886809,-4.672870017886809,0.7623060188046517,-1.5741289901387527,-2.3364350089434045,True,-1.672870017886809,-3.0,,
hvac,combined_hvac_text3_structured3,combined_hvac_text3_structured4,3,3,3,4,0,1.0,-1.0,0.26230601880465165,-0.23769398119534835,-0.5,True,0.0,-1.0,,
hvac,combined_hvac_text3_structured3,combined_hvac_text3_structured5,3,3,3,5,0,2.0,-2.0,0.26230601880465165,-0.7376939811953483,-1.0,True,0.0,-2.0,,
hvac,combined_hvac_text3_structured3,combined_hvac_text4_structured1,3,3,4,1,2.0,1.672870017886809,0.327129982113191,0.26230601880465165,0.42587100986124715,0.1635649910565955,True,-1.672870017886809,2.0,,
hvac,combined_hvac_text3_structured3,combined_hvac_text4_structured2,3,3,4,2,1.0,1.672870017886809,-0.672870017886809,0.26230601880465165,-0.07412899013875285,-0.3364350089434045,True,-1.672870017886809,1.0,,
hvac,combined_hvac_text3_structured3,combined_hvac_text4_structured3,3,3,4,3,0,1.672870017886809,-1.672870017886809,0.26230601880465165,-0.5741289901387528,-0.8364350089434045,True,-1.672870017886809,0.0,,
hvac,combined_hvac_text3_structured3,combined_hvac_text4_structured4,3,3,4,4,0,2.672870017886809,-2.672870017886809,0.26230601880465165,-1.0741289901387527,-1.3364350089434045,True,-1.672870017886809,-1.0,,
hvac,combined_hvac_text3_structured3,combined_hvac_text4_structured5,3,3,4,5,0,3.672870017886809,-3.672870017886809,0.26230601880465165,-1.5741289901387527,-1.8364350089434045,True,-1.672870017886809,-2.0,,
hvac,combined_hvac_text3_structured3,combined_hvac_text5_structured1,3,3,5,1,2.0,1.672870017886809,0.327129982113191,0.26230601880465165,0.42587100986124715,0.1635649910565955,True,-1.672870017886809,2.0,,
hvac,combined_hvac_text3_structured3,combined_hvac_text5_structured2,3,3,5,2,1.0,1.672870017886809,-0.672870017886809,0.26230601880465165,-0.07412899013875285,-0.3364350089434045,True,-1.672870017886809,1.0,,
hvac,combined_hvac_text3_structured3,combined_hvac_text5_structured3,3,3,5,3,0,1.672870017886809,-1.672870017886809,0.26230601880465165,-0.5741289901387528,-0.8364350089434045,True,-1.672870017886809,0.0,,
hvac,combined_hvac_text3_structured3,combined_hvac_text5_structured4,3,3,5,4,0,2.672870017886809,-2.672870017886809,0.26230601880465165,-1.0741289901387527,-1.3364350089434045,True,-1.672870017886809,-1.0,,
hvac,combined_hvac_text3_structured3,combined_hvac_text5_structured5,3,3,5,5,0,3.672870017886809,-3.672870017886809,0.26230601880465165,-1.5741289901387527,-1.8364350089434045,True,-1.672870017886809,-2.0,,
hvac,combined_hvac_text3_structured4,combined_hvac_text3_structured5,3,4,3,5,0,1.0,-1.0,-0.23769398119534835,-0.7376939811953483,-0.5,True,0.0,-1.0,,
hvac,combined_hvac_text3_structured4,combined_hvac_text4_structured1,3,4,4,1,3.0,1.672870017886809,1.327129982113191,-0.23769398119534835,0.42587100986124715,0.6635649910565955,True,-1.672870017886809,3.0,,
hvac,combined_hvac_text3_structured4,combined_hvac_text4_structured2,3,4,4,2,2.0,1.672870017886809,0.327129982113191,-0.23769398119534835,-0.07412899013875285,0.1635649910565955,True,-1.672870017886809,2.0,,
hvac,combined_hvac_text3_structured4,combined_hvac_text4_structured3,3,4,4,3,1.0,1.672870017886809,-0.672870017886809,-0.23769398119534835,-0.5741289901387528,-0.3364350089434045,True,-1.672870017886809,1.0,,
hvac,combined_hvac_text3_structured4,combined_hvac_text4_structured4,3,4,4,4,0,1.672870017886809,-1.672870017886809,-0.23769398119534835,-1.0741289901387527,-0.8364350089434044,True,-1.672870017886809,0.0,,
hvac,combined_hvac_text3_structured4,combined_hvac_text4_structured5,3,4,4,5,0,2.672870017886809,-2.672870017886809,-0.23769398119534835,-1.5741289901387527,-1.3364350089434045,True,-1.672870017886809,-1.0,,
hvac,combined_hvac_text3_structured4,combined_hvac_text5_structured1,3,4,5,1,3.0,1.672870017886809,1.327129982113191,-0.23769398119534835,0.42587100986124715,0.6635649910565955,True,-1.672870017886809,3.0,,
hvac,combined_hvac_text3_structured4,combined_hvac_text5_structured2,3,4,5,2,2.0,1.672870017886809,0.327129982113191,-0.23769398119534835,-0.07412899013875285,0.1635649910565955,True,-1.672870017886809,2.0,,
hvac,combined_hvac_text3_structured4,combined_hvac_text5_structured3,3,4,5,3,1.0,1.672870017886809,-0.672870017886809,-0.23769398119534835,-0.5741289901387528,-0.3364350089434045,True,-1.672870017886809,1.0,,
hvac,combined_hvac_text3_structured4,combined_hvac_text5_structured4,3,4,5,4,0,1.672870017886809,-1.672870017886809,-0.23769398119534835,-1.0741289901387527,-0.8364350089434044,True,-1.672870017886809,0.0,,
hvac,combined_hvac_text3_structured4,combined_hvac_text5_structured5,3,4,5,5,0,2.672870017886809,-2.672870017886809,-0.23769398119534835,-1.5741289901387527,-1.3364350089434045,True,-1.672870017886809,-1.0,,
hvac,combined_hvac_text3_structured5,combined_hvac_text4_structured1,3,5,4,1,4.0,1.672870017886809,2.327129982113191,-0.7376939811953483,0.42587100986124715,1.1635649910565955,True,-1.672870017886809,4.0,,
hvac,combined_hvac_text3_structured5,combined_hvac_text4_structured2,3,5,4,2,3.0,1.672870017886809,1.327129982113191,-0.7376939811953483,-0.07412899013875285,0.6635649910565955,True,-1.672870017886809,3.0,,
hvac,combined_hvac_text3_structured5,combined_hvac_text4_structured3,3,5,4,3,2.0,1.672870017886809,0.327129982113191,-0.7376939811953483,-0.5741289901387528,0.1635649910565955,True,-1.672870017886809,2.0,,
hvac,combined_hvac_text3_structured5,combined_hvac_text4_structured4,3,5,4,4,1.0,1.672870017886809,-0.672870017886809,-0.7376939811953483,-1.0741289901387527,-0.3364350089434044,True,-1.672870017886809,1.0,,
hvac,combined_hvac_text3_structured5,combined_hvac_text4_structured5,3,5,4,5,0,1.672870017886809,-1.672870017886809,-0.7376939811953483,-1.5741289901387527,-0.8364350089434044,True,-1.672870017886809,0.0,,
hvac,combined_hvac_text3_structured5,combined_hvac_text5_structured1,3,5,5,1,4.0,1.672870017886809,2.327129982113191,-0.7376939811953483,0.42587100986124715,1.1635649910565955,True,-1.672870017886809,4.0,,
hvac,combined_hvac_text3_structured5,combined_hvac_text5_structured2,3,5,5,2,3.0,1.672870017886809,1.327129982113191,-0.7376939811953483,-0.07412899013875285,0.6635649910565955,True,-1.672870017886809,3.0,,
hvac,combined_hvac_text3_structured5,combined_hvac_text5_structured3,3,5,5,3,2.0,1.672870017886809,0.327129982113191,-0.7376939811953483,-0.5741289901387528,0.1635649910565955,True,-1.672870017886809,2.0,,
hvac,combined_hvac_text3_structured5,combined_hvac_text5_structured4,3,5,5,4,1.0,1.672870017886809,-0.672870017886809,-0.7376939811953483,-1.0741289901387527,-0.3364350089434044,True,-1.672870017886809,1.0,,
hvac,combined_hvac_text3_structured5,combined_hvac_text5_structured5,3,5,5,5,0,1.672870017886809,-1.672870017886809,-0.7376939811953483,-1.5741289901387527,-0.8364350089434044,True,-1.672870017886809,0.0,,
hvac,combined_hvac_text4_structured1,combined_hvac_text4_structured2,4,1,4,2,0,1.0,-1.0,0.42587100986124715,-0.07412899013875285,-0.5,True,0.0,-1.0,,
hvac,combined_hvac_text4_structured1,combined_hvac_text4_structured3,4,1,4,3,0,2.0,-2.0,0.42587100986124715,-0.5741289901387528,-1.0,True,0.0,-2.0,,
hvac,combined_hvac_text4_structured1,combined_hvac_text4_structured4,4,1,4,4,0,3.0,-3.0,0.42587100986124715,-1.0741289901387527,-1.5,True,0.0,-3.0,,
hvac,combined_hvac_text4_structured1,combined_hvac_text4_structured5,4,1,4,5,0,4.0,-4.0,0.42587100986124715,-1.5741289901387527,-2.0,True,0.0,-4.0,,
hvac,combined_hvac_text4_structured1,combined_hvac_text5_structured1,4,1,5,1,0,0,0,0.42587100986124715,0.42587100986124715,0.0,True,0.0,0.0,,
hvac,combined_hvac_text4_structured1,combined_hvac_text5_structured2,4,1,5,2,0,1.0,-1.0,0.42587100986124715,-0.07412899013875285,-0.5,True,0.0,-1.0,,
hvac,combined_hvac_text4_structured1,combined_hvac_text5_structured3,4,1,5,3,0,2.0,-2.0,0.42587100986124715,-0.5741289901387528,-1.0,True,0.0,-2.0,,
hvac,combined_hvac_text4_structured1,combined_hvac_text5_structured4,4,1,5,4,0,3.0,-3.0,0.42587100986124715,-1.0741289901387527,-1.5,True,0.0,-3.0,,
hvac,combined_hvac_text4_structured1,combined_hvac_text5_structured5,4,1,5,5,0,4.0,-4.0,0.42587100986124715,-1.5741289901387527,-2.0,True,0.0,-4.0,,
hvac,combined_hvac_text4_structured2,combined_hvac_text4_structured3,4,2,4,3,0,1.0,-1.0,-0.07412899013875285,-0.5741289901387528,-0.5,True,0.0,-1.0,,
hvac,combined_hvac_text4_structured2,combined_hvac_text4_structured4,4,2,4,4,0,2.0,-2.0,-0.07412899013875285,-1.0741289901387527,-0.9999999999999999,True,0.0,-2.0,,
hvac,combined_hvac_text4_structured2,combined_hvac_text4_structured5,4,2,4,5,0,3.0,-3.0,-0.07412899013875285,-1.5741289901387527,-1.5,True,0.0,-3.0,,
hvac,combined_hvac_text4_structured2,combined_hvac_text5_structured1,4,2,5,1,1.0,0,1.0,-0.07412899013875285,0.42587100986124715,0.5,True,0.0,1.0,,
hvac,combined_hvac_text4_structured2,combined_hvac_text5_structured2,4,2,5,2,0,0,0,-0.07412899013875285,-0.07412899013875285,0.0,True,0.0,0.0,,
hvac,combined_hvac_text4_structured2,combined_hvac_text5_structured3,4,2,5,3,0,1.0,-1.0,-0.07412899013875285,-0.5741289901387528,-0.5,True,0.0,-1.0,,
hvac,combined_hvac_text4_structured2,combined_hvac_text5_structured4,4,2,5,4,0,2.0,-2.0,-0.07412899013875285,-1.0741289901387527,-0.9999999999999999,True,0.0,-2.0,,
hvac,combined_hvac_text4_structured2,combined_hvac_text5_structured5,4,2,5,5,0,3.0,-3.0,-0.07412899013875285,-1.5741289901387527,-1.5,True,0.0,-3.0,,
hvac,combined_hvac_text4_structured3,combined_hvac_text4_structured4,4,3,4,4,0,1.0,-1.0,-0.5741289901387528,-1.0741289901387527,-0.4999999999999999,True,0.0,-1.0,,
hvac,combined_hvac_text4_structured3,combined_hvac_text4_structured5,4,3,4,5,0,2.0,-2.0,-0.5741289901387528,-1.5741289901387527,-0.9999999999999999,True,0.0,-2.0,,
hvac,combined_hvac_text4_structured3,combined_hvac_text5_structured1,4,3,5,1,2.0,0,2.0,-0.5741289901387528,0.42587100986124715,1.0,True,0.0,2.0,,
hvac,combined_hvac_text4_structured3,combined_hvac_text5_structured2,4,3,5,2,1.0,0,1.0,-0.5741289901387528,-0.07412899013875285,0.5,True,0.0,1.0,,
hvac,combined_hvac_text4_structured3,combined_hvac_text5_structured3,4,3,5,3,0,0,0,-0.5741289901387528,-0.5741289901387528,0.0,True,0.0,0.0,,
hvac,combined_hvac_text4_structured3,combined_hvac_text5_structured4,4,3,5,4,0,1.0,-1.0,-0.5741289901387528,-1.0741289901387527,-0.4999999999999999,True,0.0,-1.0,,
hvac,combined_hvac_text4_structured3,combined_hvac_text5_structured5,4,3,5,5,0,2.0,-2.0,-0.5741289901387528,-1.5741289901387527,-0.9999999999999999,True,0.0,-2.0,,
hvac,combined_hvac_text4_structured4,combined_hvac_text4_structured5,4,4,4,5,0,1.0,-1.0,-1.0741289901387527,-1.5741289901387527,-0.5,True,0.0,-1.0,,
hvac,combined_hvac_text4_structured4,combined_hvac_text5_structured1,4,4,5,1,3.0,0,3.0,-1.0741289901387527,0.42587100986124715,1.5,True,0.0,3.0,,
hvac,combined_hvac_text4_structured4,combined_hvac_text5_structured2,4,4,5,2,2.0,0,2.0,-1.0741289901387527,-0.07412899013875285,0.9999999999999999,True,0.0,2.0,,
hvac,combined_hvac_text4_structured4,combined_hvac_text5_structured3,4,4,5,3,1.0,0,1.0,-1.0741289901387527,-0.5741289901387528,0.4999999999999999,True,0.0,1.0,,
hvac,combined_hvac_text4_structured4,combined_hvac_text5_structured4,4,4,5,4,0,0,0,-1.0741289901387527,-1.0741289901387527,0.0,True,0.0,0.0,,
hvac,combined_hvac_text4_structured4,combined_hvac_text5_structured5,4,4,5,5,0,1.0,-1.0,-1.0741289901387527,-1.5741289901387527,-0.5,True,0.0,-1.0,,
hvac,combined_hvac_text4_structured5,combined_hvac_text5_structured1,4,5,5,1,4.0,0,4.0,-1.5741289901387527,0.42587100986124715,2.0,True,0.0,4.0,,
hvac,combined_hvac_text4_structured5,combined_hvac_text5_structured2,4,5,5,2,3.0,0,3.0,-1.5741289901387527,-0.07412899013875285,1.5,True,0.0,3.0,,
hvac,combined_hvac_text4_structured5,combined_hvac_text5_structured3,4,5,5,3,2.0,0,2.0,-1.5741289901387527,-0.5741289901387528,0.9999999999999999,True,0.0,2.0,,
hvac,combined_hvac_text4_structured5,combined_hvac_text5_structured4,4,5,5,4,1.0,0,1.0,-1.5741289901387527,-1.0741289901387527,0.5,True,0.0,1.0,,
hvac,combined_hvac_text4_structured5,combined_hvac_text5_structured5,4,5,5,5,0,0,0,-1.5741289901387527,-1.5741289901387527,0.0,True,0.0,0.0,,
hvac,combined_hvac_text5_structured1,combined_hvac_text5_structured2,5,1,5,2,0,1.0,-1.0,0.42587100986124715,-0.07412899013875285,-0.5,True,0.0,-1.0,,
hvac,combined_hvac_text5_structured1,combined_hvac_text5_structured3,5,1,5,3,0,2.0,-2.0,0.42587100986124715,-0.5741289901387528,-1.0,True,0.0,-2.0,,
hvac,combined_hvac_text5_structured1,combined_hvac_text5_structured4,5,1,5,4,0,3.0,-3.0,0.42587100986124715,-1.0741289901387527,-1.5,True,0.0,-3.0,,
hvac,combined_hvac_text5_structured1,combined_hvac_text5_structured5,5,1,5,5,0,4.0,-4.0,0.42587100986124715,-1.5741289901387527,-2.0,True,0.0,-4.0,,
hvac,combined_hvac_text5_structured2,combined_hvac_text5_structured3,5,2,5,3,0,1.0,-1.0,-0.07412899013875285,-0.5741289901387528,-0.5,True,0.0,-1.0,,
hvac,combined_hvac_text5_structured2,combined_hvac_text5_structured4,5,2,5,4,0,2.0,-2.0,-0.07412899013875285,-1.0741289901387527,-0.9999999999999999,True,0.0,-2.0,,
hvac,combined_hvac_text5_structured2,combined_hvac_text5_structured5,5,2,5,5,0,3.0,-3.0,-0.07412899013875285,-1.5741289901387527,-1.5,True,0.0,-3.0,,
hvac,combined_hvac_text5_structured3,combined_hvac_text5_structured4,5,3,5,4,0,1.0,-1.0,-0.5741289901387528,-1.0741289901387527,-0.4999999999999999,True,0.0,-1.0,,
hvac,combined_hvac_text5_structured3,combined_hvac_text5_structured5,5,3,5,5,0,2.0,-2.0,-0.5741289901387528,-1.5741289901387527,-0.9999999999999999,True,0.0,-2.0,,
hvac,combined_hvac_text5_structured4,combined_hvac_text5_structured5,5,4,5,5,0,1.0,-1.0,-1.0741289901387527,-1.5741289901387527,-0.5,True,0.0,-1.0,,
insulation,combined_insulation_text1_structured1,combined_insulation_text1_structured2,1,1,1,2,0,1.0,-1.0,1.939979026289088,1.439979026289088,-0.5,True,,,0.0,-1.0
insulation,combined_insulation_text1_structured1,combined_insulation_text1_structured3,1,1,1,3,0,2.0,-2.0,1.939979026289088,0.9399790262890878,-1.0,True,,,0.0,-2.0
insulation,combined_insulation_text1_structured1,combined_insulation_text1_structured4,1,1,1,4,0,3.0,-3.0,1.939979026289088,0.4399790262890878,-1.5,True,,,0.0,-3.0
insulation,combined_insulation_text1_structured1,combined_insulation_text1_structured5,1,1,1,5,0,4.0,-4.0,1.939979026289088,-0.060020973710912195,-2.0,True,,,0.0,-4.0
insulation,combined_insulation_text1_structured1,combined_insulation_text2_structured1,1,1,2,1,0,0,0,1.939979026289088,1.939979026289088,0.0,True,,,0.0,0.0
insulation,combined_insulation_text1_structured1,combined_insulation_text2_structured2,1,1,2,2,0,1.0,-1.0,1.939979026289088,1.439979026289088,-0.5,True,,,0.0,-1.0
insulation,combined_insulation_text1_structured1,combined_insulation_text2_structured3,1,1,2,3,0,2.0,-2.0,1.939979026289088,0.9399790262890878,-1.0,True,,,0.0,-2.0
insulation,combined_insulation_text1_structured1,combined_insulation_text2_structured4,1,1,2,4,0,3.0,-3.0,1.939979026289088,0.4399790262890878,-1.5,True,,,0.0,-3.0
insulation,combined_insulation_text1_structured1,combined_insulation_text2_structured5,1,1,2,5,0,4.0,-4.0,1.939979026289088,-0.060020973710912195,-2.0,True,,,0.0,-4.0
insulation,combined_insulation_text1_structured1,combined_insulation_text3_structured1,1,1,3,1,0,2.056718299582275,-2.056718299582275,1.939979026289088,0.9116198764979502,-1.0283591497911377,True,,,-2.056718299582275,0.0
insulation,combined_insulation_text1_structured1,combined_insulation_text3_structured2,1,1,3,2,0,3.056718299582275,-3.056718299582275,1.939979026289088,0.41161987649795023,-1.5283591497911377,True,,,-2.056718299582275,-1.0
insulation,combined_insulation_text1_structured1,combined_insulation_text3_structured3,1,1,3,3,0,4.0567182995822755,-4.0567182995822755,1.939979026289088,-0.08838012350204977,-2.0283591497911377,True,,,-2.056718299582275,-2.0
insulation,combined_insulation_text1_structured1,combined_insulation_text3_structured4,1,1,3,4,0,5.0567182995822755,-5.0567182995822755,1.939979026289088,-0.5883801235020498,-2.5283591497911377,True,,,-2.056718299582275,-3.0
insulation,combined_insulation_text1_structured1,combined_insulation_text3_structured5,1,1,3,5,0,6.0567182995822755,-6.0567182995822755,1.939979026289088,-1.0883801235020498,-3.0283591497911377,True,,,-2.056718299582275,-4.0
insulation,combined_insulation_text1_structured1,combined_insulation_text4_structured1,1,1,4,1,0,2.3505351995226,-2.3505351995226,1.939979026289088,0.7647114265277878,-1.1752675997613,True,,,-2.3505351995226,0.0
insulation,combined_insulation_text1_structured1,combined_insulation_text4_structured2,1,1,4,2,0,3.3505351995226,-3.3505351995226,1.939979026289088,0.2647114265277878,-1.6752675997613,True,,,-2.3505351995226,-1.0
insulation,combined_insulation_text1_structured1,combined_insulation_text4_structured3,1,1,4,3,0,4.3505351995226,-4.3505351995226,1.939979026289088,-0.23528857347221224,-2.1752675997613,True,,,-2.3505351995226,-2.0
insulation,combined_insulation_text1_structured1,combined_insulation_text4_structured4,1,1,4,4,0,5.3505351995226,-5.3505351995226,1.939979026289088,-0.7352885734722122,-2.6752675997613,True,,,-2.3505351995226,-3.0
insulation,combined_insulation_text1_structured1,combined_insulation_text4_structured5,1,1,4,5,0,6.3505351995226,-6.3505351995226,1.939979026289088,-1.2352885734722123,-3.1752675997613,True,,,-2.3505351995226,-4.0
insulation,combined_insulation_text1_structured1,combined_insulation_text5_structured1,1,1,5,1,0,2.93816899940325,-2.93816899940325,1.939979026289088,0.47089452658746267,-1.4690844997016252,True,,,-2.93816899940325,0.0
insulation,combined_insulation_text1_structured1,combined_insulation_text5_structured2,1,1,5,2,0,3.93816899940325,-3.93816899940325,1.939979026289088,-0.02910547341253733,-1.9690844997016252,True,,,-2.93816899940325,-1.0
insulation,combined_insulation_text1_structured1,combined_insulation_text5_structured3,1,1,5,3,0,4.93816899940325,-4.93816899940325,1.939979026289088,-0.5291054734125373,-2.4690844997016255,True,,,-2.93816899940325,-2.0
insulation,combined_insulation_text1_structured1,combined_insulation_text5_structured4,1,1,5,4,0,5.93816899940325,-5.93816899940325,1.939979026289088,-1.0291054734125373,-2.9690844997016255,True,,,-2.93816899940325,-3.0
insulation,combined_insulation_text1_structured1,combined_insulation_text5_structured5,1,1,5,5,0,6.93816899940325,-6.93816899940325,1.939979026289088,-1.5291054734125373,-3.4690844997016255,True,,,-2.93816899940325,-4.0
insulation,combined_insulation_text1_structured2,combined_insulation_text1_structured3,1,2,1,3,0,1.0,-1.0,1.439979026289088,0.9399790262890878,-0.5000000000000001,True,,,0.0,-1.0
insulation,combined_insulation_text1_structured2,combined_insulation_text1_structured4,1,2,1,4,0,2.0,-2.0,1.439979026289088,0.4399790262890878,-1.0,True,,,0.0,-2.0
insulation,combined_insulation_text1_structured2,combined_insulation_text1_structured5,1,2,1,5,0,3.0,-3.0,1.439979026289088,-0.060020973710912195,-1.5,True,,,0.0,-3.0
insulation,combined_insulation_text1_structured2,combined_insulation_text2_structured1,1,2,2,1,1.0,0,1.0,1.439979026289088,1.939979026289088,0.5,True,,,0.0,1.0
insulation,combined_insulation_text1_structured2,combined_insulation_text2_structured2,1,2,2,2,0,0,0,1.439979026289088,1.439979026289088,0.0,True,,,0.0,0.0
insulation,combined_insulation_text1_structured2,combined_insulation_text2_structured3,1,2,2,3,0,1.0,-1.0,1.439979026289088,0.9399790262890878,-0.5000000000000001,True,,,0.0,-1.0
insulation,combined_insulation_text1_structured2,combined_insulation_text2_structured4,1,2,2,4,0,2.0,-2.0,1.439979026289088,0.4399790262890878,-1.0,True,,,0.0,-2.0
insulation,combined_insulation_text1_structured2,combined_insulation_text2_structured5,1,2,2,5,0,3.0,-3.0,1.439979026289088,-0.060020973710912195,-1.5,True,,,0.0,-3.0
insulation,combined_insulation_text1_structured2,combined_insulation_text3_structured1,1,2,3,1,1.0,2.056718299582275,-1.056718299582275,1.439979026289088,0.9116198764979502,-0.5283591497911377,True,,,-2.056718299582275,1.0
insulation,combined_insulation_text1_structured2,combined_insulation_text3_structured2,1,2,3,2,0,2.056718299582275,-2.056718299582275,1.439979026289088,0.41161987649795023,-1.0283591497911377,True,,,-2.056718299582275,0.0
insulation,combined_insulation_text1_structured2,combined_insulation_text3_structured3,1,2,3,3,0,3.056718299582275,-3.056718299582275,1.439979026289088,-0.08838012350204977,-1.5283591497911377,True,,,-2.056718299582275,-1.0
insulation,combined_insulation_text1_structured2,combined_insulation_text3_structured4,1,2,3,4,0,4.0567182995822755,-4.0567182995822755,1.439979026289088,-0.5883801235020498,-2.0283591497911377,True,,,-2.056718299582275,-2.0
insulation,combined_insulation_text1_structured2,combined_insulation_text3_structured5,1,2,3,5,0,5.0567182995822755,-5.0567182995822755,1.439979026289088,-1.0883801235020498,-2.5283591497911377,True,,,-2.056718299582275,-3.0
insulation,combined_insulation_text1_structured2,combined_insulation_text4_structured1,1,2,4,1,1.0,2.3505351995226,-1.3505351995226,1.439979026289088,0.7647114265277878,-0.6752675997613001,True,,,-2.3505351995226,1.0
insulation,combined_insulation_text1_structured2,combined_insulation_text4_structured2,1,2,4,2,0,2.3505351995226,-2.3505351995226,1.439979026289088,0.2647114265277878,-1.1752675997613,True,,,-2.3505351995226,0.0
insulation,combined_insulation_text1_structured2,combined_insulation_text4_structured3,1,2,4,3,0,3.3505351995226,-3.3505351995226,1.439979026289088,-0.23528857347221224,-1.6752675997613002,True,,,-2.3505351995226,-1.0
insulation,combined_insulation_text1_structured2,combined_insulation_text4_structured4,1,2,4,4,0,4.3505351995226,-4.3505351995226,1.439979026289088,-0.7352885734722122,-2.1752675997613,True,,,-2.3505351995226,-2.0
insulation,combined_insulation_text1_structured2,combined_insulation_text4_structured5,1,2,4,5,0,5.3505351995226,-5.3505351995226,1.439979026289088,-1.2352885734722123,-2.6752675997613,True,,,-2.3505351995226,-3.0
insulation,combined_insulation_text1_structured2,combined_insulation_text5_structured1,1,2,5,1,1.0,2.93816899940325,-1.93816899940325,1.439979026289088,0.47089452658746267,-0.9690844997016252,True,,,-2.93816899940325,1.0
insulation,combined_insulation_text1_structured2,combined_insulation_text5_structured2,1,2,5,2,0,2.93816899940325,-2.93816899940325,1.439979026289088,-0.02910547341253733,-1.4690844997016252,True,,,-2.93816899940325,0.0
insulation,combined_insulation_text1_structured2,combined_insulation_text5_structured3,1,2,5,3,0,3.93816899940325,-3.93816899940325,1.439979026289088,-0.5291054734125373,-1.9690844997016252,True,,,-2.93816899940325,-1.0
insulation,combined_insulation_text1_structured2,combined_insulation_text5_structured4,1,2,5,4,0,4.93816899940325,-4.93816899940325,1.439979026289088,-1.0291054734125373,-2.4690844997016255,True,,,-2.93816899940325,-2.0
insulation,combined_insulation_text1_structured2,combined_insulation_text5_structured5,1,2,5,5,0,5.93816899940325,-5.93816899940325,1.439979026289088,-1.5291054734125373,-2.9690844997016255,True,,,-2.93816899940325,-3.0
insulation,combined_insulation_text1_structured3,combined_insulation_text1_structured4,1,3,1,4,0,1.0,-1.0,0.9399790262890878,0.4399790262890878,-0.5,True,,,0.0,-1.0
insulation,combined_insulation_text1_structured3,combined_insulation_text1_structured5,1,3,1,5,0,2.0,-2.0,0.9399790262890878,-0.060020973710912195,-1.0,True,,,0.0,-2.0
insulation,combined_insulation_text1_structured3,combined_insulation_text2_structured1,1,3,2,1,2.0,0,2.0,0.9399790262890878,1.939979026289088,1.0,True,,,0.0,2.0
insulation,combined_insulation_text1_structured3,combined_insulation_text2_structured2,1,3,2,2,1.0,0,1.0,0.9399790262890878,1.439979026289088,0.5000000000000001,True,,,0.0,1.0
insulation,combined_insulation_text1_structured3,combined_insulation_text2_structured3,1,3,2,3,0,0,0,0.9399790262890878,0.9399790262890878,0.0,True,,,0.0,0.0
insulation,combined_insulation_text1_structured3,combined_insulation_text2_structured4,1,3,2,4,0,1.0,-1.0,0.9399790262890878,0.4399790262890878,-0.5,True,,,0.0,-1.0
insulation,combined_insulation_text1_structured3,combined_insulation_text2_structured5,1,3,2,5,0,2.0,-2.0,0.9399790262890878,-0.060020973710912195,-1.0,True,,,0.0,-2.0
insulation,combined_insulation_text1_structured3,combined_insulation_text3_structured1,1,3,3,1,2.0,2.056718299582275,-0.056718299582275034,0.9399790262890878,0.9116198764979502,-0.028359149791137628,True,,,-2.056718299582275,2.0
insulation,combined_insulation_text1_structured3,combined_insulation_text3_structured2,1,3,3,2,1.0,2.056718299582275,-1.056718299582275,0.9399790262890878,0.41161987649795023,-0.5283591497911375,True,,,-2.056718299582275,1.0
insulation,combined_insulation_text1_structured3,combined_insulation_text3_structured3,1,3,3,3,0,2.056718299582275,-2.056718299582275,0.9399790262890878,-0.08838012350204977,-1.0283591497911375,True,,,-2.056718299582275,0.0
insulation,combined_insulation_text1_structured3,combined_insulation_text3_structured4,1,3,3,4,0,3.056718299582275,-3.056718299582275,0.9399790262890878,-0.5883801235020498,-1.5283591497911377,True,,,-2.056718299582275,-1.0
insulation,combined_insulation_text1_structured3,combined_insulation_text3_structured5,1,3,3,5,0,4.0567182995822755,-4.0567182995822755,0.9399790262890878,-1.0883801235020498,-2.0283591497911377,True,,,-2.056718299582275,-2.0
insulation,combined_insulation_text1_structured3,combined_insulation_text4_structured1,1,3,4,1,2.0,2.3505351995226,-0.35053519952260004,0.9399790262890878,0.7647114265277878,-0.17526759976130002,True,,,-2.3505351995226,2.0
insulation,combined_insulation_text1_structured3,combined_insulation_text4_structured2,1,3,4,2,1.0,2.3505351995226,-1.3505351995226,0.9399790262890878,0.2647114265277878,-0.6752675997613,True,,,-2.3505351995226,1.0
insulation,combined_insulation_text1_structured3,combined_insulation_text4_structured3,1,3,4,3,0,2.3505351995226,-2.3505351995226,0.9399790262890878,-0.23528857347221224,-1.1752675997613,True,,,-2.3505351995226,0.0
insulation,combined_insulation_text1_structured3,combined_insulation_text4_structured4,1,3,4,4,0,3.3505351995226,-3.3505351995226,0.9399790262890878,-0.7352885734722122,-1.6752675997613,True,,,-2.3505351995226,-1.0
insulation,combined_insulation_text1_structured3,combined_insulation_text4_structured5,1,3,4,5,0,4.3505351995226,-4.3505351995226,0.9399790262890878,-1.2352885734722123,-2.1752675997613,True,,,-2.3505351995226,-2.0
insulation,combined_insulation_text1_structured3,combined_insulation_text5_structured1,1,3,5,1,2.0,2.93816899940325,-0.93816899940325,0.9399790262890878,0.47089452658746267,-0.46908449970162513,True,,,-2.93816899940325,2.0
insulation,combined_insulation_text1_structured3,combined_insulation_text5_structured2,1,3,5,2,1.0,2.93816899940325,-1.93816899940325,0.9399790262890878,-0.02910547341253733,-0.9690844997016251,True,,,-2.93816899940325,1.0
insulation,combined_insulation_text1_structured3,combined_insulation_text5_structured3,1,3,5,3,0,2.93816899940325,-2.93816899940325,0.9399790262890878,-0.5291054734125373,-1.469084499701625,True,,,-2.93816899940325,0.0
insulation,combined_insulation_text1_structured3,combined_insulation_text5_structured4,1,3,5,4,0,3.93816899940325,-3.93816899940325,0.9399790262890878,-1.0291054734125373,-1.969084499701625,True,,,-2.93816899940325,-1.0
insulation,combined_insulation_text1_structured3,combined_insulation_text5_structured5,1,3,5,5,0,4.93816899940325,-4.93816899940325,0.9399790262890878,-1.5291054734125373,-2.469084499701625,True,,,-2.93816899940325,-2.0
insulation,combined_insulation_text1_structured4,combined_insulation_text1_structured5,1,4,1,5,0,1.0,-1.0,0.4399790262890878,-0.060020973710912195,-0.5,True,,,0.0,-1.0
insulation,combined_insulation_text1_structured4,combined_insulation_text2_structured1,1,4,2,1,3.0,0,3.0,0.4399790262890878,1.939979026289088,1.5,True,,,0.0,3.0
insulation,combined_insulation_text1_structured4,combined_insulation_text2_structured2,1,4,2,2,2.0,0,2.0,0.4399790262890878,1.439979026289088,1.0,True,,,0.0,2.0
insulation,combined_insulation_text1_structured4,combined_insulation_text2_structured3,1,4,2,3,1.0,0,1.0,0.4399790262890878,0.9399790262890878,0.5,True,,,0.0,1.0
insulation,combined_insulation_text1_structured4,combined_insulation_text2_structured4,1,4,2,4,0,0,0,0.4399790262890878,0.4399790262890878,0.0,True,,,0.0,0.0
insulation,combined_insulation_text1_structured4,combined_insulation_text2_structured5,1,4,2,5,0,1.0,-1.0,0.4399790262890878,-0.060020973710912195,-0.5,True,,,0.0,-1.0
insulation,combined_insulation_text1_structured4,combined_insulation_text3_structured1,1,4,3,1,3.0,2.056718299582275,0.943281700417725,0.4399790262890878,0.9116198764979502,0.47164085020886237,True,,,-2.056718299582275,3.0
insulation,combined_insulation_text1_structured4,combined_insulation_text3_structured2,1,4,3,2,2.0,2.056718299582275,-0.056718299582275034,0.4399790262890878,0.41161987649795023,-0.028359149791137572,True,,,-2.056718299582275,2.0
insulation,combined_insulation_text1_structured4,combined_insulation_text3_structured3,1,4,3,3,1.0,2.056718299582275,-1.056718299582275,0.4399790262890878,-0.08838012350204977,-0.5283591497911375,True,,,-2.056718299582275,1.0
insulation,combined_insulation_text1_structured4,combined_insulation_text3_structured4,1,4,3,4,0,2.056718299582275,-2.056718299582275,0.4399790262890878,-0.5883801235020498,-1.0283591497911377,True,,,-2.056718299582275,0.0
insulation,combined_insulation_text1_structured4,combined_insulation_text3_structured5,1,4,3,5,0,3.056718299582275,-3.056718299582275,0.4399790262890878,-1.0883801235020498,-1.5283591497911377,True,,,-2.056718299582275,-1.0
insulation,combined_insulation_text1_structured4,combined_insulation_text4_structured1,1,4,4,1,3.0,2.3505351995226,0.6494648004774,0.4399790262890878,0.7647114265277878,0.3247324002387,True,,,-2.3505351995226,3.0
insulation,combined_insulation_text1_structured4,combined_insulation_text4_structured2,1,4,4,2,2.0,2.3505351995226,-0.35053519952260004,0.4399790262890878,0.2647114265277878,-0.17526759976130002,True,,,-2.3505351995226,2.0
insulation,combined_insulation_text1_structured4,combined_insulation_text4_structured3,1,4,4,3,1.0,2.3505351995226,-1.3505351995226,0.4399790262890878,-0.23528857347221224,-0.6752675997613,True,,,-2.3505351995226,1.0
insulation,combined_insulation_text1_structured4,combined_insulation_text4_structured4,1,4,4,4,0,2.3505351995226,-2.3505351995226,0.4399790262890878,-0.7352885734722122,-1.1752675997613,True,,,-2.3505351995226,0.0
insulation,combined_insulation_text1_structured4,combined_insulation_text4_structured5,1,4,4,5,0,3.3505351995226,-3.3505351995226,0.4399790262890878,-1.2352885734722123,-1.6752675997613,True,,,-2.3505351995226,-1.0
insulation,combined_insulation_text1_structured4,combined_insulation_text5_structured1,1,4,5,1,3.0,2.93816899940325,0.06183100059674995,0.4399790262890878,0.47089452658746267,0.030915500298374865,True,,,-2.93816899940325,3.0
insulation,combined_insulation_text1_structured4,combined_insulation_text5_structured2,1,4,5,2,2.0,2.93816899940325,-0.93816899940325,0.4399790262890878,-0.02910547341253733,-0.46908449970162513,True,,,-2.93816899940325,2.0
insulation,combined_insulation_text1_structured4,combined_insulation_text5_structured3,1,4,5,3,1.0,2.93816899940325,-1.93816899940325,0.4399790262890878,-0.5291054734125373,-0.9690844997016251,True,,,-2.93816899940325,1.0
insulation,combined_insulation_text1_structured4,combined_insulation_text5_structured4,1,4,5,4,0,2.93816899940325,-2.93816899940325,0.4399790262890878,-1.0291054734125373,-1.469084499701625,True,,,-2.93816899940325,0.0
insulation,combined_insulation_text1_structured4,combined_insulation_text5_structured5,1,4,5,5,0,3.93816899940325,-3.93816899940325,0.4399790262890878,-1.5291054734125373,-1.969084499701625,True,,,-2.93816899940325,-1.0
insulation,combined_insulation_text1_structured5,combined_insulation_text2_structured1,1,5,2,1,4.0,0,4.0,-0.060020973710912195,1.939979026289088,2.0,True,,,0.0,4.0
insulation,combined_insulation_text1_structured5,combined_insulation_text2_structured2,1,5,2,2,3.0,0,3.0,-0.060020973710912195,1.439979026289088,1.5,True,,,0.0,3.0
insulation,combined_insulation_text1_structured5,combined_insulation_text2_structured3,1,5,2,3,2.0,0,2.0,-0.060020973710912195,0.9399790262890878,1.0,True,,,0.0,2.0
insulation,combined_insulation_text1_structured5,combined_insulation_text2_structured4,1,5,2,4,1.0,0,1.0,-0.060020973710912195,0.4399790262890878,0.5,True,,,0.0,1.0
insulation,combined_insulation_text1_structured5,combined_insulation_text2_structured5,1,5,2,5,0,0,0,-0.060020973710912195,-0.060020973710912195,0.0,True,,,0.0,0.0
insulation,combined_insulation_text1_structured5,combined_insulation_text3_structured1,1,5,3,1,4.0,2.056718299582275,1.943281700417725,-0.060020973710912195,0.9116198764979502,0.9716408502088624,True,,,-2.056718299582275,4.0
insulation,combined_insulation_text1_structured5,combined_insulation_text3_structured2,1,5,3,2,3.0,2.056718299582275,0.943281700417725,-0.060020973710912195,0.41161987649795023,0.4716408502088624,True,,,-2.056718299582275,3.0
insulation,combined_insulation_text1_structured5,combined_insulation_text3_structured3,1,5,3,3,2.0,2.056718299582275,-0.056718299582275034,-0.060020973710912195,-0.08838012350204977,-0.028359149791137572,True,,,-2.056718299582275,2.0
insulation,combined_insulation_text1_structured5,combined_insulation_text3_structured4,1,5,3,4,1.0,2.056718299582275,-1.056718299582275,-0.060020973710912195,-0.5883801235020498,-0.5283591497911376,True,,,-2.056718299582275,1.0
insulation,combined_insulation_text1_structured5,combined_insulation_text3_structured5,1,5,3,5,0,2.056718299582275,-2.056718299582275,-0.060020973710912195,-1.0883801235020498,-1.0283591497911377,True,,,-2.056718299582275,0.0
insulation,combined_insulation_text1_structured5,combined_insulation_text4_structured1,1,5,4,1,4.0,2.3505351995226,1.6494648004774,-0.060020973710912195,0.7647114265277878,0.8247324002387,True,,,-2.3505351995226,4.0
insulation,combined_insulation_text1_structured5,combined_insulation_text4_structured2,1,5,4,2,3.0,2.3505351995226,0.6494648004774,-0.060020973710912195,0.2647114265277878,0.3247324002387,True,,,-2.3505351995226,3.0
insulation,combined_insulation_text1_structured5,combined_insulation_text4_structured3,1,5,4,3,2.0,2.3505351995226,-0.35053519952260004,-0.060020973710912195,-0.23528857347221224,-0.17526759976130005,True,,,-2.3505351995226,2.0
insulation,combined_insulation_text1_structured5,combined_insulation_text4_structured4,1,5,4,4,1.0,2.3505351995226,-1.3505351995226,-0.060020973710912195,-0.7352885734722122,-0.6752675997613,True,,,-2.3505351995226,1.0
insulation,combined_insulation_text1_structured5,combined_insulation_text4_structured5,1,5,4,5,0,2.3505351995226,-2.3505351995226,-0.060020973710912195,-1.2352885734722123,-1.1752675997613,True,,,-2.3505351995226,0.0
insulation,combined_insulation_text1_structured5,combined_insulation_text5_structured1,1,5,5,1,4.0,2.93816899940325,1.06183100059675,-0.060020973710912195,0.47089452658746267,0.5309155002983749,True,,,-2.93816899940325,4.0
insulation,combined_insulation_text1_structured5,combined_insulation_text5_structured2,1,5,5,2,3.0,2.93816899940325,0.06183100059674995,-0.060020973710912195,-0.02910547341253733,0.030915500298374865,True,,,-2.93816899940325,3.0
insulation,combined_insulation_text1_structured5,combined_insulation_text5_structured3,1,5,5,3,2.0,2.93816899940325,-0.93816899940325,-0.060020973710912195,-0.5291054734125373,-0.46908449970162513,True,,,-2.93816899940325,2.0
insulation,combined_insulation_text1_structured5,combined_insulation_text5_structured4,1,5,5,4,1.0,2.93816899940325,-1.93816899940325,-0.060020973710912195,-1.0291054734125373,-0.9690844997016251,True,,,-2.93816899940325,1.0
insulation,combined_insulation_text1_structured5,combined_insulation_text5_structured5,1,5,5,5,0,2.93816899940325,-2.93816899940325,-0.060020973710912195,-1.5291054734125373,-1.469084499701625,True,,,-2.93816899940325,0.0
insulation,combined_insulation_text2_structured1,combined_insulation_text2_structured2,2,1,2,2,0,1.0,-1.0,1.939979026289088,1.439979026289088,-0.5,True,,,0.0,-1.0
insulation,combined_insulation_text2_structured1,combined_insulation_text2_structured3,2,1,2,3,0,2.0,-2.0,1.939979026289088,0.9399790262890878,-1.0,True,,,0.0,-2.0
insulation,combined_insulation_text2_structured1,combined_insulation_text2_structured4,2,1,2,4,0,3.0,-3.0,1.939979026289088,0.4399790262890878,-1.5,True,,,0.0,-3.0
insulation,combined_insulation_text2_structured1,combined_insulation_text2_structured5,2,1,2,5,0,4.0,-4.0,1.939979026289088,-0.060020973710912195,-2.0,True,,,0.0,-4.0
insulation,combined_insulation_text2_structured1,combined_insulation_text3_structured1,2,1,3,1,0,2.056718299582275,-2.056718299582275,1.939979026289088,0.9116198764979502,-1.0283591497911377,True,,,-2.056718299582275,0.0
insulation,combined_insulation_text2_structured1,combined_insulation_text3_structured2,2,1,3,2,0,3.056718299582275,-3.056718299582275,1.939979026289088,0.41161987649795023,-1.5283591497911377,True,,,-2.056718299582275,-1.0
insulation,combined_insulation_text2_structured1,combined_insulation_text3_structured3,2,1,3,3,0,4.0567182995822755,-4.0567182995822755,1.939979026289088,-0.08838012350204977,-2.0283591497911377,True,,,-2.056718299582275,-2.0
insulation,combined_insulation_text2_structured1,combined_insulation_text3_structured4,2,1,3,4,0,5.0567182995822755,-5.0567182995822755,1.939979026289088,-0.5883801235020498,-2.5283591497911377,True,,,-2.056718299582275,-3.0
insulation,combined_insulation_text2_structured1,combined_insulation_text3_structured5,2,1,3,5,0,6.0567182995822755,-6.0567182995822755,1.939979026289088,-1.0883801235020498,-3.0283591497911377,True,,,-2.056718299582275,-4.0
insulation,combined_insulation_text2_structured1,combined_insulation_text4_structured1,2,1,4,1,0,2.3505351995226,-2.3505351995226,1.939979026289088,0.7647114265277878,-1.1752675997613,True,,,-2.3505351995226,0.0
insulation,combined_insulation_text2_structured1,combined_insulation_text4_structured2,2,1,4,2,0,3.3505351995226,-3.3505351995226,1.939979026289088,0.2647114265277878,-1.6752675997613,True,,,-2.3505351995226,-1.0
insulation,combined_insulation_text2_structured1,combined_insulation_text4_structured3,2,1,4,3,0,4.3505351995226,-4.3505351995226,1.939979026289088,-0.23528857347221224,-2.1752675997613,True,,,-2.3505351995226,-2.0
insulation,combined_insulation_text2_structured1,combined_insulation_text4_structured4,2,1,4,4,0,5.3505351995226,-5.3505351995226,1.939979026289088,-0.7352885734722122,-2.6752675997613,True,,,-2.3505351995226,-3.0
insulation,combined_insulation_text2_structured1,combined_insulation_text4_structured5,2,1,4,5,0,6.3505351995226,-6.3505351995226,1.939979026289088,-1.2352885734722123,-3.1752675997613,True,,,-2.3505351995226,-4.0
insulation,combined_insulation_text2_structured1,combined_insulation_text5_structured1,2,1,5,1,0,2.93816899940325,-2.93816899940325,1.939979026289088,0.47089452658746267,-1.4690844997016252,True,,,-2.93816899940325,0.0
insulation,combined_insulation_text2_structured1,combined_insulation_text5_structured2,2,1,5,2,0,3.93816899940325,-3.93816899940325,1.939979026289088,-0.02910547341253733,-1.9690844997016252,True,,,-2.93816899940325,-1.0
insulation,combined_insulation_text2_structured1,combined_insulation_text5_structured3,2,1,5,3,0,4.93816899940325,-4.93816899940325,1.939979026289088,-0.5291054734125373,-2.4690844997016255,True,,,-2.93816899940325,-2.0
insulation,combined_insulation_text2_structured1,combined_insulation_text5_structured4,2,1,5,4,0,5.93816899940325,-5.93816899940325,1.939979026289088,-1.0291054734125373,-2.9690844997016255,True,,,-2.93816899940325,-3.0
insulation,combined_insulation_text2_structured1,combined_insulation_text5_structured5,2,1,5,5,0,6.93816899940325,-6.93816899940325,1.939979026289088,-1.5291054734125373,-3.4690844997016255,True,,,-2.93816899940325,-4.0
insulation,combined_insulation_text2_structured2,combined_insulation_text2_structured3,2,2,2,3,0,1.0,-1.0,1.439979026289088,0.9399790262890878,-0.5000000000000001,True,,,0.0,-1.0
insulation,combined_insulation_text2_structured2,combined_insulation_text2_structured4,2,2,2,4,0,2.0,-2.0,1.439979026289088,0.4399790262890878,-1.0,True,,,0.0,-2.0
insulation,combined_insulation_text2_structured2,combined_insulation_text2_structured5,2,2,2,5,0,3.0,-3.0,1.439979026289088,-0.060020973710912195,-1.5,True,,,0.0,-3.0
insulation,combined_insulation_text2_structured2,combined_insulation_text3_structured1,2,2,3,1,1.0,2.056718299582275,-1.056718299582275,1.439979026289088,0.9116198764979502,-0.5283591497911377,True,,,-2.056718299582275,1.0
insulation,combined_insulation_text2_structured2,combined_insulation_text3_structured2,2,2,3,2,0,2.056718299582275,-2.056718299582275,1.439979026289088,0.41161987649795023,-1.0283591497911377,True,,,-2.056718299582275,0.0
insulation,combined_insulation_text2_structured2,combined_insulation_text3_structured3,2,2,3,3,0,3.056718299582275,-3.056718299582275,1.439979026289088,-0.08838012350204977,-1.5283591497911377,True,,,-2.056718299582275,-1.0
insulation,combined_insulation_text2_structured2,combined_insulation_text3_structured4,2,2,3,4,0,4.0567182995822755,-4.0567182995822755,1.439979026289088,-0.5883801235020498,-2.0283591497911377,True,,,-2.056718299582275,-2.0
insulation,combined_insulation_text2_structured2,combined_insulation_text3_structured5,2,2,3,5,0,5.0567182995822755,-5.0567182995822755,1.439979026289088,-1.0883801235020498,-2.5283591497911377,True,,,-2.056718299582275,-3.0
insulation,combined_insulation_text2_structured2,combined_insulation_text4_structured1,2,2,4,1,1.0,2.3505351995226,-1.3505351995226,1.439979026289088,0.7647114265277878,-0.6752675997613001,True,,,-2.3505351995226,1.0
insulation,combined_insulation_text2_structured2,combined_insulation_text4_structured2,2,2,4,2,0,2.3505351995226,-2.3505351995226,1.439979026289088,0.2647114265277878,-1.1752675997613,True,,,-2.3505351995226,0.0
insulation,combined_insulation_text2_structured2,combined_insulation_text4_structured3,2,2,4,3,0,3.3505351995226,-3.3505351995226,1.439979026289088,-0.23528857347221224,-1.6752675997613002,True,,,-2.3505351995226,-1.0
insulation,combined_insulation_text2_structured2,combined_insulation_text4_structured4,2,2,4,4,0,4.3505351995226,-4.3505351995226,1.439979026289088,-0.7352885734722122,-2.1752675997613,True,,,-2.3505351995226,-2.0
insulation,combined_insulation_text2_structured2,combined_insulation_text4_structured5,2,2,4,5,0,5.3505351995226,-5.3505351995226,1.439979026289088,-1.2352885734722123,-2.6752675997613,True,,,-2.3505351995226,-3.0
insulation,combined_insulation_text2_structured2,combined_insulation_text5_structured1,2,2,5,1,1.0,2.93816899940325,-1.93816899940325,1.439979026289088,0.47089452658746267,-0.9690844997016252,True,,,-2.93816899940325,1.0
insulation,combined_insulation_text2_structured2,combined_insulation_text5_structured2,2,2,5,2,0,2.93816899940325,-2.93816899940325,1.439979026289088,-0.02910547341253733,-1.4690844997016252,True,,,-2.93816899940325,0.0
insulation,combined_insulation_text2_structured2,combined_insulation_text5_structured3,2,2,5,3,0,3.93816899940325,-3.93816899940325,1.439979026289088,-0.5291054734125373,-1.9690844997016252,True,,,-2.93816899940325,-1.0
insulation,combined_insulation_text2_structured2,combined_insulation_text5_structured4,2,2,5,4,0,4.93816899940325,-4.93816899940325,1.439979026289088,-1.0291054734125373,-2.4690844997016255,True,,,-2.93816899940325,-2.0
insulation,combined_insulation_text2_structured2,combined_insulation_text5_structured5,2,2,5,5,0,5.93816899940325,-5.93816899940325,1.439979026289088,-1.5291054734125373,-2.9690844997016255,True,,,-2.93816899940325,-3.0
insulation,combined_insulation_text2_structured3,combined_insulation_text2_structured4,2,3,2,4,0,1.0,-1.0,0.9399790262890878,0.4399790262890878,-0.5,True,,,0.0,-1.0
insulation,combined_insulation_text2_structured3,combined_insulation_text2_structured5,2,3,2,5,0,2.0,-2.0,0.9399790262890878,-0.060020973710912195,-1.0,True,,,0.0,-2.0
insulation,combined_insulation_text2_structured3,combined_insulation_text3_structured1,2,3,3,1,2.0,2.056718299582275,-0.056718299582275034,0.9399790262890878,0.9116198764979502,-0.028359149791137628,True,,,-2.056718299582275,2.0
insulation,combined_insulation_text2_structured3,combined_insulation_text3_structured2,2,3,3,2,1.0,2.056718299582275,-1.056718299582275,0.9399790262890878,0.41161987649795023,-0.5283591497911375,True,,,-2.056718299582275,1.0
insulation,combined_insulation_text2_structured3,combined_insulation_text3_structured3,2,3,3,3,0,2.056718299582275,-2.056718299582275,0.9399790262890878,-0.08838012350204977,-1.0283591497911375,True,,,-2.056718299582275,0.0
insulation,combined_insulation_text2_structured3,combined_insulation_text3_structured4,2,3,3,4,0,3.056718299582275,-3.056718299582275,0.9399790262890878,-0.5883801235020498,-1.5283591497911377,True,,,-2.056718299582275,-1.0
insulation,combined_insulation_text2_structured3,combined_insulation_text3_structured5,2,3,3,5,0,4.0567182995822755,-4.0567182995822755,0.9399790262890878,-1.0883801235020498,-2.0283591497911377,True,,,-2.056718299582275,-2.0
insulation,combined_insulation_text2_structured3,combined_insulation_text4_structured1,2,3,4,1,2.0,2.3505351995226,-0.35053519952260004,0.9399790262890878,0.7647114265277878,-0.17526759976130002,True,,,-2.3505351995226,2.0
insulation,combined_insulation_text2_structured3,combined_insulation_text4_structured2,2,3,4,2,1.0,2.3505351995226,-1.3505351995226,0.9399790262890878,0.2647114265277878,-0.6752675997613,True,,,-2.3505351995226,1.0
insulation,combined_insulation_text2_structured3,combined_insulation_text4_structured3,2,3,4,3,0,2.3505351995226,-2.3505351995226,0.9399790262890878,-0.23528857347221224,-1.1752675997613,True,,,-2.3505351995226,0.0
insulation,combined_insulation_text2_structured3,combined_insulation_text4_structured4,2,3,4,4,0,3.3505351995226,-3.3505351995226,0.9399790262890878,-0.7352885734722122,-1.6752675997613,True,,,-2.3505351995226,-1.0
insulation,combined_insulation_text2_structured3,combined_insulation_text4_structured5,2,3,4,5,0,4.3505351995226,-4.3505351995226,0.9399790262890878,-1.2352885734722123,-2.1752675997613,True,,,-2.3505351995226,-2.0
insulation,combined_insulation_text2_structured3,combined_insulation_text5_structured1,2,3,5,1,2.0,2.93816899940325,-0.93816899940325,0.9399790262890878,0.47089452658746267,-0.46908449970162513,True,,,-2.93816899940325,2.0
insulation,combined_insulation_text2_structured3,combined_insulation_text5_structured2,2,3,5,2,1.0,2.93816899940325,-1.93816899940325,0.9399790262890878,-0.02910547341253733,-0.9690844997016251,True,,,-2.93816899940325,1.0
insulation,combined_insulation_text2_structured3,combined_insulation_text5_structured3,2,3,5,3,0,2.93816899940325,-2.93816899940325,0.9399790262890878,-0.5291054734125373,-1.469084499701625,True,,,-2.93816899940325,0.0
insulation,combined_insulation_text2_structured3,combined_insulation_text5_structured4,2,3,5,4,0,3.93816899940325,-3.93816899940325,0.9399790262890878,-1.0291054734125373,-1.969084499701625,True,,,-2.93816899940325,-1.0
insulation,combined_insulation_text2_structured3,combined_insulation_text5_structured5,2,3,5,5,0,4.93816899940325,-4.93816899940325,0.9399790262890878,-1.5291054734125373,-2.469084499701625,True,,,-2.93816899940325,-2.0
insulation,combined_insulation_text2_structured4,combined_insulation_text2_structured5,2,4,2,5,0,1.0,-1.0,0.4399790262890878,-0.060020973710912195,-0.5,True,,,0.0,-1.0
insulation,combined_insulation_text2_structured4,combined_insulation_text3_structured1,2,4,3,1,3.0,2.056718299582275,0.943281700417725,0.4399790262890878,0.9116198764979502,0.47164085020886237,True,,,-2.056718299582275,3.0
insulation,combined_insulation_text2_structured4,combined_insulation_text3_structured2,2,4,3,2,2.0,2.056718299582275,-0.056718299582275034,0.4399790262890878,0.41161987649795023,-0.028359149791137572,True,,,-2.056718299582275,2.0
insulation,combined_insulation_text2_structured4,combined_insulation_text3_structured3,2,4,3,3,1.0,2.056718299582275,-1.056718299582275,0.4399790262890878,-0.08838012350204977,-0.5283591497911375,True,,,-2.056718299582275,1.0
insulation,combined_insulation_text2_structured4,combined_insulation_text3_structured4,2,4,3,4,0,2.056718299582275,-2.056718299582275,0.4399790262890878,-0.5883801235020498,-1.0283591497911377,True,,,-2.056718299582275,0.0
insulation,combined_insulation_text2_structured4,combined_insulation_text3_structured5,2,4,3,5,0,3.056718299582275,-3.056718299582275,0.4399790262890878,-1.0883801235020498,-1.5283591497911377,True,,,-2.056718299582275,-1.0
insulation,combined_insulation_text2_structured4,combined_insulation_text4_structured1,2,4,4,1,3.0,2.3505351995226,0.6494648004774,0.4399790262890878,0.7647114265277878,0.3247324002387,True,,,-2.3505351995226,3.0
insulation,combined_insulation_text2_structured4,combined_insulation_text4_structured2,2,4,4,2,2.0,2.3505351995226,-0.35053519952260004,0.4399790262890878,0.2647114265277878,-0.17526759976130002,True,,,-2.3505351995226,2.0
insulation,combined_insulation_text2_structured4,combined_insulation_text4_structured3,2,4,4,3,1.0,2.3505351995226,-1.3505351995226,0.4399790262890878,-0.23528857347221224,-0.6752675997613,True,,,-2.3505351995226,1.0
insulation,combined_insulation_text2_structured4,combined_insulation_text4_structured4,2,4,4,4,0,2.3505351995226,-2.3505351995226,0.4399790262890878,-0.7352885734722122,-1.1752675997613,True,,,-2.3505351995226,0.0
insulation,combined_insulation_text2_structured4,combined_insulation_text4_structured5,2,4,4,5,0,3.3505351995226,-3.3505351995226,0.4399790262890878,-1.2352885734722123,-1.6752675997613,True,,,-2.3505351995226,-1.0
insulation,combined_insulation_text2_structured4,combined_insulation_text5_structured1,2,4,5,1,3.0,2.93816899940325,0.06183100059674995,0.4399790262890878,0.47089452658746267,0.030915500298374865,True,,,-2.93816899940325,3.0
insulation,combined_insulation_text2_structured4,combined_insulation_text5_structured2,2,4,5,2,2.0,2.93816899940325,-0.93816899940325,0.4399790262890878,-0.02910547341253733,-0.46908449970162513,True,,,-2.93816899940325,2.0
insulation,combined_insulation_text2_structured4,combined_insulation_text5_structured3,2,4,5,3,1.0,2.93816899940325,-1.93816899940325,0.4399790262890878,-0.5291054734125373,-0.9690844997016251,True,,,-2.93816899940325,1.0
insulation,combined_insulation_text2_structured4,combined_insulation_text5_structured4,2,4,5,4,0,2.93816899940325,-2.93816899940325,0.4399790262890878,-1.0291054734125373,-1.469084499701625,True,,,-2.93816899940325,0.0
insulation,combined_insulation_text2_structured4,combined_insulation_text5_structured5,2,4,5,5,0,3.93816899940325,-3.93816899940325,0.4399790262890878,-1.5291054734125373,-1.969084499701625,True,,,-2.93816899940325,-1.0
insulation,combined_insulation_text2_structured5,combined_insulation_text3_structured1,2,5,3,1,4.0,2.056718299582275,1.943281700417725,-0.060020973710912195,0.9116198764979502,0.9716408502088624,True,,,-2.056718299582275,4.0
insulation,combined_insulation_text2_structured5,combined_insulation_text3_structured2,2,5,3,2,3.0,2.056718299582275,0.943281700417725,-0.060020973710912195,0.41161987649795023,0.4716408502088624,True,,,-2.056718299582275,3.0
insulation,combined_insulation_text2_structured5,combined_insulation_text3_structured3,2,5,3,3,2.0,2.056718299582275,-0.056718299582275034,-0.060020973710912195,-0.08838012350204977,-0.028359149791137572,True,,,-2.056718299582275,2.0
insulation,combined_insulation_text2_structured5,combined_insulation_text3_structured4,2,5,3,4,1.0,2.056718299582275,-1.056718299582275,-0.060020973710912195,-0.5883801235020498,-0.5283591497911376,True,,,-2.056718299582275,1.0
insulation,combined_insulation_text2_structured5,combined_insulation_text3_structured5,2,5,3,5,0,2.056718299582275,-2.056718299582275,-0.060020973710912195,-1.0883801235020498,-1.0283591497911377,True,,,-2.056718299582275,0.0
insulation,combined_insulation_text2_structured5,combined_insulation_text4_structured1,2,5,4,1,4.0,2.3505351995226,1.6494648004774,-0.060020973710912195,0.7647114265277878,0.8247324002387,True,,,-2.3505351995226,4.0
insulation,combined_insulation_text2_structured5,combined_insulation_text4_structured2,2,5,4,2,3.0,2.3505351995226,0.6494648004774,-0.060020973710912195,0.2647114265277878,0.3247324002387,True,,,-2.3505351995226,3.0
insulation,combined_insulation_text2_structured5,combined_insulation_text4_structured3,2,5,4,3,2.0,2.3505351995226,-0.35053519952260004,-0.060020973710912195,-0.23528857347221224,-0.17526759976130005,True,,,-2.3505351995226,2.0
insulation,combined_insulation_text2_structured5,combined_insulation_text4_structured4,2,5,4,4,1.0,2.3505351995226,-1.3505351995226,-0.060020973710912195,-0.7352885734722122,-0.6752675997613,True,,,-2.3505351995226,1.0
insulation,combined_insulation_text2_structured5,combined_insulation_text4_structured5,2,5,4,5,0,2.3505351995226,-2.3505351995226,-0.060020973710912195,-1.2352885734722123,-1.1752675997613,True,,,-2.3505351995226,0.0
insulation,combined_insulation_text2_structured5,combined_insulation_text5_structured1,2,5,5,1,4.0,2.93816899940325,1.06183100059675,-0.060020973710912195,0.47089452658746267,0.5309155002983749,True,,,-2.93816899940325,4.0
insulation,combined_insulation_text2_structured5,combined_insulation_text5_structured2,2,5,5,2,3.0,2.93816899940325,0.06183100059674995,-0.060020973710912195,-0.02910547341253733,0.030915500298374865,True,,,-2.93816899940325,3.0
insulation,combined_insulation_text2_structured5,combined_insulation_text5_structured3,2,5,5,3,2.0,2.93816899940325,-0.93816899940325,-0.060020973710912195,-0.5291054734125373,-0.46908449970162513,True,,,-2.93816899940325,2.0
insulation,combined_insulation_text2_structured5,combined_insulation_text5_structured4,2,5,5,4,1.0,2.93816899940325,-1.93816899940325,-0.060020973710912195,-1.0291054734125373,-0.9690844997016251,True,,,-2.93816899940325,1.0
insulation,combined_insulation_text2_structured5,combined_insulation_text5_structured5,2,5,5,5,0,2.93816899940325,-2.93816899940325,-0.060020973710912195,-1.5291054734125373,-1.469084499701625,True,,,-2.93816899940325,0.0
insulation,combined_insulation_text3_structured1,combined_insulation_text3_structured2,3,1,3,2,0,1.0,-1.0,0.9116198764979502,0.41161987649795023,-0.49999999999999994,True,,,0.0,-1.0
insulation,combined_insulation_text3_structured1,combined_insulation_text3_structured3,3,1,3,3,0,2.0,-2.0,0.9116198764979502,-0.08838012350204977,-1.0,True,,,0.0,-2.0
insulation,combined_insulation_text3_structured1,combined_insulation_text3_structured4,3,1,3,4,0,3.0,-3.0,0.9116198764979502,-0.5883801235020498,-1.5,True,,,0.0,-3.0
insulation,combined_insulation_text3_structured1,combined_insulation_text3_structured5,3,1,3,5,0,4.0,-4.0,0.9116198764979502,-1.0883801235020498,-2.0,True,,,0.0,-4.0
insulation,combined_insulation_text3_structured1,combined_insulation_text4_structured1,3,1,4,1,0,0.29381689994032495,-0.29381689994032495,0.9116198764979502,0.7647114265277878,-0.1469084499701624,True,,,-0.29381689994032495,0.0
insulation,combined_insulation_text3_structured1,combined_insulation_text4_structured2,3,1,4,2,0,1.293816899940325,-1.293816899940325,0.9116198764979502,0.2647114265277878,-0.6469084499701624,True,,,-0.29381689994032495,-1.0
insulation,combined_insulation_text3_structured1,combined_insulation_text4_structured3,3,1,4,3,0,2.293816899940325,-2.293816899940325,0.9116198764979502,-0.23528857347221224,-1.1469084499701625,True,,,-0.29381689994032495,-2.0
insulation,combined_insulation_text3_structured1,combined_insulation_text4_structured4,3,1,4,4,0,3.293816899940325,-3.293816899940325,0.9116198764979502,-0.7352885734722122,-1.6469084499701623,True,,,-0.29381689994032495,-3.0
insulation,combined_insulation_text3_structured1,combined_insulation_text4_structured5,3,1,4,5,0,4.293816899940325,-4.293816899940325,0.9116198764979502,-1.2352885734722123,-2.1469084499701623,True,,,-0.29381689994032495,-4.0
insulation,combined_insulation_text3_structured1,combined_insulation_text5_structured1,3,1,5,1,0,0.8814506998209751,-0.8814506998209751,0.9116198764979502,0.47089452658746267,-0.4407253499104875,True,,,-0.8814506998209751,0.0
insulation,combined_insulation_text3_structured1,combined_insulation_text5_structured2,3,1,5,2,0,1.881450699820975,-1.881450699820975,0.9116198764979502,-0.02910547341253733,-0.9407253499104875,True,,,-0.8814506998209751,-1.0
insulation,combined_insulation_text3_structured1,combined_insulation_text5_structured3,3,1,5,3,0,2.881450699820975,-2.881450699820975,0.9116198764979502,-0.5291054734125373,-1.4407253499104875,True,,,-0.8814506998209751,-2.0
insulation,combined_insulation_text3_structured1,combined_insulation_text5_structured4,3,1,5,4,0,3.881450699820975,-3.881450699820975,0.9116198764979502,-1.0291054734125373,-1.9407253499104875,True,,,-0.8814506998209751,-3.0
insulation,combined_insulation_text3_structured1,combined_insulation_text5_structured5,3,1,5,5,0,4.8814506998209755,-4.8814506998209755,0.9116198764979502,-1.5291054734125373,-2.4407253499104877,True,,,-0.8814506998209751,-4.0
insulation,combined_insulation_text3_structured2,combined_insulation_text3_structured3,3,2,3,3,0,1.0,-1.0,0.41161987649795023,-0.08838012350204977,-0.5,True,,,0.0,-1.0
insulation,combined_insulation_text3_structured2,combined_insulation_text3_structured4,3,2,3,4,0,2.0,-2.0,0.41161987649795023,-0.5883801235020498,-1.0,True,,,0.0,-2.0
insulation,combined_insulation_text3_structured2,combined_insulation_text3_structured5,3,2,3,5,0,3.0,-3.0,0.41161987649795023,-1.0883801235020498,-1.5,True,,,0.0,-3.0
insulation,combined_insulation_text3_structured2,combined_insulation_text4_structured1,3,2,4,1,1.0,0.29381689994032495,0.706183100059675,0.41161987649795023,0.7647114265277878,0.35309155002983755,True,,,-0.29381689994032495,1.0
insulation,combined_insulation_text3_structured2,combined_insulation_text4_structured2,3,2,4,2,0,0.29381689994032495,-0.29381689994032495,0.41161987649795023,0.2647114265277878,-0.14690844997016245,True,,,-0.29381689994032495,0.0
insulation,combined_insulation_text3_structured2,combined_insulation_text4_structured3,3,2,4,3,0,1.293816899940325,-1.293816899940325,0.41161987649795023,-0.23528857347221224,-0.6469084499701625,True,,,-0.29381689994032495,-1.0
insulation,combined_insulation_text3_structured2,combined_insulation_text4_structured4,3,2,4,4,0,2.293816899940325,-2.293816899940325,0.41161987649795023,-0.7352885734722122,-1.1469084499701625,True,,,-0.29381689994032495,-2.0
insulation,combined_insulation_text3_structured2,combined_insulation_text4_structured5,3,2,4,5,0,3.293816899940325,-3.293816899940325,0.41161987649795023,-1.2352885734722123,-1.6469084499701625,True,,,-0.29381689994032495,-3.0
insulation,combined_insulation_text3_structured2,combined_insulation_text5_structured1,3,2,5,1,1.0,0.8814506998209751,0.11854930017902487,0.41161987649795023,0.47089452658746267,0.05927465008951244,True,,,-0.8814506998209751,1.0
insulation,combined_insulation_text3_structured2,combined_insulation_text5_structured2,3,2,5,2,0,0.8814506998209751,-0.8814506998209751,0.41161987649795023,-0.02910547341253733,-0.44072534991048756,True,,,-0.8814506998209751,0.0
insulation,combined_insulation_text3_structured2,combined_insulation_text5_structured3,3,2,5,3,0,1.881450699820975,-1.881450699820975,0.41161987649795023,-0.5291054734125373,-0.9407253499104875,True,,,-0.8814506998209751,-1.0
insulation,combined_insulation_text3_structured2,combined_insulation_text5_structured4,3,2,5,4,0,2.881450699820975,-2.881450699820975,0.41161987649795023,-1.0291054734125373,-1.4407253499104875,True,,,-0.8814506998209751,-2.0
insulation,combined_insulation_text3_structured2,combined_insulation_text5_structured5,3,2,5,5,0,3.881450699820975,-3.881450699820975,0.41161987649795023,-1.5291054734125373,-1.9407253499104875,True,,,-0.8814506998209751,-3.0
insulation,combined_insulation_text3_structured3,combined_insulation_text3_structured4,3,3,3,4,0,1.0,-1.0,-0.08838012350204977,-0.5883801235020498,-0.5,True,,,0.0,-1.0
insulation,combined_insulation_text3_structured3,combined_insulation_text3_structured5,3,3,3,5,0,2.0,-2.0,-0.08838012350204977,-1.0883801235020498,-1.0,True,,,0.0,-2.0
insulation,combined_insulation_text3_structured3,combined_insulation_text4_structured1,3,3,4,1,2.0,0.29381689994032495,1.706183100059675,-0.08838012350204977,0.7647114265277878,0.8530915500298375,True,,,-0.29381689994032495,2.0
insulation,combined_insulation_text3_structured3,combined_insulation_text4_structured2,3,3,4,2,1.0,0.29381689994032495,0.706183100059675,-0.08838012350204977,0.2647114265277878,0.35309155002983755,True,,,-0.29381689994032495,1.0
insulation,combined_insulation_text3_structured3,combined_insulation_text4_structured3,3,3,4,3,0,0.29381689994032495,-0.29381689994032495,-0.08838012350204977,-0.23528857347221224,-0.14690844997016247,True,,,-0.29381689994032495,0.0
insulation,combined_insulation_text3_structured3,combined_insulation_text4_structured4,3,3,4,4,0,1.293816899940325,-1.293816899940325,-0.08838012350204977,-0.7352885734722122,-0.6469084499701625,True,,,-0.29381689994032495,-1.0
insulation,combined_insulation_text3_structured3,combined_insulation_text4_structured5,3,3,4,5,0,2.293816899940325,-2.293816899940325,-0.08838012350204977,-1.2352885734722123,-1.1469084499701625,True,,,-0.29381689994032495,-2.0
insulation,combined_insulation_text3_structured3,combined_insulation_text5_structured1,3,3,5,1,2.0,0.8814506998209751,1.118549300179025,-0.08838012350204977,0.47089452658746267,0.5592746500895125,True,,,-0.8814506998209751,2.0
insulation,combined_insulation_text3_structured3,combined_insulation_text5_structured2,3,3,5,2,1.0,0.8814506998209751,0.11854930017902487,-0.08838012350204977,-0.02910547341253733,0.05927465008951244,True,,,-0.8814506998209751,1.0
insulation,combined_insulation_text3_structured3,combined_insulation_text5_structured3,3,3,5,3,0,0.8814506998209751,-0.8814506998209751,-0.08838012350204977,-0.5291054734125373,-0.44072534991048756,True,,,-0.8814506998209751,0.0
insulation,combined_insulation_text3_structured3,combined_insulation_text5_structured4,3,3,5,4,0,1.881450699820975,-1.881450699820975,-0.08838012350204977,-1.0291054734125373,-0.9407253499104875,True,,,-0.8814506998209751,-1.0
insulation,combined_insulation_text3_structured3,combined_insulation_text5_structured5,3,3,5,5,0,2.881450699820975,-2.881450699820975,-0.08838012350204977,-1.5291054734125373,-1.4407253499104875,True,,,-0.8814506998209751,-2.0
insulation,combined_insulation_text3_structured4,combined_insulation_text3_structured5,3,4,3,5,0,1.0,-1.0,-0.5883801235020498,-1.0883801235020498,-0.5,True,,,0.0,-1.0
insulation,combined_insulation_text3_structured4,combined_insulation_text4_structured1,3,4,4,1,3.0,0.29381689994032495,2.706183100059675,-0.5883801235020498,0.7647114265277878,1.3530915500298377,True,,,-0.29381689994032495,3.0
insulation,combined_insulation_text3_structured4,combined_insulation_text4_structured2,3,4,4,2,2.0,0.29381689994032495,1.706183100059675,-0.5883801235020498,0.2647114265277878,0.8530915500298376,True,,,-0.29381689994032495,2.0
insulation,combined_insulation_text3_structured4,combined_insulation_text4_structured3,3,4,4,3,1.0,0.29381689994032495,0.706183100059675,-0.5883801235020498,-0.23528857347221224,0.3530915500298376,True,,,-0.29381689994032495,1.0
insulation,combined_insulation_text3_structured4,combined_insulation_text4_structured4,3,4,4,4,0,0.29381689994032495,-0.29381689994032495,-0.5883801235020498,-0.7352885734722122,-0.1469084499701624,True,,,-0.29381689994032495,0.0
insulation,combined_insulation_text3_structured4,combined_insulation_text4_structured5,3,4,4,5,0,1.293816899940325,-1.293816899940325,-0.5883801235020498,-1.2352885734722123,-0.6469084499701625,True,,,-0.29381689994032495,-1.0
insulation,combined_insulation_text3_structured4,combined_insulation_text5_structured1,3,4,5,1,3.0,0.8814506998209751,2.118549300179025,-0.5883801235020498,0.47089452658746267,1.0592746500895125,True,,,-0.8814506998209751,3.0
insulation,combined_insulation_text3_structured4,combined_insulation_text5_structured2,3,4,5,2,2.0,0.8814506998209751,1.118549300179025,-0.5883801235020498,-0.02910547341253733,0.5592746500895125,True,,,-0.8814506998209751,2.0
insulation,combined_insulation_text3_structured4,combined_insulation_text5_structured3,3,4,5,3,1.0,0.8814506998209751,0.11854930017902487,-0.5883801235020498,-0.5291054734125373,0.05927465008951249,True,,,-0.8814506998209751,1.0
insulation,combined_insulation_text3_structured4,combined_insulation_text5_structured4,3,4,5,4,0,0.8814506998209751,-0.8814506998209751,-0.5883801235020498,-1.0291054734125373,-0.4407253499104875,True,,,-0.8814506998209751,0.0
insulation,combined_insulation_text3_structured4,combined_insulation_text5_structured5,3,4,5,5,0,1.881450699820975,-1.881450699820975,-0.5883801235020498,-1.5291054734125373,-0.9407253499104875,True,,,-0.8814506998209751,-1.0
insulation,combined_insulation_text3_structured5,combined_insulation_text4_structured1,3,5,4,1,4.0,0.29381689994032495,3.706183100059675,-1.0883801235020498,0.7647114265277878,1.8530915500298377,True,,,-0.29381689994032495,4.0
insulation,combined_insulation_text3_structured5,combined_insulation_text4_structured2,3,5,4,2,3.0,0.29381689994032495,2.706183100059675,-1.0883801235020498,0.2647114265277878,1.3530915500298377,True,,,-0.29381689994032495,3.0
insulation,combined_insulation_text3_structured5,combined_insulation_text4_structured3,3,5,4,3,2.0,0.29381689994032495,1.706183100059675,-1.0883801235020498,-0.23528857347221224,0.8530915500298376,True,,,-0.29381689994032495,2.0
insulation,combined_insulation_text3_structured5,combined_insulation_text4_structured4,3,5,4,4,1.0,0.29381689994032495,0.706183100059675,-1.0883801235020498,-0.7352885734722122,0.3530915500298376,True,,,-0.29381689994032495,1.0
insulation,combined_insulation_text3_structured5,combined_insulation_text4_structured5,3,5,4,5,0,0.29381689994032495,-0.29381689994032495,-1.0883801235020498,-1.2352885734722123,-0.1469084499701625,True,,,-0.29381689994032495,0.0
insulation,combined_insulation_text3_structured5,combined_insulation_text5_structured1,3,5,5,1,4.0,0.8814506998209751,3.118549300179025,-1.0883801235020498,0.47089452658746267,1.5592746500895125,True,,,-0.8814506998209751,4.0
insulation,combined_insulation_text3_structured5,combined_insulation_text5_structured2,3,5,5,2,3.0,0.8814506998209751,2.118549300179025,-1.0883801235020498,-0.02910547341253733,1.0592746500895125,True,,,-0.8814506998209751,3.0
insulation,combined_insulation_text3_structured5,combined_insulation_text5_structured3,3,5,5,3,2.0,0.8814506998209751,1.118549300179025,-1.0883801235020498,-0.5291054734125373,0.5592746500895125,True,,,-0.8814506998209751,2.0
insulation,combined_insulation_text3_structured5,combined_insulation_text5_structured4,3,5,5,4,1.0,0.8814506998209751,0.11854930017902487,-1.0883801235020498,-1.0291054734125373,0.05927465008951249,True,,,-0.8814506998209751,1.0
insulation,combined_insulation_text3_structured5,combined_insulation_text5_structured5,3,5,5,5,0,0.8814506998209751,-0.8814506998209751,-1.0883801235020498,-1.5291054734125373,-0.4407253499104875,True,,,-0.8814506998209751,0.0
insulation,combined_insulation_text4_structured1,combined_insulation_text4_structured2,4,1,4,2,0,1.0,-1.0,0.7647114265277878,0.2647114265277878,-0.5,True,,,0.0,-1.0
insulation,combined_insulation_text4_structured1,combined_insulation_text4_structured3,4,1,4,3,0,2.0,-2.0,0.7647114265277878,-0.23528857347221224,-1.0,True,,,0.0,-2.0
insulation,combined_insulation_text4_structured1,combined_insulation_text4_structured4,4,1,4,4,0,3.0,-3.0,0.7647114265277878,-0.7352885734722122,-1.5,True,,,0.0,-3.0
insulation,combined_insulation_text4_structured1,combined_insulation_text4_structured5,4,1,4,5,0,4.0,-4.0,0.7647114265277878,-1.2352885734722123,-2.0,True,,,0.0,-4.0
insulation,combined_insulation_text4_structured1,combined_insulation_text5_structured1,4,1,5,1,0,0.5876337998806502,-0.5876337998806502,0.7647114265277878,0.47089452658746267,-0.2938168999403251,True,,,-0.5876337998806502,0.0
insulation,combined_insulation_text4_structured1,combined_insulation_text5_structured2,4,1,5,2,0,1.5876337998806502,-1.5876337998806502,0.7647114265277878,-0.02910547341253733,-0.7938168999403251,True,,,-0.5876337998806502,-1.0
insulation,combined_insulation_text4_structured1,combined_insulation_text5_structured3,4,1,5,3,0,2.58763379988065,-2.58763379988065,0.7647114265277878,-0.5291054734125373,-1.293816899940325,True,,,-0.5876337998806502,-2.0
insulation,combined_insulation_text4_structured1,combined_insulation_text5_structured4,4,1,5,4,0,3.58763379988065,-3.58763379988065,0.7647114265277878,-1.0291054734125373,-1.793816899940325,True,,,-0.5876337998806502,-3.0
insulation,combined_insulation_text4_structured1,combined_insulation_text5_structured5,4,1,5,5,0,4.58763379988065,-4.58763379988065,0.7647114265277878,-1.5291054734125373,-2.293816899940325,True,,,-0.5876337998806502,-4.0
insulation,combined_insulation_text4_structured2,combined_insulation_text4_structured3,4,2,4,3,0,1.0,-1.0,0.2647114265277878,-0.23528857347221224,-0.5,True,,,0.0,-1.0
insulation,combined_insulation_text4_structured2,combined_insulation_text4_structured4,4,2,4,4,0,2.0,-2.0,0.2647114265277878,-0.7352885734722122,-1.0,True,,,0.0,-2.0
insulation,combined_insulation_text4_structured2,combined_insulation_text4_structured5,4,2,4,5,0,3.0,-3.0,0.2647114265277878,-1.2352885734722123,-1.5,True,,,0.0,-3.0
insulation,combined_insulation_text4_structured2,combined_insulation_text5_structured1,4,2,5,1,1.0,0.5876337998806502,0.41236620011934977,0.2647114265277878,0.47089452658746267,0.20618310005967488,True,,,-0.5876337998806502,1.0
insulation,combined_insulation_text4_structured2,combined_insulation_text5_structured2,4,2,5,2,0,0.5876337998806502,-0.5876337998806502,0.2647114265277878,-0.02910547341253733,-0.2938168999403251,True,,,-0.5876337998806502,0.0
insulation,combined_insulation_text4_structured2,combined_insulation_text5_structured3,4,2,5,3,0,1.5876337998806502,-1.5876337998806502,0.2647114265277878,-0.5291054734125373,-0.7938168999403251,True,,,-0.5876337998806502,-1.0
insulation,combined_insulation_text4_structured2,combined_insulation_text5_structured4,4,2,5,4,0,2.58763379988065,-2.58763379988065,0.2647114265277878,-1.0291054734125373,-1.293816899940325,True,,,-0.5876337998806502,-2.0
insulation,combined_insulation_text4_structured2,combined_insulation_text5_structured5,4,2,5,5,0,3.58763379988065,-3.58763379988065,0.2647114265277878,-1.5291054734125373,-1.793816899940325,True,,,-0.5876337998806502,-3.0
insulation,combined_insulation_text4_structured3,combined_insulation_text4_structured4,4,3,4,4,0,1.0,-1.0,-0.23528857347221224,-0.7352885734722122,-0.5,True,,,0.0,-1.0
insulation,combined_insulation_text4_structured3,combined_insulation_text4_structured5,4,3,4,5,0,2.0,-2.0,-0.23528857347221224,-1.2352885734722123,-1.0,True,,,0.0,-2.0
insulation,combined_insulation_text4_structured3,combined_insulation_text5_structured1,4,3,5,1,2.0,0.5876337998806502,1.4123662001193498,-0.23528857347221224,0.47089452658746267,0.7061831000596749,True,,,-0.5876337998806502,2.0
insulation,combined_insulation_text4_structured3,combined_insulation_text5_structured2,4,3,5,2,1.0,0.5876337998806502,0.41236620011934977,-0.23528857347221224,-0.02910547341253733,0.2061831000596749,True,,,-0.5876337998806502,1.0
insulation,combined_insulation_text4_structured3,combined_insulation_text5_structured3,4,3,5,3,0,0.5876337998806502,-0.5876337998806502,-0.23528857347221224,-0.5291054734125373,-0.2938168999403251,True,,,-0.5876337998806502,0.0
insulation,combined_insulation_text4_structured3,combined_insulation_text5_structured4,4,3,5,4,0,1.5876337998806502,-1.5876337998806502,-0.23528857347221224,-1.0291054734125373,-0.7938168999403251,True,,,-0.5876337998806502,-1.0
insulation,combined_insulation_text4_structured3,combined_insulation_text5_structured5,4,3,5,5,0,2.58763379988065,-2.58763379988065,-0.23528857347221224,-1.5291054734125373,-1.293816899940325,True,,,-0.5876337998806502,-2.0
insulation,combined_insulation_text4_structured4,combined_insulation_text4_structured5,4,4,4,5,0,1.0,-1.0,-0.7352885734722122,-1.2352885734722123,-0.5000000000000001,True,,,0.0,-1.0
insulation,combined_insulation_text4_structured4,combined_insulation_text5_structured1,4,4,5,1,3.0,0.5876337998806502,2.41236620011935,-0.7352885734722122,0.47089452658746267,1.206183100059675,True,,,-0.5876337998806502,3.0
insulation,combined_insulation_text4_structured4,combined_insulation_text5_structured2,4,4,5,2,2.0,0.5876337998806502,1.4123662001193498,-0.7352885734722122,-0.02910547341253733,0.7061831000596749,True,,,-0.5876337998806502,2.0
insulation,combined_insulation_text4_structured4,combined_insulation_text5_structured3,4,4,5,3,1.0,0.5876337998806502,0.41236620011934977,-0.7352885734722122,-0.5291054734125373,0.20618310005967488,True,,,-0.5876337998806502,1.0
insulation,combined_insulation_text4_structured4,combined_insulation_text5_structured4,4,4,5,4,0,0.5876337998806502,-0.5876337998806502,-0.7352885734722122,-1.0291054734125373,-0.2938168999403251,True,,,-0.5876337998806502,0.0
insulation,combined_insulation_text4_structured4,combined_insulation_text5_structured5,4,4,5,5,0,1.5876337998806502,-1.5876337998806502,-0.7352885734722122,-1.5291054734125373,-0.7938168999403251,True,,,-0.5876337998806502,-1.0
insulation,combined_insulation_text4_structured5,combined_insulation_text5_structured1,4,5,5,1,4.0,0.5876337998806502,3.41236620011935,-1.2352885734722123,0.47089452658746267,1.706183100059675,True,,,-0.5876337998806502,4.0
insulation,combined_insulation_text4_structured5,combined_insulation_text5_structured2,4,5,5,2,3.0,0.5876337998806502,2.41236620011935,-1.2352885734722123,-0.02910547341253733,1.206183100059675,True,,,-0.5876337998806502,3.0
insulation,combined_insulation_text4_structured5,combined_insulation_text5_structured3,4,5,5,3,2.0,0.5876337998806502,1.4123662001193498,-1.2352885734722123,-0.5291054734125373,0.706183100059675,True,,,-0.5876337998806502,2.0
insulation,combined_insulation_text4_structured5,combined_insulation_text5_structured4,4,5,5,4,1.0,0.5876337998806502,0.41236620011934977,-1.2352885734722123,-1.0291054734125373,0.206183100059675,True,,,-0.5876337998806502,1.0
insulation,combined_insulation_text4_structured5,combined_insulation_text5_structured5,4,5,5,5,0,0.5876337998806502,-0.5876337998806502,-1.2352885734722123,-1.5291054734125373,-0.293816899940325,True,,,-0.5876337998806502,0.0
insulation,combined_insulation_text5_structured1,combined_insulation_text5_structured2,5,1,5,2,0,1.0,-1.0,0.47089452658746267,-0.02910547341253733,-0.5,True,,,0.0,-1.0
insulation,combined_insulation_text5_structured1,combined_insulation_text5_structured3,5,1,5,3,0,2.0,-2.0,0.47089452658746267,-0.5291054734125373,-1.0,True,,,0.0,-2.0
insulation,combined_insulation_text5_structured1,combined_insulation_text5_structured4,5,1,5,4,0,3.0,-3.0,0.47089452658746267,-1.0291054734125373,-1.5,True,,,0.0,-3.0
insulation,combined_insulation_text5_structured1,combined_insulation_text5_structured5,5,1,5,5,0,4.0,-4.0,0.47089452658746267,-1.5291054734125373,-2.0,True,,,0.0,-4.0
insulation,combined_insulation_text5_structured2,combined_insulation_text5_structured3,5,2,5,3,0,1.0,-1.0,-0.02910547341253733,-0.5291054734125373,-0.5,True,,,0.0,-1.0
insulation,combined_insulation_text5_structured2,combined_insulation_text5_structured4,5,2,5,4,0,2.0,-2.0,-0.02910547341253733,-1.0291054734125373,-1.0,True,,,0.0,-2.0
insulation,combined_insulation_text5_structured2,combined_insulation_text5_structured5,5,2,5,5,0,3.0,-3.0,-0.02910547341253733,-1.5291054734125373,-1.5,True,,,0.0,-3.0
insulation,combined_insulation_text5_structured3,combined_insulation_text5_structured4,5,3,5,4,0,1.0,-1.0,-0.5291054734125373,-1.0291054734125373,-0.5,True,,,0.0,-1.0
insulation,combined_insulation_text5_structured3,combined_insulation_text5_structured5,5,3,5,5,0,2.0,-2.0,-0.5291054734125373,-1.5291054734125373,-1.0,True,,,0.0,-2.0
insulation,combined_insulation_text5_structured4,combined_insulation_text5_structured5,5,4,5,5,0,1.0,-1.0,-1.0291054734125373,-1.5291054734125373,-0.5,True,,,0.0,-1.0
